[30-Nov-2025 23:34:51 Asia/Ho_Chi_Minh] PHP Warning:  Undefined variable $baseUrl in C:\xampp\htdocs\bookstore\resources\views\pages\home.php on line 6
[30-Nov-2025 23:34:51 Asia/Ho_Chi_Minh] PHP Deprecated:  rtrim(): Passing null to parameter #1 ($string) of type string is deprecated in C:\xampp\htdocs\bookstore\resources\views\pages\home.php on line 6
[30-Nov-2025 23:34:51 Asia/Ho_Chi_Minh] PHP Warning:  Undefined variable $appName in C:\xampp\htdocs\bookstore\resources\views\pages\home.php on line 7
[30-Nov-2025 23:34:51 Asia/Ho_Chi_Minh] PHP Deprecated:  htmlspecialchars(): Passing null to parameter #1 ($string) of type string is deprecated in C:\xampp\htdocs\bookstore\resources\views\pages\home.php on line 7
[30-Nov-2025 23:34:51 Asia/Ho_Chi_Minh] PHP Warning:  Undefined variable $baseUrl in C:\xampp\htdocs\bookstore\resources\views\pages\home.php on line 10
[30-Nov-2025 23:34:51 Asia/Ho_Chi_Minh] PHP Warning:  Undefined variable $baseUrl in C:\xampp\htdocs\bookstore\resources\views\pages\home.php on line 11
[30-Nov-2025 23:34:51 Asia/Ho_Chi_Minh] PHP Warning:  Undefined variable $baseUrl in C:\xampp\htdocs\bookstore\resources\views\pages\home.php on line 18
[30-Nov-2025 23:34:51 Asia/Ho_Chi_Minh] PHP Warning:  Undefined variable $baseUrl in C:\xampp\htdocs\bookstore\resources\views\pages\home.php on line 22
[30-Nov-2025 23:34:51 Asia/Ho_Chi_Minh] PHP Warning:  Undefined variable $baseUrl in C:\xampp\htdocs\bookstore\resources\views\pages\home.php on line 171
[30-Nov-2025 23:34:51 Asia/Ho_Chi_Minh] PHP Warning:  Undefined variable $baseUrl in C:\xampp\htdocs\bookstore\resources\views\pages\home.php on line 186
[30-Nov-2025 23:34:51 Asia/Ho_Chi_Minh] PHP Warning:  Undefined variable $baseUrl in C:\xampp\htdocs\bookstore\resources\views\pages\home.php on line 201
[30-Nov-2025 23:34:51 Asia/Ho_Chi_Minh] PHP Warning:  Undefined variable $baseUrl in C:\xampp\htdocs\bookstore\resources\views\pages\home.php on line 233
[30-Nov-2025 23:34:51 Asia/Ho_Chi_Minh] PHP Warning:  Undefined variable $baseUrl in C:\xampp\htdocs\bookstore\resources\views\pages\home.php on line 234
[30-Nov-2025 23:34:51 Asia/Ho_Chi_Minh] PHP Warning:  Undefined variable $baseUrl in C:\xampp\htdocs\bookstore\resources\views\pages\home.php on line 235
[30-Nov-2025 23:34:51 Asia/Ho_Chi_Minh] PHP Warning:  Undefined variable $baseUrl in C:\xampp\htdocs\bookstore\resources\views\pages\home.php on line 236
[30-Nov-2025 23:34:51 Asia/Ho_Chi_Minh] PHP Warning:  Undefined variable $baseUrl in C:\xampp\htdocs\bookstore\resources\views\pages\home.php on line 237
[30-Nov-2025 23:34:51 Asia/Ho_Chi_Minh] PHP Warning:  Undefined variable $baseUrl in C:\xampp\htdocs\bookstore\resources\views\pages\home.php on line 238
[30-Nov-2025 23:34:51 Asia/Ho_Chi_Minh] PHP Warning:  Undefined variable $baseUrl in C:\xampp\htdocs\bookstore\resources\views\pages\home.php on line 239
[30-Nov-2025 23:34:51 Asia/Ho_Chi_Minh] PHP Warning:  Undefined variable $baseUrl in C:\xampp\htdocs\bookstore\resources\views\pages\home.php on line 240
[30-Nov-2025 23:34:51 Asia/Ho_Chi_Minh] PHP Warning:  Undefined variable $baseUrl in C:\xampp\htdocs\bookstore\resources\views\pages\home.php on line 241
[30-Nov-2025 23:34:51 Asia/Ho_Chi_Minh] PHP Warning:  Undefined variable $baseUrl in C:\xampp\htdocs\bookstore\resources\views\pages\home.php on line 242
[30-Nov-2025 23:34:51 Asia/Ho_Chi_Minh] PHP Warning:  Undefined variable $baseUrl in C:\xampp\htdocs\bookstore\resources\views\pages\home.php on line 249
[30-Nov-2025 23:34:51 Asia/Ho_Chi_Minh] PHP Warning:  Undefined variable $baseUrl in C:\xampp\htdocs\bookstore\resources\views\pages\home.php on line 276
[30-Nov-2025 23:34:51 Asia/Ho_Chi_Minh] PHP Warning:  Undefined variable $baseUrl in C:\xampp\htdocs\bookstore\resources\views\pages\home.php on line 282
[30-Nov-2025 23:34:51 Asia/Ho_Chi_Minh] PHP Warning:  Undefined variable $baseUrl in C:\xampp\htdocs\bookstore\resources\views\pages\home.php on line 308
[30-Nov-2025 23:34:51 Asia/Ho_Chi_Minh] PHP Warning:  Undefined variable $baseUrl in C:\xampp\htdocs\bookstore\resources\views\pages\home.php on line 282
[30-Nov-2025 23:34:51 Asia/Ho_Chi_Minh] PHP Warning:  Undefined variable $baseUrl in C:\xampp\htdocs\bookstore\resources\views\pages\home.php on line 308
[30-Nov-2025 23:34:51 Asia/Ho_Chi_Minh] PHP Warning:  Undefined variable $baseUrl in C:\xampp\htdocs\bookstore\resources\views\pages\home.php on line 282
[30-Nov-2025 23:34:51 Asia/Ho_Chi_Minh] PHP Warning:  Undefined variable $baseUrl in C:\xampp\htdocs\bookstore\resources\views\pages\home.php on line 308
[30-Nov-2025 23:34:51 Asia/Ho_Chi_Minh] PHP Warning:  Undefined variable $baseUrl in C:\xampp\htdocs\bookstore\resources\views\pages\home.php on line 282
[30-Nov-2025 23:34:51 Asia/Ho_Chi_Minh] PHP Warning:  Undefined variable $baseUrl in C:\xampp\htdocs\bookstore\resources\views\pages\home.php on line 308
[30-Nov-2025 23:34:51 Asia/Ho_Chi_Minh] PHP Warning:  Undefined variable $baseUrl in C:\xampp\htdocs\bookstore\resources\views\pages\home.php on line 326
[30-Nov-2025 23:34:51 Asia/Ho_Chi_Minh] PHP Warning:  Undefined variable $baseUrl in C:\xampp\htdocs\bookstore\resources\views\pages\home.php on line 331
[30-Nov-2025 23:34:51 Asia/Ho_Chi_Minh] PHP Warning:  Undefined variable $baseUrl in C:\xampp\htdocs\bookstore\resources\views\pages\home.php on line 357
[30-Nov-2025 23:34:51 Asia/Ho_Chi_Minh] PHP Warning:  Undefined variable $baseUrl in C:\xampp\htdocs\bookstore\resources\views\pages\home.php on line 331
[30-Nov-2025 23:34:51 Asia/Ho_Chi_Minh] PHP Warning:  Undefined variable $baseUrl in C:\xampp\htdocs\bookstore\resources\views\pages\home.php on line 357
[30-Nov-2025 23:34:51 Asia/Ho_Chi_Minh] PHP Warning:  Undefined variable $baseUrl in C:\xampp\htdocs\bookstore\resources\views\pages\home.php on line 331
[30-Nov-2025 23:34:51 Asia/Ho_Chi_Minh] PHP Warning:  Undefined variable $baseUrl in C:\xampp\htdocs\bookstore\resources\views\pages\home.php on line 357
[30-Nov-2025 23:34:51 Asia/Ho_Chi_Minh] PHP Warning:  Undefined variable $baseUrl in C:\xampp\htdocs\bookstore\resources\views\pages\home.php on line 331
[30-Nov-2025 23:34:51 Asia/Ho_Chi_Minh] PHP Warning:  Undefined variable $baseUrl in C:\xampp\htdocs\bookstore\resources\views\pages\home.php on line 357
[30-Nov-2025 23:34:51 Asia/Ho_Chi_Minh] PHP Warning:  Undefined variable $baseUrl in C:\xampp\htdocs\bookstore\resources\views\pages\home.php on line 375
[30-Nov-2025 23:34:51 Asia/Ho_Chi_Minh] PHP Warning:  Undefined variable $baseUrl in C:\xampp\htdocs\bookstore\resources\views\pages\home.php on line 380
[30-Nov-2025 23:34:51 Asia/Ho_Chi_Minh] PHP Warning:  Undefined variable $baseUrl in C:\xampp\htdocs\bookstore\resources\views\pages\home.php on line 406
[30-Nov-2025 23:34:51 Asia/Ho_Chi_Minh] PHP Warning:  Undefined variable $baseUrl in C:\xampp\htdocs\bookstore\resources\views\pages\home.php on line 380
[30-Nov-2025 23:34:51 Asia/Ho_Chi_Minh] PHP Warning:  Undefined variable $baseUrl in C:\xampp\htdocs\bookstore\resources\views\pages\home.php on line 406
[30-Nov-2025 23:34:51 Asia/Ho_Chi_Minh] PHP Warning:  Undefined variable $baseUrl in C:\xampp\htdocs\bookstore\resources\views\pages\home.php on line 380
[30-Nov-2025 23:34:51 Asia/Ho_Chi_Minh] PHP Warning:  Undefined variable $baseUrl in C:\xampp\htdocs\bookstore\resources\views\pages\home.php on line 406
[30-Nov-2025 23:34:51 Asia/Ho_Chi_Minh] PHP Warning:  Undefined variable $baseUrl in C:\xampp\htdocs\bookstore\resources\views\pages\home.php on line 380
[30-Nov-2025 23:34:51 Asia/Ho_Chi_Minh] PHP Warning:  Undefined variable $baseUrl in C:\xampp\htdocs\bookstore\resources\views\pages\home.php on line 406
[30-Nov-2025 23:34:51 Asia/Ho_Chi_Minh] PHP Warning:  Undefined variable $baseUrl in C:\xampp\htdocs\bookstore\resources\views\pages\home.php on line 428
[30-Nov-2025 23:34:51 Asia/Ho_Chi_Minh] PHP Warning:  Undefined variable $baseUrl in C:\xampp\htdocs\bookstore\resources\views\layout\header.php on line 7
[30-Nov-2025 23:34:51 Asia/Ho_Chi_Minh] PHP Deprecated:  rtrim(): Passing null to parameter #1 ($string) of type string is deprecated in C:\xampp\htdocs\bookstore\resources\views\layout\header.php on line 7
[30-Nov-2025 23:34:51 Asia/Ho_Chi_Minh] PHP Warning:  Undefined variable $appName in C:\xampp\htdocs\bookstore\resources\views\layout\header.php on line 8
[30-Nov-2025 23:34:51 Asia/Ho_Chi_Minh] PHP Warning:  Undefined variable $baseUrl in C:\xampp\htdocs\bookstore\resources\views\layout\header.php on line 9
[30-Nov-2025 23:34:51 Asia/Ho_Chi_Minh] PHP Warning:  Undefined variable $baseUrl in C:\xampp\htdocs\bookstore\resources\views\layout\header.php on line 11
[30-Nov-2025 23:34:51 Asia/Ho_Chi_Minh] PHP Warning:  Undefined variable $baseUrl in C:\xampp\htdocs\bookstore\resources\views\layout\header.php on line 21
[30-Nov-2025 23:34:51 Asia/Ho_Chi_Minh] PHP Warning:  Undefined variable $appName in C:\xampp\htdocs\bookstore\resources\views\layout\header.php on line 23
[30-Nov-2025 23:34:51 Asia/Ho_Chi_Minh] PHP Deprecated:  htmlspecialchars(): Passing null to parameter #1 ($string) of type string is deprecated in C:\xampp\htdocs\bookstore\resources\views\layout\header.php on line 23
[30-Nov-2025 23:34:51 Asia/Ho_Chi_Minh] PHP Warning:  Undefined variable $baseUrl in C:\xampp\htdocs\bookstore\resources\views\layout\header.php on line 29
[30-Nov-2025 23:34:51 Asia/Ho_Chi_Minh] PHP Warning:  Undefined variable $baseUrl in C:\xampp\htdocs\bookstore\resources\views\layout\header.php on line 37
[30-Nov-2025 23:34:51 Asia/Ho_Chi_Minh] PHP Warning:  Undefined variable $baseUrl in C:\xampp\htdocs\bookstore\resources\views\layout\header.php on line 96
[30-Nov-2025 23:34:51 Asia/Ho_Chi_Minh] PHP Warning:  Undefined variable $baseUrl in C:\xampp\htdocs\bookstore\resources\views\layout\header.php on line 110
[30-Nov-2025 23:34:51 Asia/Ho_Chi_Minh] PHP Warning:  Undefined variable $baseUrl in C:\xampp\htdocs\bookstore\resources\views\layout\header.php on line 112
[30-Nov-2025 23:34:51 Asia/Ho_Chi_Minh] PHP Warning:  Undefined variable $baseUrl in C:\xampp\htdocs\bookstore\resources\views\layout\header.php on line 115
[30-Nov-2025 23:34:51 Asia/Ho_Chi_Minh] PHP Warning:  Undefined variable $baseUrl in C:\xampp\htdocs\bookstore\resources\views\layout\header.php on line 116
[30-Nov-2025 23:34:51 Asia/Ho_Chi_Minh] PHP Warning:  Undefined variable $baseUrl in C:\xampp\htdocs\bookstore\resources\views\layout\header.php on line 117
[30-Nov-2025 23:34:51 Asia/Ho_Chi_Minh] PHP Warning:  Undefined variable $baseUrl in C:\xampp\htdocs\bookstore\resources\views\layout\header.php on line 118
[30-Nov-2025 23:34:51 Asia/Ho_Chi_Minh] PHP Warning:  Undefined variable $baseUrl in C:\xampp\htdocs\bookstore\resources\views\layout\header.php on line 120
[30-Nov-2025 23:34:51 Asia/Ho_Chi_Minh] PHP Warning:  Undefined variable $baseUrl in C:\xampp\htdocs\bookstore\resources\views\layout\header.php on line 121
[30-Nov-2025 23:34:51 Asia/Ho_Chi_Minh] PHP Warning:  Undefined variable $baseUrl in C:\xampp\htdocs\bookstore\resources\views\layout\header.php on line 122
[30-Nov-2025 23:34:51 Asia/Ho_Chi_Minh] PHP Warning:  Undefined variable $baseUrl in C:\xampp\htdocs\bookstore\resources\views\layout\header.php on line 123
[30-Nov-2025 23:34:51 Asia/Ho_Chi_Minh] PHP Warning:  Undefined variable $baseUrl in C:\xampp\htdocs\bookstore\resources\views\layout\header.php on line 127
[30-Nov-2025 23:34:51 Asia/Ho_Chi_Minh] PHP Warning:  Undefined variable $baseUrl in C:\xampp\htdocs\bookstore\resources\views\layout\header.php on line 129
[30-Nov-2025 23:34:51 Asia/Ho_Chi_Minh] PHP Warning:  Undefined variable $baseUrl in C:\xampp\htdocs\bookstore\resources\views\layout\header.php on line 130
[30-Nov-2025 23:34:51 Asia/Ho_Chi_Minh] PHP Warning:  Undefined variable $baseUrl in C:\xampp\htdocs\bookstore\resources\views\layout\header.php on line 131
[30-Nov-2025 23:34:51 Asia/Ho_Chi_Minh] PHP Warning:  Undefined variable $baseUrl in C:\xampp\htdocs\bookstore\resources\views\layout\header.php on line 132
[30-Nov-2025 23:34:51 Asia/Ho_Chi_Minh] PHP Warning:  Undefined variable $baseUrl in C:\xampp\htdocs\bookstore\resources\views\layout\header.php on line 136
[30-Nov-2025 23:34:51 Asia/Ho_Chi_Minh] PHP Warning:  Undefined variable $baseUrl in C:\xampp\htdocs\bookstore\resources\views\layout\header.php on line 138
[30-Nov-2025 23:34:51 Asia/Ho_Chi_Minh] PHP Warning:  Undefined variable $baseUrl in C:\xampp\htdocs\bookstore\resources\views\layout\header.php on line 139
[30-Nov-2025 23:34:51 Asia/Ho_Chi_Minh] PHP Warning:  Undefined variable $baseUrl in C:\xampp\htdocs\bookstore\resources\views\layout\header.php on line 140
[30-Nov-2025 23:34:51 Asia/Ho_Chi_Minh] PHP Warning:  Undefined variable $baseUrl in C:\xampp\htdocs\bookstore\resources\views\layout\header.php on line 141
[30-Nov-2025 23:34:51 Asia/Ho_Chi_Minh] PHP Warning:  Undefined variable $baseUrl in C:\xampp\htdocs\bookstore\resources\views\layout\header.php on line 144
[30-Nov-2025 23:34:51 Asia/Ho_Chi_Minh] PHP Warning:  Undefined variable $baseUrl in C:\xampp\htdocs\bookstore\resources\views\layout\header.php on line 145
[30-Nov-2025 23:34:51 Asia/Ho_Chi_Minh] PHP Warning:  Undefined variable $baseUrl in C:\xampp\htdocs\bookstore\resources\views\layout\header.php on line 146
[30-Nov-2025 23:34:51 Asia/Ho_Chi_Minh] PHP Warning:  Undefined variable $baseUrl in C:\xampp\htdocs\bookstore\resources\views\layout\header.php on line 147
[30-Nov-2025 23:34:51 Asia/Ho_Chi_Minh] PHP Warning:  Undefined variable $appName in C:\xampp\htdocs\bookstore\resources\views\layout\footer.php on line 9
[30-Nov-2025 23:34:51 Asia/Ho_Chi_Minh] PHP Deprecated:  htmlspecialchars(): Passing null to parameter #1 ($string) of type string is deprecated in C:\xampp\htdocs\bookstore\resources\views\layout\footer.php on line 9
[30-Nov-2025 23:34:51 Asia/Ho_Chi_Minh] PHP Warning:  Undefined variable $baseUrl in C:\xampp\htdocs\bookstore\resources\views\layout\footer.php on line 21
[30-Nov-2025 23:34:51 Asia/Ho_Chi_Minh] PHP Warning:  Undefined variable $baseUrl in C:\xampp\htdocs\bookstore\resources\views\layout\footer.php on line 22
[30-Nov-2025 23:34:51 Asia/Ho_Chi_Minh] PHP Warning:  Undefined variable $baseUrl in C:\xampp\htdocs\bookstore\resources\views\layout\footer.php on line 23
[30-Nov-2025 23:34:51 Asia/Ho_Chi_Minh] PHP Warning:  Undefined variable $baseUrl in C:\xampp\htdocs\bookstore\resources\views\layout\footer.php on line 24
[30-Nov-2025 23:34:51 Asia/Ho_Chi_Minh] PHP Warning:  Undefined variable $baseUrl in C:\xampp\htdocs\bookstore\resources\views\layout\footer.php on line 25
[30-Nov-2025 23:34:51 Asia/Ho_Chi_Minh] PHP Warning:  Undefined variable $baseUrl in C:\xampp\htdocs\bookstore\resources\views\layout\footer.php on line 26
[30-Nov-2025 23:34:51 Asia/Ho_Chi_Minh] PHP Warning:  Undefined variable $baseUrl in C:\xampp\htdocs\bookstore\resources\views\layout\footer.php on line 27
[30-Nov-2025 23:34:51 Asia/Ho_Chi_Minh] PHP Warning:  Undefined variable $baseUrl in C:\xampp\htdocs\bookstore\resources\views\layout\footer.php on line 73
[30-Nov-2025 23:34:51 Asia/Ho_Chi_Minh] PHP Warning:  Undefined variable $appName in C:\xampp\htdocs\bookstore\resources\views\layout\footer.php on line 97
[30-Nov-2025 23:34:51 Asia/Ho_Chi_Minh] PHP Deprecated:  htmlspecialchars(): Passing null to parameter #1 ($string) of type string is deprecated in C:\xampp\htdocs\bookstore\resources\views\layout\footer.php on line 97
[30-Nov-2025 23:34:51 Asia/Ho_Chi_Minh] PHP Warning:  Undefined variable $baseUrl in C:\xampp\htdocs\bookstore\resources\views\layout\footer.php on line 100
[30-Nov-2025 23:34:51 Asia/Ho_Chi_Minh] PHP Warning:  Undefined variable $baseUrl in C:\xampp\htdocs\bookstore\resources\views\layout\footer.php on line 101
[30-Nov-2025 23:34:51 Asia/Ho_Chi_Minh] PHP Warning:  Undefined variable $baseUrl in C:\xampp\htdocs\bookstore\resources\views\layout\footer.php on line 102
[30-Nov-2025 23:34:51 Asia/Ho_Chi_Minh] PHP Warning:  Undefined variable $baseUrl in C:\xampp\htdocs\bookstore\resources\views\layout\footer.php on line 158
[30-Nov-2025 23:34:51 Asia/Ho_Chi_Minh] PHP Warning:  Undefined variable $baseUrl in C:\xampp\htdocs\bookstore\resources\views\pages\home.php on line 6
[30-Nov-2025 23:34:51 Asia/Ho_Chi_Minh] PHP Deprecated:  rtrim(): Passing null to parameter #1 ($string) of type string is deprecated in C:\xampp\htdocs\bookstore\resources\views\pages\home.php on line 6
[30-Nov-2025 23:34:51 Asia/Ho_Chi_Minh] PHP Warning:  Undefined variable $appName in C:\xampp\htdocs\bookstore\resources\views\pages\home.php on line 7
[30-Nov-2025 23:34:51 Asia/Ho_Chi_Minh] PHP Deprecated:  htmlspecialchars(): Passing null to parameter #1 ($string) of type string is deprecated in C:\xampp\htdocs\bookstore\resources\views\pages\home.php on line 7
[30-Nov-2025 23:34:51 Asia/Ho_Chi_Minh] PHP Warning:  Undefined variable $baseUrl in C:\xampp\htdocs\bookstore\resources\views\pages\home.php on line 10
[30-Nov-2025 23:34:51 Asia/Ho_Chi_Minh] PHP Warning:  Undefined variable $baseUrl in C:\xampp\htdocs\bookstore\resources\views\pages\home.php on line 11
[30-Nov-2025 23:34:51 Asia/Ho_Chi_Minh] PHP Warning:  Undefined variable $baseUrl in C:\xampp\htdocs\bookstore\resources\views\pages\home.php on line 18
[30-Nov-2025 23:34:51 Asia/Ho_Chi_Minh] PHP Warning:  Undefined variable $baseUrl in C:\xampp\htdocs\bookstore\resources\views\pages\home.php on line 22
[30-Nov-2025 23:34:51 Asia/Ho_Chi_Minh] PHP Warning:  Undefined variable $baseUrl in C:\xampp\htdocs\bookstore\resources\views\pages\home.php on line 171
[30-Nov-2025 23:34:51 Asia/Ho_Chi_Minh] PHP Warning:  Undefined variable $baseUrl in C:\xampp\htdocs\bookstore\resources\views\pages\home.php on line 186
[30-Nov-2025 23:34:51 Asia/Ho_Chi_Minh] PHP Warning:  Undefined variable $baseUrl in C:\xampp\htdocs\bookstore\resources\views\pages\home.php on line 201
[30-Nov-2025 23:34:51 Asia/Ho_Chi_Minh] PHP Warning:  Undefined variable $baseUrl in C:\xampp\htdocs\bookstore\resources\views\pages\home.php on line 233
[30-Nov-2025 23:34:51 Asia/Ho_Chi_Minh] PHP Warning:  Undefined variable $baseUrl in C:\xampp\htdocs\bookstore\resources\views\pages\home.php on line 234
[30-Nov-2025 23:34:51 Asia/Ho_Chi_Minh] PHP Warning:  Undefined variable $baseUrl in C:\xampp\htdocs\bookstore\resources\views\pages\home.php on line 235
[30-Nov-2025 23:34:51 Asia/Ho_Chi_Minh] PHP Warning:  Undefined variable $baseUrl in C:\xampp\htdocs\bookstore\resources\views\pages\home.php on line 236
[30-Nov-2025 23:34:51 Asia/Ho_Chi_Minh] PHP Warning:  Undefined variable $baseUrl in C:\xampp\htdocs\bookstore\resources\views\pages\home.php on line 237
[30-Nov-2025 23:34:51 Asia/Ho_Chi_Minh] PHP Warning:  Undefined variable $baseUrl in C:\xampp\htdocs\bookstore\resources\views\pages\home.php on line 238
[30-Nov-2025 23:34:51 Asia/Ho_Chi_Minh] PHP Warning:  Undefined variable $baseUrl in C:\xampp\htdocs\bookstore\resources\views\pages\home.php on line 239
[30-Nov-2025 23:34:51 Asia/Ho_Chi_Minh] PHP Warning:  Undefined variable $baseUrl in C:\xampp\htdocs\bookstore\resources\views\pages\home.php on line 240
[30-Nov-2025 23:34:51 Asia/Ho_Chi_Minh] PHP Warning:  Undefined variable $baseUrl in C:\xampp\htdocs\bookstore\resources\views\pages\home.php on line 241
[30-Nov-2025 23:34:51 Asia/Ho_Chi_Minh] PHP Warning:  Undefined variable $baseUrl in C:\xampp\htdocs\bookstore\resources\views\pages\home.php on line 242
[30-Nov-2025 23:34:51 Asia/Ho_Chi_Minh] PHP Warning:  Undefined variable $baseUrl in C:\xampp\htdocs\bookstore\resources\views\pages\home.php on line 249
[30-Nov-2025 23:34:51 Asia/Ho_Chi_Minh] PHP Warning:  Undefined variable $baseUrl in C:\xampp\htdocs\bookstore\resources\views\pages\home.php on line 276
[30-Nov-2025 23:34:51 Asia/Ho_Chi_Minh] PHP Warning:  Undefined variable $baseUrl in C:\xampp\htdocs\bookstore\resources\views\pages\home.php on line 282
[30-Nov-2025 23:34:51 Asia/Ho_Chi_Minh] PHP Warning:  Undefined variable $baseUrl in C:\xampp\htdocs\bookstore\resources\views\pages\home.php on line 308
[30-Nov-2025 23:34:51 Asia/Ho_Chi_Minh] PHP Warning:  Undefined variable $baseUrl in C:\xampp\htdocs\bookstore\resources\views\pages\home.php on line 282
[30-Nov-2025 23:34:51 Asia/Ho_Chi_Minh] PHP Warning:  Undefined variable $baseUrl in C:\xampp\htdocs\bookstore\resources\views\pages\home.php on line 308
[30-Nov-2025 23:34:51 Asia/Ho_Chi_Minh] PHP Warning:  Undefined variable $baseUrl in C:\xampp\htdocs\bookstore\resources\views\pages\home.php on line 282
[30-Nov-2025 23:34:51 Asia/Ho_Chi_Minh] PHP Warning:  Undefined variable $baseUrl in C:\xampp\htdocs\bookstore\resources\views\pages\home.php on line 308
[30-Nov-2025 23:34:51 Asia/Ho_Chi_Minh] PHP Warning:  Undefined variable $baseUrl in C:\xampp\htdocs\bookstore\resources\views\pages\home.php on line 282
[30-Nov-2025 23:34:51 Asia/Ho_Chi_Minh] PHP Warning:  Undefined variable $baseUrl in C:\xampp\htdocs\bookstore\resources\views\pages\home.php on line 308
[30-Nov-2025 23:34:51 Asia/Ho_Chi_Minh] PHP Warning:  Undefined variable $baseUrl in C:\xampp\htdocs\bookstore\resources\views\pages\home.php on line 326
[30-Nov-2025 23:34:51 Asia/Ho_Chi_Minh] PHP Warning:  Undefined variable $baseUrl in C:\xampp\htdocs\bookstore\resources\views\pages\home.php on line 331
[30-Nov-2025 23:34:51 Asia/Ho_Chi_Minh] PHP Warning:  Undefined variable $baseUrl in C:\xampp\htdocs\bookstore\resources\views\pages\home.php on line 357
[30-Nov-2025 23:34:51 Asia/Ho_Chi_Minh] PHP Warning:  Undefined variable $baseUrl in C:\xampp\htdocs\bookstore\resources\views\pages\home.php on line 331
[30-Nov-2025 23:34:51 Asia/Ho_Chi_Minh] PHP Warning:  Undefined variable $baseUrl in C:\xampp\htdocs\bookstore\resources\views\pages\home.php on line 357
[30-Nov-2025 23:34:51 Asia/Ho_Chi_Minh] PHP Warning:  Undefined variable $baseUrl in C:\xampp\htdocs\bookstore\resources\views\pages\home.php on line 331
[30-Nov-2025 23:34:51 Asia/Ho_Chi_Minh] PHP Warning:  Undefined variable $baseUrl in C:\xampp\htdocs\bookstore\resources\views\pages\home.php on line 357
[30-Nov-2025 23:34:51 Asia/Ho_Chi_Minh] PHP Warning:  Undefined variable $baseUrl in C:\xampp\htdocs\bookstore\resources\views\pages\home.php on line 331
[30-Nov-2025 23:34:51 Asia/Ho_Chi_Minh] PHP Warning:  Undefined variable $baseUrl in C:\xampp\htdocs\bookstore\resources\views\pages\home.php on line 357
[30-Nov-2025 23:34:51 Asia/Ho_Chi_Minh] PHP Warning:  Undefined variable $baseUrl in C:\xampp\htdocs\bookstore\resources\views\pages\home.php on line 375
[30-Nov-2025 23:34:51 Asia/Ho_Chi_Minh] PHP Warning:  Undefined variable $baseUrl in C:\xampp\htdocs\bookstore\resources\views\pages\home.php on line 380
[30-Nov-2025 23:34:51 Asia/Ho_Chi_Minh] PHP Warning:  Undefined variable $baseUrl in C:\xampp\htdocs\bookstore\resources\views\pages\home.php on line 406
[30-Nov-2025 23:34:51 Asia/Ho_Chi_Minh] PHP Warning:  Undefined variable $baseUrl in C:\xampp\htdocs\bookstore\resources\views\pages\home.php on line 380
[30-Nov-2025 23:34:51 Asia/Ho_Chi_Minh] PHP Warning:  Undefined variable $baseUrl in C:\xampp\htdocs\bookstore\resources\views\pages\home.php on line 406
[30-Nov-2025 23:34:51 Asia/Ho_Chi_Minh] PHP Warning:  Undefined variable $baseUrl in C:\xampp\htdocs\bookstore\resources\views\pages\home.php on line 380
[30-Nov-2025 23:34:51 Asia/Ho_Chi_Minh] PHP Warning:  Undefined variable $baseUrl in C:\xampp\htdocs\bookstore\resources\views\pages\home.php on line 406
[30-Nov-2025 23:34:51 Asia/Ho_Chi_Minh] PHP Warning:  Undefined variable $baseUrl in C:\xampp\htdocs\bookstore\resources\views\pages\home.php on line 380
[30-Nov-2025 23:34:51 Asia/Ho_Chi_Minh] PHP Warning:  Undefined variable $baseUrl in C:\xampp\htdocs\bookstore\resources\views\pages\home.php on line 406
[30-Nov-2025 23:34:51 Asia/Ho_Chi_Minh] PHP Warning:  Undefined variable $baseUrl in C:\xampp\htdocs\bookstore\resources\views\pages\home.php on line 428
[30-Nov-2025 23:34:51 Asia/Ho_Chi_Minh] PHP Warning:  Undefined variable $baseUrl in C:\xampp\htdocs\bookstore\resources\views\layout\header.php on line 7
[30-Nov-2025 23:34:51 Asia/Ho_Chi_Minh] PHP Deprecated:  rtrim(): Passing null to parameter #1 ($string) of type string is deprecated in C:\xampp\htdocs\bookstore\resources\views\layout\header.php on line 7
[30-Nov-2025 23:34:51 Asia/Ho_Chi_Minh] PHP Warning:  Undefined variable $appName in C:\xampp\htdocs\bookstore\resources\views\layout\header.php on line 8
[30-Nov-2025 23:34:51 Asia/Ho_Chi_Minh] PHP Warning:  Undefined variable $baseUrl in C:\xampp\htdocs\bookstore\resources\views\layout\header.php on line 9
[30-Nov-2025 23:34:51 Asia/Ho_Chi_Minh] PHP Warning:  Undefined variable $baseUrl in C:\xampp\htdocs\bookstore\resources\views\layout\header.php on line 11
[30-Nov-2025 23:34:51 Asia/Ho_Chi_Minh] PHP Warning:  Undefined variable $baseUrl in C:\xampp\htdocs\bookstore\resources\views\layout\header.php on line 21
[30-Nov-2025 23:34:51 Asia/Ho_Chi_Minh] PHP Warning:  Undefined variable $appName in C:\xampp\htdocs\bookstore\resources\views\layout\header.php on line 23
[30-Nov-2025 23:34:51 Asia/Ho_Chi_Minh] PHP Deprecated:  htmlspecialchars(): Passing null to parameter #1 ($string) of type string is deprecated in C:\xampp\htdocs\bookstore\resources\views\layout\header.php on line 23
[30-Nov-2025 23:34:51 Asia/Ho_Chi_Minh] PHP Warning:  Undefined variable $baseUrl in C:\xampp\htdocs\bookstore\resources\views\layout\header.php on line 29
[30-Nov-2025 23:34:51 Asia/Ho_Chi_Minh] PHP Warning:  Undefined variable $baseUrl in C:\xampp\htdocs\bookstore\resources\views\layout\header.php on line 37
[30-Nov-2025 23:34:51 Asia/Ho_Chi_Minh] PHP Warning:  Undefined variable $baseUrl in C:\xampp\htdocs\bookstore\resources\views\layout\header.php on line 96
[30-Nov-2025 23:34:51 Asia/Ho_Chi_Minh] PHP Warning:  Undefined variable $baseUrl in C:\xampp\htdocs\bookstore\resources\views\layout\header.php on line 110
[30-Nov-2025 23:34:51 Asia/Ho_Chi_Minh] PHP Warning:  Undefined variable $baseUrl in C:\xampp\htdocs\bookstore\resources\views\layout\header.php on line 112
[30-Nov-2025 23:34:51 Asia/Ho_Chi_Minh] PHP Warning:  Undefined variable $baseUrl in C:\xampp\htdocs\bookstore\resources\views\layout\header.php on line 115
[30-Nov-2025 23:34:51 Asia/Ho_Chi_Minh] PHP Warning:  Undefined variable $baseUrl in C:\xampp\htdocs\bookstore\resources\views\layout\header.php on line 116
[30-Nov-2025 23:34:51 Asia/Ho_Chi_Minh] PHP Warning:  Undefined variable $baseUrl in C:\xampp\htdocs\bookstore\resources\views\layout\header.php on line 117
[30-Nov-2025 23:34:51 Asia/Ho_Chi_Minh] PHP Warning:  Undefined variable $baseUrl in C:\xampp\htdocs\bookstore\resources\views\layout\header.php on line 118
[30-Nov-2025 23:34:51 Asia/Ho_Chi_Minh] PHP Warning:  Undefined variable $baseUrl in C:\xampp\htdocs\bookstore\resources\views\layout\header.php on line 120
[30-Nov-2025 23:34:51 Asia/Ho_Chi_Minh] PHP Warning:  Undefined variable $baseUrl in C:\xampp\htdocs\bookstore\resources\views\layout\header.php on line 121
[30-Nov-2025 23:34:51 Asia/Ho_Chi_Minh] PHP Warning:  Undefined variable $baseUrl in C:\xampp\htdocs\bookstore\resources\views\layout\header.php on line 122
[30-Nov-2025 23:34:51 Asia/Ho_Chi_Minh] PHP Warning:  Undefined variable $baseUrl in C:\xampp\htdocs\bookstore\resources\views\layout\header.php on line 123
[30-Nov-2025 23:34:51 Asia/Ho_Chi_Minh] PHP Warning:  Undefined variable $baseUrl in C:\xampp\htdocs\bookstore\resources\views\layout\header.php on line 127
[30-Nov-2025 23:34:51 Asia/Ho_Chi_Minh] PHP Warning:  Undefined variable $baseUrl in C:\xampp\htdocs\bookstore\resources\views\layout\header.php on line 129
[30-Nov-2025 23:34:51 Asia/Ho_Chi_Minh] PHP Warning:  Undefined variable $baseUrl in C:\xampp\htdocs\bookstore\resources\views\layout\header.php on line 130
[30-Nov-2025 23:34:51 Asia/Ho_Chi_Minh] PHP Warning:  Undefined variable $baseUrl in C:\xampp\htdocs\bookstore\resources\views\layout\header.php on line 131
[30-Nov-2025 23:34:51 Asia/Ho_Chi_Minh] PHP Warning:  Undefined variable $baseUrl in C:\xampp\htdocs\bookstore\resources\views\layout\header.php on line 132
[30-Nov-2025 23:34:51 Asia/Ho_Chi_Minh] PHP Warning:  Undefined variable $baseUrl in C:\xampp\htdocs\bookstore\resources\views\layout\header.php on line 136
[30-Nov-2025 23:34:51 Asia/Ho_Chi_Minh] PHP Warning:  Undefined variable $baseUrl in C:\xampp\htdocs\bookstore\resources\views\layout\header.php on line 138
[30-Nov-2025 23:34:51 Asia/Ho_Chi_Minh] PHP Warning:  Undefined variable $baseUrl in C:\xampp\htdocs\bookstore\resources\views\layout\header.php on line 139
[30-Nov-2025 23:34:51 Asia/Ho_Chi_Minh] PHP Warning:  Undefined variable $baseUrl in C:\xampp\htdocs\bookstore\resources\views\layout\header.php on line 140
[30-Nov-2025 23:34:51 Asia/Ho_Chi_Minh] PHP Warning:  Undefined variable $baseUrl in C:\xampp\htdocs\bookstore\resources\views\layout\header.php on line 141
[30-Nov-2025 23:34:51 Asia/Ho_Chi_Minh] PHP Warning:  Undefined variable $baseUrl in C:\xampp\htdocs\bookstore\resources\views\layout\header.php on line 144
[30-Nov-2025 23:34:51 Asia/Ho_Chi_Minh] PHP Warning:  Undefined variable $baseUrl in C:\xampp\htdocs\bookstore\resources\views\layout\header.php on line 145
[30-Nov-2025 23:34:51 Asia/Ho_Chi_Minh] PHP Warning:  Undefined variable $baseUrl in C:\xampp\htdocs\bookstore\resources\views\layout\header.php on line 146
[30-Nov-2025 23:34:51 Asia/Ho_Chi_Minh] PHP Warning:  Undefined variable $baseUrl in C:\xampp\htdocs\bookstore\resources\views\layout\header.php on line 147
[30-Nov-2025 23:34:51 Asia/Ho_Chi_Minh] PHP Warning:  Undefined variable $appName in C:\xampp\htdocs\bookstore\resources\views\layout\footer.php on line 9
[30-Nov-2025 23:34:51 Asia/Ho_Chi_Minh] PHP Deprecated:  htmlspecialchars(): Passing null to parameter #1 ($string) of type string is deprecated in C:\xampp\htdocs\bookstore\resources\views\layout\footer.php on line 9
[30-Nov-2025 23:34:51 Asia/Ho_Chi_Minh] PHP Warning:  Undefined variable $baseUrl in C:\xampp\htdocs\bookstore\resources\views\layout\footer.php on line 21
[30-Nov-2025 23:34:51 Asia/Ho_Chi_Minh] PHP Warning:  Undefined variable $baseUrl in C:\xampp\htdocs\bookstore\resources\views\layout\footer.php on line 22
[30-Nov-2025 23:34:51 Asia/Ho_Chi_Minh] PHP Warning:  Undefined variable $baseUrl in C:\xampp\htdocs\bookstore\resources\views\layout\footer.php on line 23
[30-Nov-2025 23:34:51 Asia/Ho_Chi_Minh] PHP Warning:  Undefined variable $baseUrl in C:\xampp\htdocs\bookstore\resources\views\layout\footer.php on line 24
[30-Nov-2025 23:34:51 Asia/Ho_Chi_Minh] PHP Warning:  Undefined variable $baseUrl in C:\xampp\htdocs\bookstore\resources\views\layout\footer.php on line 25
[30-Nov-2025 23:34:51 Asia/Ho_Chi_Minh] PHP Warning:  Undefined variable $baseUrl in C:\xampp\htdocs\bookstore\resources\views\layout\footer.php on line 26
[30-Nov-2025 23:34:51 Asia/Ho_Chi_Minh] PHP Warning:  Undefined variable $baseUrl in C:\xampp\htdocs\bookstore\resources\views\layout\footer.php on line 27
[30-Nov-2025 23:34:51 Asia/Ho_Chi_Minh] PHP Warning:  Undefined variable $baseUrl in C:\xampp\htdocs\bookstore\resources\views\layout\footer.php on line 73
[30-Nov-2025 23:34:51 Asia/Ho_Chi_Minh] PHP Warning:  Undefined variable $appName in C:\xampp\htdocs\bookstore\resources\views\layout\footer.php on line 97
[30-Nov-2025 23:34:51 Asia/Ho_Chi_Minh] PHP Deprecated:  htmlspecialchars(): Passing null to parameter #1 ($string) of type string is deprecated in C:\xampp\htdocs\bookstore\resources\views\layout\footer.php on line 97
[30-Nov-2025 23:34:51 Asia/Ho_Chi_Minh] PHP Warning:  Undefined variable $baseUrl in C:\xampp\htdocs\bookstore\resources\views\layout\footer.php on line 100
[30-Nov-2025 23:34:51 Asia/Ho_Chi_Minh] PHP Warning:  Undefined variable $baseUrl in C:\xampp\htdocs\bookstore\resources\views\layout\footer.php on line 101
[30-Nov-2025 23:34:51 Asia/Ho_Chi_Minh] PHP Warning:  Undefined variable $baseUrl in C:\xampp\htdocs\bookstore\resources\views\layout\footer.php on line 102
[30-Nov-2025 23:34:51 Asia/Ho_Chi_Minh] PHP Warning:  Undefined variable $baseUrl in C:\xampp\htdocs\bookstore\resources\views\layout\footer.php on line 158
[30-Nov-2025 23:35:02 Asia/Ho_Chi_Minh] PHP Warning:  Undefined variable $baseUrl in C:\xampp\htdocs\bookstore\resources\views\pages\home.php on line 6
[30-Nov-2025 23:35:02 Asia/Ho_Chi_Minh] PHP Deprecated:  rtrim(): Passing null to parameter #1 ($string) of type string is deprecated in C:\xampp\htdocs\bookstore\resources\views\pages\home.php on line 6
[30-Nov-2025 23:35:02 Asia/Ho_Chi_Minh] PHP Warning:  Undefined variable $appName in C:\xampp\htdocs\bookstore\resources\views\pages\home.php on line 7
[30-Nov-2025 23:35:02 Asia/Ho_Chi_Minh] PHP Deprecated:  htmlspecialchars(): Passing null to parameter #1 ($string) of type string is deprecated in C:\xampp\htdocs\bookstore\resources\views\pages\home.php on line 7
[30-Nov-2025 23:35:02 Asia/Ho_Chi_Minh] PHP Warning:  Undefined variable $baseUrl in C:\xampp\htdocs\bookstore\resources\views\pages\home.php on line 10
[30-Nov-2025 23:35:02 Asia/Ho_Chi_Minh] PHP Warning:  Undefined variable $baseUrl in C:\xampp\htdocs\bookstore\resources\views\pages\home.php on line 11
[30-Nov-2025 23:35:02 Asia/Ho_Chi_Minh] PHP Warning:  Undefined variable $baseUrl in C:\xampp\htdocs\bookstore\resources\views\pages\home.php on line 18
[30-Nov-2025 23:35:02 Asia/Ho_Chi_Minh] PHP Warning:  Undefined variable $baseUrl in C:\xampp\htdocs\bookstore\resources\views\pages\home.php on line 22
[30-Nov-2025 23:35:02 Asia/Ho_Chi_Minh] PHP Warning:  Undefined variable $baseUrl in C:\xampp\htdocs\bookstore\resources\views\pages\home.php on line 171
[30-Nov-2025 23:35:02 Asia/Ho_Chi_Minh] PHP Warning:  Undefined variable $baseUrl in C:\xampp\htdocs\bookstore\resources\views\pages\home.php on line 186
[30-Nov-2025 23:35:02 Asia/Ho_Chi_Minh] PHP Warning:  Undefined variable $baseUrl in C:\xampp\htdocs\bookstore\resources\views\pages\home.php on line 201
[30-Nov-2025 23:35:02 Asia/Ho_Chi_Minh] PHP Warning:  Undefined variable $baseUrl in C:\xampp\htdocs\bookstore\resources\views\pages\home.php on line 233
[30-Nov-2025 23:35:02 Asia/Ho_Chi_Minh] PHP Warning:  Undefined variable $baseUrl in C:\xampp\htdocs\bookstore\resources\views\pages\home.php on line 234
[30-Nov-2025 23:35:02 Asia/Ho_Chi_Minh] PHP Warning:  Undefined variable $baseUrl in C:\xampp\htdocs\bookstore\resources\views\pages\home.php on line 235
[30-Nov-2025 23:35:02 Asia/Ho_Chi_Minh] PHP Warning:  Undefined variable $baseUrl in C:\xampp\htdocs\bookstore\resources\views\pages\home.php on line 236
[30-Nov-2025 23:35:02 Asia/Ho_Chi_Minh] PHP Warning:  Undefined variable $baseUrl in C:\xampp\htdocs\bookstore\resources\views\pages\home.php on line 237
[30-Nov-2025 23:35:02 Asia/Ho_Chi_Minh] PHP Warning:  Undefined variable $baseUrl in C:\xampp\htdocs\bookstore\resources\views\pages\home.php on line 238
[30-Nov-2025 23:35:02 Asia/Ho_Chi_Minh] PHP Warning:  Undefined variable $baseUrl in C:\xampp\htdocs\bookstore\resources\views\pages\home.php on line 239
[30-Nov-2025 23:35:02 Asia/Ho_Chi_Minh] PHP Warning:  Undefined variable $baseUrl in C:\xampp\htdocs\bookstore\resources\views\pages\home.php on line 240
[30-Nov-2025 23:35:02 Asia/Ho_Chi_Minh] PHP Warning:  Undefined variable $baseUrl in C:\xampp\htdocs\bookstore\resources\views\pages\home.php on line 241
[30-Nov-2025 23:35:02 Asia/Ho_Chi_Minh] PHP Warning:  Undefined variable $baseUrl in C:\xampp\htdocs\bookstore\resources\views\pages\home.php on line 242
[30-Nov-2025 23:35:02 Asia/Ho_Chi_Minh] PHP Warning:  Undefined variable $baseUrl in C:\xampp\htdocs\bookstore\resources\views\pages\home.php on line 249
[30-Nov-2025 23:35:02 Asia/Ho_Chi_Minh] PHP Warning:  Undefined variable $baseUrl in C:\xampp\htdocs\bookstore\resources\views\pages\home.php on line 276
[30-Nov-2025 23:35:02 Asia/Ho_Chi_Minh] PHP Warning:  Undefined variable $baseUrl in C:\xampp\htdocs\bookstore\resources\views\pages\home.php on line 282
[30-Nov-2025 23:35:02 Asia/Ho_Chi_Minh] PHP Warning:  Undefined variable $baseUrl in C:\xampp\htdocs\bookstore\resources\views\pages\home.php on line 308
[30-Nov-2025 23:35:02 Asia/Ho_Chi_Minh] PHP Warning:  Undefined variable $baseUrl in C:\xampp\htdocs\bookstore\resources\views\pages\home.php on line 282
[30-Nov-2025 23:35:02 Asia/Ho_Chi_Minh] PHP Warning:  Undefined variable $baseUrl in C:\xampp\htdocs\bookstore\resources\views\pages\home.php on line 308
[30-Nov-2025 23:35:02 Asia/Ho_Chi_Minh] PHP Warning:  Undefined variable $baseUrl in C:\xampp\htdocs\bookstore\resources\views\pages\home.php on line 282
[30-Nov-2025 23:35:02 Asia/Ho_Chi_Minh] PHP Warning:  Undefined variable $baseUrl in C:\xampp\htdocs\bookstore\resources\views\pages\home.php on line 308
[30-Nov-2025 23:35:02 Asia/Ho_Chi_Minh] PHP Warning:  Undefined variable $baseUrl in C:\xampp\htdocs\bookstore\resources\views\pages\home.php on line 282
[30-Nov-2025 23:35:02 Asia/Ho_Chi_Minh] PHP Warning:  Undefined variable $baseUrl in C:\xampp\htdocs\bookstore\resources\views\pages\home.php on line 308
[30-Nov-2025 23:35:02 Asia/Ho_Chi_Minh] PHP Warning:  Undefined variable $baseUrl in C:\xampp\htdocs\bookstore\resources\views\pages\home.php on line 326
[30-Nov-2025 23:35:02 Asia/Ho_Chi_Minh] PHP Warning:  Undefined variable $baseUrl in C:\xampp\htdocs\bookstore\resources\views\pages\home.php on line 331
[30-Nov-2025 23:35:02 Asia/Ho_Chi_Minh] PHP Warning:  Undefined variable $baseUrl in C:\xampp\htdocs\bookstore\resources\views\pages\home.php on line 357
[30-Nov-2025 23:35:02 Asia/Ho_Chi_Minh] PHP Warning:  Undefined variable $baseUrl in C:\xampp\htdocs\bookstore\resources\views\pages\home.php on line 331
[30-Nov-2025 23:35:02 Asia/Ho_Chi_Minh] PHP Warning:  Undefined variable $baseUrl in C:\xampp\htdocs\bookstore\resources\views\pages\home.php on line 357
[30-Nov-2025 23:35:02 Asia/Ho_Chi_Minh] PHP Warning:  Undefined variable $baseUrl in C:\xampp\htdocs\bookstore\resources\views\pages\home.php on line 331
[30-Nov-2025 23:35:02 Asia/Ho_Chi_Minh] PHP Warning:  Undefined variable $baseUrl in C:\xampp\htdocs\bookstore\resources\views\pages\home.php on line 357
[30-Nov-2025 23:35:02 Asia/Ho_Chi_Minh] PHP Warning:  Undefined variable $baseUrl in C:\xampp\htdocs\bookstore\resources\views\pages\home.php on line 331
[30-Nov-2025 23:35:02 Asia/Ho_Chi_Minh] PHP Warning:  Undefined variable $baseUrl in C:\xampp\htdocs\bookstore\resources\views\pages\home.php on line 357
[30-Nov-2025 23:35:02 Asia/Ho_Chi_Minh] PHP Warning:  Undefined variable $baseUrl in C:\xampp\htdocs\bookstore\resources\views\pages\home.php on line 375
[30-Nov-2025 23:35:02 Asia/Ho_Chi_Minh] PHP Warning:  Undefined variable $baseUrl in C:\xampp\htdocs\bookstore\resources\views\pages\home.php on line 380
[30-Nov-2025 23:35:02 Asia/Ho_Chi_Minh] PHP Warning:  Undefined variable $baseUrl in C:\xampp\htdocs\bookstore\resources\views\pages\home.php on line 406
[30-Nov-2025 23:35:02 Asia/Ho_Chi_Minh] PHP Warning:  Undefined variable $baseUrl in C:\xampp\htdocs\bookstore\resources\views\pages\home.php on line 380
[30-Nov-2025 23:35:02 Asia/Ho_Chi_Minh] PHP Warning:  Undefined variable $baseUrl in C:\xampp\htdocs\bookstore\resources\views\pages\home.php on line 406
[30-Nov-2025 23:35:02 Asia/Ho_Chi_Minh] PHP Warning:  Undefined variable $baseUrl in C:\xampp\htdocs\bookstore\resources\views\pages\home.php on line 380
[30-Nov-2025 23:35:02 Asia/Ho_Chi_Minh] PHP Warning:  Undefined variable $baseUrl in C:\xampp\htdocs\bookstore\resources\views\pages\home.php on line 406
[30-Nov-2025 23:35:02 Asia/Ho_Chi_Minh] PHP Warning:  Undefined variable $baseUrl in C:\xampp\htdocs\bookstore\resources\views\pages\home.php on line 380
[30-Nov-2025 23:35:02 Asia/Ho_Chi_Minh] PHP Warning:  Undefined variable $baseUrl in C:\xampp\htdocs\bookstore\resources\views\pages\home.php on line 406
[30-Nov-2025 23:35:02 Asia/Ho_Chi_Minh] PHP Warning:  Undefined variable $baseUrl in C:\xampp\htdocs\bookstore\resources\views\pages\home.php on line 428
[30-Nov-2025 23:35:02 Asia/Ho_Chi_Minh] PHP Warning:  Undefined variable $baseUrl in C:\xampp\htdocs\bookstore\resources\views\layout\header.php on line 7
[30-Nov-2025 23:35:02 Asia/Ho_Chi_Minh] PHP Deprecated:  rtrim(): Passing null to parameter #1 ($string) of type string is deprecated in C:\xampp\htdocs\bookstore\resources\views\layout\header.php on line 7
[30-Nov-2025 23:35:02 Asia/Ho_Chi_Minh] PHP Warning:  Undefined variable $appName in C:\xampp\htdocs\bookstore\resources\views\layout\header.php on line 8
[30-Nov-2025 23:35:02 Asia/Ho_Chi_Minh] PHP Warning:  Undefined variable $baseUrl in C:\xampp\htdocs\bookstore\resources\views\layout\header.php on line 9
[30-Nov-2025 23:35:02 Asia/Ho_Chi_Minh] PHP Warning:  Undefined variable $baseUrl in C:\xampp\htdocs\bookstore\resources\views\layout\header.php on line 11
[30-Nov-2025 23:35:02 Asia/Ho_Chi_Minh] PHP Warning:  Undefined variable $baseUrl in C:\xampp\htdocs\bookstore\resources\views\layout\header.php on line 21
[30-Nov-2025 23:35:02 Asia/Ho_Chi_Minh] PHP Warning:  Undefined variable $appName in C:\xampp\htdocs\bookstore\resources\views\layout\header.php on line 23
[30-Nov-2025 23:35:02 Asia/Ho_Chi_Minh] PHP Deprecated:  htmlspecialchars(): Passing null to parameter #1 ($string) of type string is deprecated in C:\xampp\htdocs\bookstore\resources\views\layout\header.php on line 23
[30-Nov-2025 23:35:02 Asia/Ho_Chi_Minh] PHP Warning:  Undefined variable $baseUrl in C:\xampp\htdocs\bookstore\resources\views\layout\header.php on line 29
[30-Nov-2025 23:35:02 Asia/Ho_Chi_Minh] PHP Warning:  Undefined variable $baseUrl in C:\xampp\htdocs\bookstore\resources\views\layout\header.php on line 37
[30-Nov-2025 23:35:02 Asia/Ho_Chi_Minh] PHP Warning:  Undefined variable $baseUrl in C:\xampp\htdocs\bookstore\resources\views\layout\header.php on line 96
[30-Nov-2025 23:35:02 Asia/Ho_Chi_Minh] PHP Warning:  Undefined variable $baseUrl in C:\xampp\htdocs\bookstore\resources\views\layout\header.php on line 110
[30-Nov-2025 23:35:02 Asia/Ho_Chi_Minh] PHP Warning:  Undefined variable $baseUrl in C:\xampp\htdocs\bookstore\resources\views\layout\header.php on line 112
[30-Nov-2025 23:35:02 Asia/Ho_Chi_Minh] PHP Warning:  Undefined variable $baseUrl in C:\xampp\htdocs\bookstore\resources\views\layout\header.php on line 115
[30-Nov-2025 23:35:02 Asia/Ho_Chi_Minh] PHP Warning:  Undefined variable $baseUrl in C:\xampp\htdocs\bookstore\resources\views\layout\header.php on line 116
[30-Nov-2025 23:35:02 Asia/Ho_Chi_Minh] PHP Warning:  Undefined variable $baseUrl in C:\xampp\htdocs\bookstore\resources\views\layout\header.php on line 117
[30-Nov-2025 23:35:02 Asia/Ho_Chi_Minh] PHP Warning:  Undefined variable $baseUrl in C:\xampp\htdocs\bookstore\resources\views\layout\header.php on line 118
[30-Nov-2025 23:35:02 Asia/Ho_Chi_Minh] PHP Warning:  Undefined variable $baseUrl in C:\xampp\htdocs\bookstore\resources\views\layout\header.php on line 120
[30-Nov-2025 23:35:02 Asia/Ho_Chi_Minh] PHP Warning:  Undefined variable $baseUrl in C:\xampp\htdocs\bookstore\resources\views\layout\header.php on line 121
[30-Nov-2025 23:35:02 Asia/Ho_Chi_Minh] PHP Warning:  Undefined variable $baseUrl in C:\xampp\htdocs\bookstore\resources\views\layout\header.php on line 122
[30-Nov-2025 23:35:02 Asia/Ho_Chi_Minh] PHP Warning:  Undefined variable $baseUrl in C:\xampp\htdocs\bookstore\resources\views\layout\header.php on line 123
[30-Nov-2025 23:35:02 Asia/Ho_Chi_Minh] PHP Warning:  Undefined variable $baseUrl in C:\xampp\htdocs\bookstore\resources\views\layout\header.php on line 127
[30-Nov-2025 23:35:02 Asia/Ho_Chi_Minh] PHP Warning:  Undefined variable $baseUrl in C:\xampp\htdocs\bookstore\resources\views\layout\header.php on line 129
[30-Nov-2025 23:35:02 Asia/Ho_Chi_Minh] PHP Warning:  Undefined variable $baseUrl in C:\xampp\htdocs\bookstore\resources\views\layout\header.php on line 130
[30-Nov-2025 23:35:02 Asia/Ho_Chi_Minh] PHP Warning:  Undefined variable $baseUrl in C:\xampp\htdocs\bookstore\resources\views\layout\header.php on line 131
[30-Nov-2025 23:35:02 Asia/Ho_Chi_Minh] PHP Warning:  Undefined variable $baseUrl in C:\xampp\htdocs\bookstore\resources\views\layout\header.php on line 132
[30-Nov-2025 23:35:02 Asia/Ho_Chi_Minh] PHP Warning:  Undefined variable $baseUrl in C:\xampp\htdocs\bookstore\resources\views\layout\header.php on line 136
[30-Nov-2025 23:35:02 Asia/Ho_Chi_Minh] PHP Warning:  Undefined variable $baseUrl in C:\xampp\htdocs\bookstore\resources\views\layout\header.php on line 138
[30-Nov-2025 23:35:02 Asia/Ho_Chi_Minh] PHP Warning:  Undefined variable $baseUrl in C:\xampp\htdocs\bookstore\resources\views\layout\header.php on line 139
[30-Nov-2025 23:35:02 Asia/Ho_Chi_Minh] PHP Warning:  Undefined variable $baseUrl in C:\xampp\htdocs\bookstore\resources\views\layout\header.php on line 140
[30-Nov-2025 23:35:02 Asia/Ho_Chi_Minh] PHP Warning:  Undefined variable $baseUrl in C:\xampp\htdocs\bookstore\resources\views\layout\header.php on line 141
[30-Nov-2025 23:35:02 Asia/Ho_Chi_Minh] PHP Warning:  Undefined variable $baseUrl in C:\xampp\htdocs\bookstore\resources\views\layout\header.php on line 144
[30-Nov-2025 23:35:02 Asia/Ho_Chi_Minh] PHP Warning:  Undefined variable $baseUrl in C:\xampp\htdocs\bookstore\resources\views\layout\header.php on line 145
[30-Nov-2025 23:35:02 Asia/Ho_Chi_Minh] PHP Warning:  Undefined variable $baseUrl in C:\xampp\htdocs\bookstore\resources\views\layout\header.php on line 146
[30-Nov-2025 23:35:02 Asia/Ho_Chi_Minh] PHP Warning:  Undefined variable $baseUrl in C:\xampp\htdocs\bookstore\resources\views\layout\header.php on line 147
[30-Nov-2025 23:35:02 Asia/Ho_Chi_Minh] PHP Warning:  Undefined variable $appName in C:\xampp\htdocs\bookstore\resources\views\layout\footer.php on line 9
[30-Nov-2025 23:35:02 Asia/Ho_Chi_Minh] PHP Deprecated:  htmlspecialchars(): Passing null to parameter #1 ($string) of type string is deprecated in C:\xampp\htdocs\bookstore\resources\views\layout\footer.php on line 9
[30-Nov-2025 23:35:02 Asia/Ho_Chi_Minh] PHP Warning:  Undefined variable $baseUrl in C:\xampp\htdocs\bookstore\resources\views\layout\footer.php on line 21
[30-Nov-2025 23:35:02 Asia/Ho_Chi_Minh] PHP Warning:  Undefined variable $baseUrl in C:\xampp\htdocs\bookstore\resources\views\layout\footer.php on line 22
[30-Nov-2025 23:35:02 Asia/Ho_Chi_Minh] PHP Warning:  Undefined variable $baseUrl in C:\xampp\htdocs\bookstore\resources\views\layout\footer.php on line 23
[30-Nov-2025 23:35:02 Asia/Ho_Chi_Minh] PHP Warning:  Undefined variable $baseUrl in C:\xampp\htdocs\bookstore\resources\views\layout\footer.php on line 24
[30-Nov-2025 23:35:02 Asia/Ho_Chi_Minh] PHP Warning:  Undefined variable $baseUrl in C:\xampp\htdocs\bookstore\resources\views\layout\footer.php on line 25
[30-Nov-2025 23:35:02 Asia/Ho_Chi_Minh] PHP Warning:  Undefined variable $baseUrl in C:\xampp\htdocs\bookstore\resources\views\layout\footer.php on line 26
[30-Nov-2025 23:35:02 Asia/Ho_Chi_Minh] PHP Warning:  Undefined variable $baseUrl in C:\xampp\htdocs\bookstore\resources\views\layout\footer.php on line 27
[30-Nov-2025 23:35:02 Asia/Ho_Chi_Minh] PHP Warning:  Undefined variable $baseUrl in C:\xampp\htdocs\bookstore\resources\views\layout\footer.php on line 73
[30-Nov-2025 23:35:02 Asia/Ho_Chi_Minh] PHP Warning:  Undefined variable $appName in C:\xampp\htdocs\bookstore\resources\views\layout\footer.php on line 97
[30-Nov-2025 23:35:02 Asia/Ho_Chi_Minh] PHP Deprecated:  htmlspecialchars(): Passing null to parameter #1 ($string) of type string is deprecated in C:\xampp\htdocs\bookstore\resources\views\layout\footer.php on line 97
[30-Nov-2025 23:35:02 Asia/Ho_Chi_Minh] PHP Warning:  Undefined variable $baseUrl in C:\xampp\htdocs\bookstore\resources\views\layout\footer.php on line 100
[30-Nov-2025 23:35:02 Asia/Ho_Chi_Minh] PHP Warning:  Undefined variable $baseUrl in C:\xampp\htdocs\bookstore\resources\views\layout\footer.php on line 101
[30-Nov-2025 23:35:02 Asia/Ho_Chi_Minh] PHP Warning:  Undefined variable $baseUrl in C:\xampp\htdocs\bookstore\resources\views\layout\footer.php on line 102
[30-Nov-2025 23:35:02 Asia/Ho_Chi_Minh] PHP Warning:  Undefined variable $baseUrl in C:\xampp\htdocs\bookstore\resources\views\layout\footer.php on line 158
[30-Nov-2025 23:37:01 Asia/Ho_Chi_Minh] PHP Warning:  Undefined variable $baseUrl in C:\xampp\htdocs\bookstore\resources\views\pages\home.php on line 6
[30-Nov-2025 23:37:01 Asia/Ho_Chi_Minh] PHP Deprecated:  rtrim(): Passing null to parameter #1 ($string) of type string is deprecated in C:\xampp\htdocs\bookstore\resources\views\pages\home.php on line 6
[30-Nov-2025 23:37:01 Asia/Ho_Chi_Minh] PHP Warning:  Undefined variable $appName in C:\xampp\htdocs\bookstore\resources\views\pages\home.php on line 7
[30-Nov-2025 23:37:01 Asia/Ho_Chi_Minh] PHP Deprecated:  htmlspecialchars(): Passing null to parameter #1 ($string) of type string is deprecated in C:\xampp\htdocs\bookstore\resources\views\pages\home.php on line 7
[30-Nov-2025 23:37:01 Asia/Ho_Chi_Minh] PHP Warning:  Undefined variable $baseUrl in C:\xampp\htdocs\bookstore\resources\views\pages\home.php on line 10
[30-Nov-2025 23:37:01 Asia/Ho_Chi_Minh] PHP Warning:  Undefined variable $baseUrl in C:\xampp\htdocs\bookstore\resources\views\pages\home.php on line 11
[30-Nov-2025 23:37:01 Asia/Ho_Chi_Minh] PHP Warning:  Undefined variable $baseUrl in C:\xampp\htdocs\bookstore\resources\views\pages\home.php on line 18
[30-Nov-2025 23:37:01 Asia/Ho_Chi_Minh] PHP Warning:  Undefined variable $baseUrl in C:\xampp\htdocs\bookstore\resources\views\pages\home.php on line 22
[30-Nov-2025 23:37:01 Asia/Ho_Chi_Minh] PHP Warning:  Undefined variable $baseUrl in C:\xampp\htdocs\bookstore\resources\views\pages\home.php on line 171
[30-Nov-2025 23:37:01 Asia/Ho_Chi_Minh] PHP Warning:  Undefined variable $baseUrl in C:\xampp\htdocs\bookstore\resources\views\pages\home.php on line 186
[30-Nov-2025 23:37:01 Asia/Ho_Chi_Minh] PHP Warning:  Undefined variable $baseUrl in C:\xampp\htdocs\bookstore\resources\views\pages\home.php on line 201
[30-Nov-2025 23:37:01 Asia/Ho_Chi_Minh] PHP Warning:  Undefined variable $baseUrl in C:\xampp\htdocs\bookstore\resources\views\pages\home.php on line 233
[30-Nov-2025 23:37:01 Asia/Ho_Chi_Minh] PHP Warning:  Undefined variable $baseUrl in C:\xampp\htdocs\bookstore\resources\views\pages\home.php on line 234
[30-Nov-2025 23:37:01 Asia/Ho_Chi_Minh] PHP Warning:  Undefined variable $baseUrl in C:\xampp\htdocs\bookstore\resources\views\pages\home.php on line 235
[30-Nov-2025 23:37:01 Asia/Ho_Chi_Minh] PHP Warning:  Undefined variable $baseUrl in C:\xampp\htdocs\bookstore\resources\views\pages\home.php on line 236
[30-Nov-2025 23:37:01 Asia/Ho_Chi_Minh] PHP Warning:  Undefined variable $baseUrl in C:\xampp\htdocs\bookstore\resources\views\pages\home.php on line 237
[30-Nov-2025 23:37:01 Asia/Ho_Chi_Minh] PHP Warning:  Undefined variable $baseUrl in C:\xampp\htdocs\bookstore\resources\views\pages\home.php on line 238
[30-Nov-2025 23:37:01 Asia/Ho_Chi_Minh] PHP Warning:  Undefined variable $baseUrl in C:\xampp\htdocs\bookstore\resources\views\pages\home.php on line 239
[30-Nov-2025 23:37:01 Asia/Ho_Chi_Minh] PHP Warning:  Undefined variable $baseUrl in C:\xampp\htdocs\bookstore\resources\views\pages\home.php on line 240
[30-Nov-2025 23:37:01 Asia/Ho_Chi_Minh] PHP Warning:  Undefined variable $baseUrl in C:\xampp\htdocs\bookstore\resources\views\pages\home.php on line 241
[30-Nov-2025 23:37:01 Asia/Ho_Chi_Minh] PHP Warning:  Undefined variable $baseUrl in C:\xampp\htdocs\bookstore\resources\views\pages\home.php on line 242
[30-Nov-2025 23:37:01 Asia/Ho_Chi_Minh] PHP Warning:  Undefined variable $baseUrl in C:\xampp\htdocs\bookstore\resources\views\pages\home.php on line 249
[30-Nov-2025 23:37:01 Asia/Ho_Chi_Minh] PHP Warning:  Undefined variable $baseUrl in C:\xampp\htdocs\bookstore\resources\views\pages\home.php on line 276
[30-Nov-2025 23:37:01 Asia/Ho_Chi_Minh] PHP Warning:  Undefined variable $baseUrl in C:\xampp\htdocs\bookstore\resources\views\pages\home.php on line 282
[30-Nov-2025 23:37:01 Asia/Ho_Chi_Minh] PHP Warning:  Undefined variable $baseUrl in C:\xampp\htdocs\bookstore\resources\views\pages\home.php on line 308
[30-Nov-2025 23:37:01 Asia/Ho_Chi_Minh] PHP Warning:  Undefined variable $baseUrl in C:\xampp\htdocs\bookstore\resources\views\pages\home.php on line 282
[30-Nov-2025 23:37:01 Asia/Ho_Chi_Minh] PHP Warning:  Undefined variable $baseUrl in C:\xampp\htdocs\bookstore\resources\views\pages\home.php on line 308
[30-Nov-2025 23:37:01 Asia/Ho_Chi_Minh] PHP Warning:  Undefined variable $baseUrl in C:\xampp\htdocs\bookstore\resources\views\pages\home.php on line 282
[30-Nov-2025 23:37:01 Asia/Ho_Chi_Minh] PHP Warning:  Undefined variable $baseUrl in C:\xampp\htdocs\bookstore\resources\views\pages\home.php on line 308
[30-Nov-2025 23:37:01 Asia/Ho_Chi_Minh] PHP Warning:  Undefined variable $baseUrl in C:\xampp\htdocs\bookstore\resources\views\pages\home.php on line 282
[30-Nov-2025 23:37:01 Asia/Ho_Chi_Minh] PHP Warning:  Undefined variable $baseUrl in C:\xampp\htdocs\bookstore\resources\views\pages\home.php on line 308
[30-Nov-2025 23:37:01 Asia/Ho_Chi_Minh] PHP Warning:  Undefined variable $baseUrl in C:\xampp\htdocs\bookstore\resources\views\pages\home.php on line 326
[30-Nov-2025 23:37:01 Asia/Ho_Chi_Minh] PHP Warning:  Undefined variable $baseUrl in C:\xampp\htdocs\bookstore\resources\views\pages\home.php on line 331
[30-Nov-2025 23:37:01 Asia/Ho_Chi_Minh] PHP Warning:  Undefined variable $baseUrl in C:\xampp\htdocs\bookstore\resources\views\pages\home.php on line 357
[30-Nov-2025 23:37:01 Asia/Ho_Chi_Minh] PHP Warning:  Undefined variable $baseUrl in C:\xampp\htdocs\bookstore\resources\views\pages\home.php on line 331
[30-Nov-2025 23:37:01 Asia/Ho_Chi_Minh] PHP Warning:  Undefined variable $baseUrl in C:\xampp\htdocs\bookstore\resources\views\pages\home.php on line 357
[30-Nov-2025 23:37:01 Asia/Ho_Chi_Minh] PHP Warning:  Undefined variable $baseUrl in C:\xampp\htdocs\bookstore\resources\views\pages\home.php on line 331
[30-Nov-2025 23:37:01 Asia/Ho_Chi_Minh] PHP Warning:  Undefined variable $baseUrl in C:\xampp\htdocs\bookstore\resources\views\pages\home.php on line 357
[30-Nov-2025 23:37:01 Asia/Ho_Chi_Minh] PHP Warning:  Undefined variable $baseUrl in C:\xampp\htdocs\bookstore\resources\views\pages\home.php on line 331
[30-Nov-2025 23:37:01 Asia/Ho_Chi_Minh] PHP Warning:  Undefined variable $baseUrl in C:\xampp\htdocs\bookstore\resources\views\pages\home.php on line 357
[30-Nov-2025 23:37:01 Asia/Ho_Chi_Minh] PHP Warning:  Undefined variable $baseUrl in C:\xampp\htdocs\bookstore\resources\views\pages\home.php on line 375
[30-Nov-2025 23:37:01 Asia/Ho_Chi_Minh] PHP Warning:  Undefined variable $baseUrl in C:\xampp\htdocs\bookstore\resources\views\pages\home.php on line 380
[30-Nov-2025 23:37:01 Asia/Ho_Chi_Minh] PHP Warning:  Undefined variable $baseUrl in C:\xampp\htdocs\bookstore\resources\views\pages\home.php on line 406
[30-Nov-2025 23:37:01 Asia/Ho_Chi_Minh] PHP Warning:  Undefined variable $baseUrl in C:\xampp\htdocs\bookstore\resources\views\pages\home.php on line 380
[30-Nov-2025 23:37:01 Asia/Ho_Chi_Minh] PHP Warning:  Undefined variable $baseUrl in C:\xampp\htdocs\bookstore\resources\views\pages\home.php on line 406
[30-Nov-2025 23:37:01 Asia/Ho_Chi_Minh] PHP Warning:  Undefined variable $baseUrl in C:\xampp\htdocs\bookstore\resources\views\pages\home.php on line 380
[30-Nov-2025 23:37:01 Asia/Ho_Chi_Minh] PHP Warning:  Undefined variable $baseUrl in C:\xampp\htdocs\bookstore\resources\views\pages\home.php on line 406
[30-Nov-2025 23:37:01 Asia/Ho_Chi_Minh] PHP Warning:  Undefined variable $baseUrl in C:\xampp\htdocs\bookstore\resources\views\pages\home.php on line 380
[30-Nov-2025 23:37:01 Asia/Ho_Chi_Minh] PHP Warning:  Undefined variable $baseUrl in C:\xampp\htdocs\bookstore\resources\views\pages\home.php on line 406
[30-Nov-2025 23:37:01 Asia/Ho_Chi_Minh] PHP Warning:  Undefined variable $baseUrl in C:\xampp\htdocs\bookstore\resources\views\pages\home.php on line 428
[30-Nov-2025 23:37:01 Asia/Ho_Chi_Minh] PHP Warning:  Undefined variable $baseUrl in C:\xampp\htdocs\bookstore\resources\views\layout\header.php on line 7
[30-Nov-2025 23:37:01 Asia/Ho_Chi_Minh] PHP Deprecated:  rtrim(): Passing null to parameter #1 ($string) of type string is deprecated in C:\xampp\htdocs\bookstore\resources\views\layout\header.php on line 7
[30-Nov-2025 23:37:01 Asia/Ho_Chi_Minh] PHP Warning:  Undefined variable $appName in C:\xampp\htdocs\bookstore\resources\views\layout\header.php on line 8
[30-Nov-2025 23:37:01 Asia/Ho_Chi_Minh] PHP Warning:  Undefined variable $baseUrl in C:\xampp\htdocs\bookstore\resources\views\layout\header.php on line 9
[30-Nov-2025 23:37:01 Asia/Ho_Chi_Minh] PHP Warning:  Undefined variable $baseUrl in C:\xampp\htdocs\bookstore\resources\views\layout\header.php on line 11
[30-Nov-2025 23:37:01 Asia/Ho_Chi_Minh] PHP Warning:  Undefined variable $baseUrl in C:\xampp\htdocs\bookstore\resources\views\layout\header.php on line 21
[30-Nov-2025 23:37:01 Asia/Ho_Chi_Minh] PHP Warning:  Undefined variable $appName in C:\xampp\htdocs\bookstore\resources\views\layout\header.php on line 23
[30-Nov-2025 23:37:01 Asia/Ho_Chi_Minh] PHP Deprecated:  htmlspecialchars(): Passing null to parameter #1 ($string) of type string is deprecated in C:\xampp\htdocs\bookstore\resources\views\layout\header.php on line 23
[30-Nov-2025 23:37:01 Asia/Ho_Chi_Minh] PHP Warning:  Undefined variable $baseUrl in C:\xampp\htdocs\bookstore\resources\views\layout\header.php on line 29
[30-Nov-2025 23:37:01 Asia/Ho_Chi_Minh] PHP Warning:  Undefined variable $baseUrl in C:\xampp\htdocs\bookstore\resources\views\layout\header.php on line 37
[30-Nov-2025 23:37:01 Asia/Ho_Chi_Minh] PHP Warning:  Undefined variable $baseUrl in C:\xampp\htdocs\bookstore\resources\views\layout\header.php on line 96
[30-Nov-2025 23:37:01 Asia/Ho_Chi_Minh] PHP Warning:  Undefined variable $baseUrl in C:\xampp\htdocs\bookstore\resources\views\layout\header.php on line 110
[30-Nov-2025 23:37:01 Asia/Ho_Chi_Minh] PHP Warning:  Undefined variable $baseUrl in C:\xampp\htdocs\bookstore\resources\views\layout\header.php on line 112
[30-Nov-2025 23:37:01 Asia/Ho_Chi_Minh] PHP Warning:  Undefined variable $baseUrl in C:\xampp\htdocs\bookstore\resources\views\layout\header.php on line 115
[30-Nov-2025 23:37:01 Asia/Ho_Chi_Minh] PHP Warning:  Undefined variable $baseUrl in C:\xampp\htdocs\bookstore\resources\views\layout\header.php on line 116
[30-Nov-2025 23:37:01 Asia/Ho_Chi_Minh] PHP Warning:  Undefined variable $baseUrl in C:\xampp\htdocs\bookstore\resources\views\layout\header.php on line 117
[30-Nov-2025 23:37:01 Asia/Ho_Chi_Minh] PHP Warning:  Undefined variable $baseUrl in C:\xampp\htdocs\bookstore\resources\views\layout\header.php on line 118
[30-Nov-2025 23:37:01 Asia/Ho_Chi_Minh] PHP Warning:  Undefined variable $baseUrl in C:\xampp\htdocs\bookstore\resources\views\layout\header.php on line 120
[30-Nov-2025 23:37:01 Asia/Ho_Chi_Minh] PHP Warning:  Undefined variable $baseUrl in C:\xampp\htdocs\bookstore\resources\views\layout\header.php on line 121
[30-Nov-2025 23:37:01 Asia/Ho_Chi_Minh] PHP Warning:  Undefined variable $baseUrl in C:\xampp\htdocs\bookstore\resources\views\layout\header.php on line 122
[30-Nov-2025 23:37:01 Asia/Ho_Chi_Minh] PHP Warning:  Undefined variable $baseUrl in C:\xampp\htdocs\bookstore\resources\views\layout\header.php on line 123
[30-Nov-2025 23:37:01 Asia/Ho_Chi_Minh] PHP Warning:  Undefined variable $baseUrl in C:\xampp\htdocs\bookstore\resources\views\layout\header.php on line 127
[30-Nov-2025 23:37:01 Asia/Ho_Chi_Minh] PHP Warning:  Undefined variable $baseUrl in C:\xampp\htdocs\bookstore\resources\views\layout\header.php on line 129
[30-Nov-2025 23:37:01 Asia/Ho_Chi_Minh] PHP Warning:  Undefined variable $baseUrl in C:\xampp\htdocs\bookstore\resources\views\layout\header.php on line 130
[30-Nov-2025 23:37:01 Asia/Ho_Chi_Minh] PHP Warning:  Undefined variable $baseUrl in C:\xampp\htdocs\bookstore\resources\views\layout\header.php on line 131
[30-Nov-2025 23:37:01 Asia/Ho_Chi_Minh] PHP Warning:  Undefined variable $baseUrl in C:\xampp\htdocs\bookstore\resources\views\layout\header.php on line 132
[30-Nov-2025 23:37:01 Asia/Ho_Chi_Minh] PHP Warning:  Undefined variable $baseUrl in C:\xampp\htdocs\bookstore\resources\views\layout\header.php on line 136
[30-Nov-2025 23:37:01 Asia/Ho_Chi_Minh] PHP Warning:  Undefined variable $baseUrl in C:\xampp\htdocs\bookstore\resources\views\layout\header.php on line 138
[30-Nov-2025 23:37:01 Asia/Ho_Chi_Minh] PHP Warning:  Undefined variable $baseUrl in C:\xampp\htdocs\bookstore\resources\views\layout\header.php on line 139
[30-Nov-2025 23:37:01 Asia/Ho_Chi_Minh] PHP Warning:  Undefined variable $baseUrl in C:\xampp\htdocs\bookstore\resources\views\layout\header.php on line 140
[30-Nov-2025 23:37:01 Asia/Ho_Chi_Minh] PHP Warning:  Undefined variable $baseUrl in C:\xampp\htdocs\bookstore\resources\views\layout\header.php on line 141
[30-Nov-2025 23:37:01 Asia/Ho_Chi_Minh] PHP Warning:  Undefined variable $baseUrl in C:\xampp\htdocs\bookstore\resources\views\layout\header.php on line 144
[30-Nov-2025 23:37:01 Asia/Ho_Chi_Minh] PHP Warning:  Undefined variable $baseUrl in C:\xampp\htdocs\bookstore\resources\views\layout\header.php on line 145
[30-Nov-2025 23:37:01 Asia/Ho_Chi_Minh] PHP Warning:  Undefined variable $baseUrl in C:\xampp\htdocs\bookstore\resources\views\layout\header.php on line 146
[30-Nov-2025 23:37:01 Asia/Ho_Chi_Minh] PHP Warning:  Undefined variable $baseUrl in C:\xampp\htdocs\bookstore\resources\views\layout\header.php on line 147
[30-Nov-2025 23:37:01 Asia/Ho_Chi_Minh] PHP Warning:  Undefined variable $appName in C:\xampp\htdocs\bookstore\resources\views\layout\footer.php on line 9
[30-Nov-2025 23:37:01 Asia/Ho_Chi_Minh] PHP Deprecated:  htmlspecialchars(): Passing null to parameter #1 ($string) of type string is deprecated in C:\xampp\htdocs\bookstore\resources\views\layout\footer.php on line 9
[30-Nov-2025 23:37:01 Asia/Ho_Chi_Minh] PHP Warning:  Undefined variable $baseUrl in C:\xampp\htdocs\bookstore\resources\views\layout\footer.php on line 21
[30-Nov-2025 23:37:01 Asia/Ho_Chi_Minh] PHP Warning:  Undefined variable $baseUrl in C:\xampp\htdocs\bookstore\resources\views\layout\footer.php on line 22
[30-Nov-2025 23:37:01 Asia/Ho_Chi_Minh] PHP Warning:  Undefined variable $baseUrl in C:\xampp\htdocs\bookstore\resources\views\layout\footer.php on line 23
[30-Nov-2025 23:37:01 Asia/Ho_Chi_Minh] PHP Warning:  Undefined variable $baseUrl in C:\xampp\htdocs\bookstore\resources\views\layout\footer.php on line 24
[30-Nov-2025 23:37:01 Asia/Ho_Chi_Minh] PHP Warning:  Undefined variable $baseUrl in C:\xampp\htdocs\bookstore\resources\views\layout\footer.php on line 25
[30-Nov-2025 23:37:01 Asia/Ho_Chi_Minh] PHP Warning:  Undefined variable $baseUrl in C:\xampp\htdocs\bookstore\resources\views\layout\footer.php on line 26
[30-Nov-2025 23:37:01 Asia/Ho_Chi_Minh] PHP Warning:  Undefined variable $baseUrl in C:\xampp\htdocs\bookstore\resources\views\layout\footer.php on line 27
[30-Nov-2025 23:37:01 Asia/Ho_Chi_Minh] PHP Warning:  Undefined variable $baseUrl in C:\xampp\htdocs\bookstore\resources\views\layout\footer.php on line 73
[30-Nov-2025 23:37:01 Asia/Ho_Chi_Minh] PHP Warning:  Undefined variable $appName in C:\xampp\htdocs\bookstore\resources\views\layout\footer.php on line 97
[30-Nov-2025 23:37:01 Asia/Ho_Chi_Minh] PHP Deprecated:  htmlspecialchars(): Passing null to parameter #1 ($string) of type string is deprecated in C:\xampp\htdocs\bookstore\resources\views\layout\footer.php on line 97
[30-Nov-2025 23:37:01 Asia/Ho_Chi_Minh] PHP Warning:  Undefined variable $baseUrl in C:\xampp\htdocs\bookstore\resources\views\layout\footer.php on line 100
[30-Nov-2025 23:37:01 Asia/Ho_Chi_Minh] PHP Warning:  Undefined variable $baseUrl in C:\xampp\htdocs\bookstore\resources\views\layout\footer.php on line 101
[30-Nov-2025 23:37:01 Asia/Ho_Chi_Minh] PHP Warning:  Undefined variable $baseUrl in C:\xampp\htdocs\bookstore\resources\views\layout\footer.php on line 102
[30-Nov-2025 23:37:01 Asia/Ho_Chi_Minh] PHP Warning:  Undefined variable $baseUrl in C:\xampp\htdocs\bookstore\resources\views\layout\footer.php on line 158
[30-Nov-2025 23:37:01 Asia/Ho_Chi_Minh] PHP Warning:  Undefined variable $baseUrl in C:\xampp\htdocs\bookstore\resources\views\pages\home.php on line 6
[30-Nov-2025 23:37:01 Asia/Ho_Chi_Minh] PHP Deprecated:  rtrim(): Passing null to parameter #1 ($string) of type string is deprecated in C:\xampp\htdocs\bookstore\resources\views\pages\home.php on line 6
[30-Nov-2025 23:37:01 Asia/Ho_Chi_Minh] PHP Warning:  Undefined variable $appName in C:\xampp\htdocs\bookstore\resources\views\pages\home.php on line 7
[30-Nov-2025 23:37:01 Asia/Ho_Chi_Minh] PHP Deprecated:  htmlspecialchars(): Passing null to parameter #1 ($string) of type string is deprecated in C:\xampp\htdocs\bookstore\resources\views\pages\home.php on line 7
[30-Nov-2025 23:37:01 Asia/Ho_Chi_Minh] PHP Warning:  Undefined variable $baseUrl in C:\xampp\htdocs\bookstore\resources\views\pages\home.php on line 10
[30-Nov-2025 23:37:01 Asia/Ho_Chi_Minh] PHP Warning:  Undefined variable $baseUrl in C:\xampp\htdocs\bookstore\resources\views\pages\home.php on line 11
[30-Nov-2025 23:37:01 Asia/Ho_Chi_Minh] PHP Warning:  Undefined variable $baseUrl in C:\xampp\htdocs\bookstore\resources\views\pages\home.php on line 18
[30-Nov-2025 23:37:01 Asia/Ho_Chi_Minh] PHP Warning:  Undefined variable $baseUrl in C:\xampp\htdocs\bookstore\resources\views\pages\home.php on line 22
[30-Nov-2025 23:37:01 Asia/Ho_Chi_Minh] PHP Warning:  Undefined variable $baseUrl in C:\xampp\htdocs\bookstore\resources\views\pages\home.php on line 171
[30-Nov-2025 23:37:01 Asia/Ho_Chi_Minh] PHP Warning:  Undefined variable $baseUrl in C:\xampp\htdocs\bookstore\resources\views\pages\home.php on line 186
[30-Nov-2025 23:37:01 Asia/Ho_Chi_Minh] PHP Warning:  Undefined variable $baseUrl in C:\xampp\htdocs\bookstore\resources\views\pages\home.php on line 201
[30-Nov-2025 23:37:01 Asia/Ho_Chi_Minh] PHP Warning:  Undefined variable $baseUrl in C:\xampp\htdocs\bookstore\resources\views\pages\home.php on line 233
[30-Nov-2025 23:37:01 Asia/Ho_Chi_Minh] PHP Warning:  Undefined variable $baseUrl in C:\xampp\htdocs\bookstore\resources\views\pages\home.php on line 234
[30-Nov-2025 23:37:01 Asia/Ho_Chi_Minh] PHP Warning:  Undefined variable $baseUrl in C:\xampp\htdocs\bookstore\resources\views\pages\home.php on line 235
[30-Nov-2025 23:37:01 Asia/Ho_Chi_Minh] PHP Warning:  Undefined variable $baseUrl in C:\xampp\htdocs\bookstore\resources\views\pages\home.php on line 236
[30-Nov-2025 23:37:01 Asia/Ho_Chi_Minh] PHP Warning:  Undefined variable $baseUrl in C:\xampp\htdocs\bookstore\resources\views\pages\home.php on line 237
[30-Nov-2025 23:37:01 Asia/Ho_Chi_Minh] PHP Warning:  Undefined variable $baseUrl in C:\xampp\htdocs\bookstore\resources\views\pages\home.php on line 238
[30-Nov-2025 23:37:01 Asia/Ho_Chi_Minh] PHP Warning:  Undefined variable $baseUrl in C:\xampp\htdocs\bookstore\resources\views\pages\home.php on line 239
[30-Nov-2025 23:37:01 Asia/Ho_Chi_Minh] PHP Warning:  Undefined variable $baseUrl in C:\xampp\htdocs\bookstore\resources\views\pages\home.php on line 240
[30-Nov-2025 23:37:01 Asia/Ho_Chi_Minh] PHP Warning:  Undefined variable $baseUrl in C:\xampp\htdocs\bookstore\resources\views\pages\home.php on line 241
[30-Nov-2025 23:37:01 Asia/Ho_Chi_Minh] PHP Warning:  Undefined variable $baseUrl in C:\xampp\htdocs\bookstore\resources\views\pages\home.php on line 242
[30-Nov-2025 23:37:01 Asia/Ho_Chi_Minh] PHP Warning:  Undefined variable $baseUrl in C:\xampp\htdocs\bookstore\resources\views\pages\home.php on line 249
[30-Nov-2025 23:37:01 Asia/Ho_Chi_Minh] PHP Warning:  Undefined variable $baseUrl in C:\xampp\htdocs\bookstore\resources\views\pages\home.php on line 276
[30-Nov-2025 23:37:01 Asia/Ho_Chi_Minh] PHP Warning:  Undefined variable $baseUrl in C:\xampp\htdocs\bookstore\resources\views\pages\home.php on line 282
[30-Nov-2025 23:37:01 Asia/Ho_Chi_Minh] PHP Warning:  Undefined variable $baseUrl in C:\xampp\htdocs\bookstore\resources\views\pages\home.php on line 308
[30-Nov-2025 23:37:01 Asia/Ho_Chi_Minh] PHP Warning:  Undefined variable $baseUrl in C:\xampp\htdocs\bookstore\resources\views\pages\home.php on line 282
[30-Nov-2025 23:37:01 Asia/Ho_Chi_Minh] PHP Warning:  Undefined variable $baseUrl in C:\xampp\htdocs\bookstore\resources\views\pages\home.php on line 308
[30-Nov-2025 23:37:01 Asia/Ho_Chi_Minh] PHP Warning:  Undefined variable $baseUrl in C:\xampp\htdocs\bookstore\resources\views\pages\home.php on line 282
[30-Nov-2025 23:37:01 Asia/Ho_Chi_Minh] PHP Warning:  Undefined variable $baseUrl in C:\xampp\htdocs\bookstore\resources\views\pages\home.php on line 308
[30-Nov-2025 23:37:01 Asia/Ho_Chi_Minh] PHP Warning:  Undefined variable $baseUrl in C:\xampp\htdocs\bookstore\resources\views\pages\home.php on line 282
[30-Nov-2025 23:37:01 Asia/Ho_Chi_Minh] PHP Warning:  Undefined variable $baseUrl in C:\xampp\htdocs\bookstore\resources\views\pages\home.php on line 308
[30-Nov-2025 23:37:01 Asia/Ho_Chi_Minh] PHP Warning:  Undefined variable $baseUrl in C:\xampp\htdocs\bookstore\resources\views\pages\home.php on line 326
[30-Nov-2025 23:37:01 Asia/Ho_Chi_Minh] PHP Warning:  Undefined variable $baseUrl in C:\xampp\htdocs\bookstore\resources\views\pages\home.php on line 331
[30-Nov-2025 23:37:01 Asia/Ho_Chi_Minh] PHP Warning:  Undefined variable $baseUrl in C:\xampp\htdocs\bookstore\resources\views\pages\home.php on line 357
[30-Nov-2025 23:37:01 Asia/Ho_Chi_Minh] PHP Warning:  Undefined variable $baseUrl in C:\xampp\htdocs\bookstore\resources\views\pages\home.php on line 331
[30-Nov-2025 23:37:01 Asia/Ho_Chi_Minh] PHP Warning:  Undefined variable $baseUrl in C:\xampp\htdocs\bookstore\resources\views\pages\home.php on line 357
[30-Nov-2025 23:37:01 Asia/Ho_Chi_Minh] PHP Warning:  Undefined variable $baseUrl in C:\xampp\htdocs\bookstore\resources\views\pages\home.php on line 331
[30-Nov-2025 23:37:01 Asia/Ho_Chi_Minh] PHP Warning:  Undefined variable $baseUrl in C:\xampp\htdocs\bookstore\resources\views\pages\home.php on line 357
[30-Nov-2025 23:37:01 Asia/Ho_Chi_Minh] PHP Warning:  Undefined variable $baseUrl in C:\xampp\htdocs\bookstore\resources\views\pages\home.php on line 331
[30-Nov-2025 23:37:01 Asia/Ho_Chi_Minh] PHP Warning:  Undefined variable $baseUrl in C:\xampp\htdocs\bookstore\resources\views\pages\home.php on line 357
[30-Nov-2025 23:37:01 Asia/Ho_Chi_Minh] PHP Warning:  Undefined variable $baseUrl in C:\xampp\htdocs\bookstore\resources\views\pages\home.php on line 375
[30-Nov-2025 23:37:01 Asia/Ho_Chi_Minh] PHP Warning:  Undefined variable $baseUrl in C:\xampp\htdocs\bookstore\resources\views\pages\home.php on line 380
[30-Nov-2025 23:37:01 Asia/Ho_Chi_Minh] PHP Warning:  Undefined variable $baseUrl in C:\xampp\htdocs\bookstore\resources\views\pages\home.php on line 406
[30-Nov-2025 23:37:01 Asia/Ho_Chi_Minh] PHP Warning:  Undefined variable $baseUrl in C:\xampp\htdocs\bookstore\resources\views\pages\home.php on line 380
[30-Nov-2025 23:37:01 Asia/Ho_Chi_Minh] PHP Warning:  Undefined variable $baseUrl in C:\xampp\htdocs\bookstore\resources\views\pages\home.php on line 406
[30-Nov-2025 23:37:01 Asia/Ho_Chi_Minh] PHP Warning:  Undefined variable $baseUrl in C:\xampp\htdocs\bookstore\resources\views\pages\home.php on line 380
[30-Nov-2025 23:37:01 Asia/Ho_Chi_Minh] PHP Warning:  Undefined variable $baseUrl in C:\xampp\htdocs\bookstore\resources\views\pages\home.php on line 406
[30-Nov-2025 23:37:01 Asia/Ho_Chi_Minh] PHP Warning:  Undefined variable $baseUrl in C:\xampp\htdocs\bookstore\resources\views\pages\home.php on line 380
[30-Nov-2025 23:37:01 Asia/Ho_Chi_Minh] PHP Warning:  Undefined variable $baseUrl in C:\xampp\htdocs\bookstore\resources\views\pages\home.php on line 406
[30-Nov-2025 23:37:01 Asia/Ho_Chi_Minh] PHP Warning:  Undefined variable $baseUrl in C:\xampp\htdocs\bookstore\resources\views\pages\home.php on line 428
[30-Nov-2025 23:37:01 Asia/Ho_Chi_Minh] PHP Warning:  Undefined variable $baseUrl in C:\xampp\htdocs\bookstore\resources\views\layout\header.php on line 7
[30-Nov-2025 23:37:01 Asia/Ho_Chi_Minh] PHP Deprecated:  rtrim(): Passing null to parameter #1 ($string) of type string is deprecated in C:\xampp\htdocs\bookstore\resources\views\layout\header.php on line 7
[30-Nov-2025 23:37:01 Asia/Ho_Chi_Minh] PHP Warning:  Undefined variable $appName in C:\xampp\htdocs\bookstore\resources\views\layout\header.php on line 8
[30-Nov-2025 23:37:01 Asia/Ho_Chi_Minh] PHP Warning:  Undefined variable $baseUrl in C:\xampp\htdocs\bookstore\resources\views\layout\header.php on line 9
[30-Nov-2025 23:37:01 Asia/Ho_Chi_Minh] PHP Warning:  Undefined variable $baseUrl in C:\xampp\htdocs\bookstore\resources\views\layout\header.php on line 11
[30-Nov-2025 23:37:01 Asia/Ho_Chi_Minh] PHP Warning:  Undefined variable $baseUrl in C:\xampp\htdocs\bookstore\resources\views\layout\header.php on line 21
[30-Nov-2025 23:37:01 Asia/Ho_Chi_Minh] PHP Warning:  Undefined variable $appName in C:\xampp\htdocs\bookstore\resources\views\layout\header.php on line 23
[30-Nov-2025 23:37:01 Asia/Ho_Chi_Minh] PHP Deprecated:  htmlspecialchars(): Passing null to parameter #1 ($string) of type string is deprecated in C:\xampp\htdocs\bookstore\resources\views\layout\header.php on line 23
[30-Nov-2025 23:37:01 Asia/Ho_Chi_Minh] PHP Warning:  Undefined variable $baseUrl in C:\xampp\htdocs\bookstore\resources\views\layout\header.php on line 29
[30-Nov-2025 23:37:01 Asia/Ho_Chi_Minh] PHP Warning:  Undefined variable $baseUrl in C:\xampp\htdocs\bookstore\resources\views\layout\header.php on line 37
[30-Nov-2025 23:37:01 Asia/Ho_Chi_Minh] PHP Warning:  Undefined variable $baseUrl in C:\xampp\htdocs\bookstore\resources\views\layout\header.php on line 96
[30-Nov-2025 23:37:01 Asia/Ho_Chi_Minh] PHP Warning:  Undefined variable $baseUrl in C:\xampp\htdocs\bookstore\resources\views\layout\header.php on line 110
[30-Nov-2025 23:37:01 Asia/Ho_Chi_Minh] PHP Warning:  Undefined variable $baseUrl in C:\xampp\htdocs\bookstore\resources\views\layout\header.php on line 112
[30-Nov-2025 23:37:01 Asia/Ho_Chi_Minh] PHP Warning:  Undefined variable $baseUrl in C:\xampp\htdocs\bookstore\resources\views\layout\header.php on line 115
[30-Nov-2025 23:37:01 Asia/Ho_Chi_Minh] PHP Warning:  Undefined variable $baseUrl in C:\xampp\htdocs\bookstore\resources\views\layout\header.php on line 116
[30-Nov-2025 23:37:01 Asia/Ho_Chi_Minh] PHP Warning:  Undefined variable $baseUrl in C:\xampp\htdocs\bookstore\resources\views\layout\header.php on line 117
[30-Nov-2025 23:37:01 Asia/Ho_Chi_Minh] PHP Warning:  Undefined variable $baseUrl in C:\xampp\htdocs\bookstore\resources\views\layout\header.php on line 118
[30-Nov-2025 23:37:01 Asia/Ho_Chi_Minh] PHP Warning:  Undefined variable $baseUrl in C:\xampp\htdocs\bookstore\resources\views\layout\header.php on line 120
[30-Nov-2025 23:37:01 Asia/Ho_Chi_Minh] PHP Warning:  Undefined variable $baseUrl in C:\xampp\htdocs\bookstore\resources\views\layout\header.php on line 121
[30-Nov-2025 23:37:01 Asia/Ho_Chi_Minh] PHP Warning:  Undefined variable $baseUrl in C:\xampp\htdocs\bookstore\resources\views\layout\header.php on line 122
[30-Nov-2025 23:37:01 Asia/Ho_Chi_Minh] PHP Warning:  Undefined variable $baseUrl in C:\xampp\htdocs\bookstore\resources\views\layout\header.php on line 123
[30-Nov-2025 23:37:01 Asia/Ho_Chi_Minh] PHP Warning:  Undefined variable $baseUrl in C:\xampp\htdocs\bookstore\resources\views\layout\header.php on line 127
[30-Nov-2025 23:37:01 Asia/Ho_Chi_Minh] PHP Warning:  Undefined variable $baseUrl in C:\xampp\htdocs\bookstore\resources\views\layout\header.php on line 129
[30-Nov-2025 23:37:01 Asia/Ho_Chi_Minh] PHP Warning:  Undefined variable $baseUrl in C:\xampp\htdocs\bookstore\resources\views\layout\header.php on line 130
[30-Nov-2025 23:37:01 Asia/Ho_Chi_Minh] PHP Warning:  Undefined variable $baseUrl in C:\xampp\htdocs\bookstore\resources\views\layout\header.php on line 131
[30-Nov-2025 23:37:01 Asia/Ho_Chi_Minh] PHP Warning:  Undefined variable $baseUrl in C:\xampp\htdocs\bookstore\resources\views\layout\header.php on line 132
[30-Nov-2025 23:37:01 Asia/Ho_Chi_Minh] PHP Warning:  Undefined variable $baseUrl in C:\xampp\htdocs\bookstore\resources\views\layout\header.php on line 136
[30-Nov-2025 23:37:01 Asia/Ho_Chi_Minh] PHP Warning:  Undefined variable $baseUrl in C:\xampp\htdocs\bookstore\resources\views\layout\header.php on line 138
[30-Nov-2025 23:37:01 Asia/Ho_Chi_Minh] PHP Warning:  Undefined variable $baseUrl in C:\xampp\htdocs\bookstore\resources\views\layout\header.php on line 139
[30-Nov-2025 23:37:01 Asia/Ho_Chi_Minh] PHP Warning:  Undefined variable $baseUrl in C:\xampp\htdocs\bookstore\resources\views\layout\header.php on line 140
[30-Nov-2025 23:37:01 Asia/Ho_Chi_Minh] PHP Warning:  Undefined variable $baseUrl in C:\xampp\htdocs\bookstore\resources\views\layout\header.php on line 141
[30-Nov-2025 23:37:01 Asia/Ho_Chi_Minh] PHP Warning:  Undefined variable $baseUrl in C:\xampp\htdocs\bookstore\resources\views\layout\header.php on line 144
[30-Nov-2025 23:37:01 Asia/Ho_Chi_Minh] PHP Warning:  Undefined variable $baseUrl in C:\xampp\htdocs\bookstore\resources\views\layout\header.php on line 145
[30-Nov-2025 23:37:01 Asia/Ho_Chi_Minh] PHP Warning:  Undefined variable $baseUrl in C:\xampp\htdocs\bookstore\resources\views\layout\header.php on line 146
[30-Nov-2025 23:37:01 Asia/Ho_Chi_Minh] PHP Warning:  Undefined variable $baseUrl in C:\xampp\htdocs\bookstore\resources\views\layout\header.php on line 147
[30-Nov-2025 23:37:01 Asia/Ho_Chi_Minh] PHP Warning:  Undefined variable $appName in C:\xampp\htdocs\bookstore\resources\views\layout\footer.php on line 9
[30-Nov-2025 23:37:01 Asia/Ho_Chi_Minh] PHP Deprecated:  htmlspecialchars(): Passing null to parameter #1 ($string) of type string is deprecated in C:\xampp\htdocs\bookstore\resources\views\layout\footer.php on line 9
[30-Nov-2025 23:37:01 Asia/Ho_Chi_Minh] PHP Warning:  Undefined variable $baseUrl in C:\xampp\htdocs\bookstore\resources\views\layout\footer.php on line 21
[30-Nov-2025 23:37:01 Asia/Ho_Chi_Minh] PHP Warning:  Undefined variable $baseUrl in C:\xampp\htdocs\bookstore\resources\views\layout\footer.php on line 22
[30-Nov-2025 23:37:01 Asia/Ho_Chi_Minh] PHP Warning:  Undefined variable $baseUrl in C:\xampp\htdocs\bookstore\resources\views\layout\footer.php on line 23
[30-Nov-2025 23:37:01 Asia/Ho_Chi_Minh] PHP Warning:  Undefined variable $baseUrl in C:\xampp\htdocs\bookstore\resources\views\layout\footer.php on line 24
[30-Nov-2025 23:37:01 Asia/Ho_Chi_Minh] PHP Warning:  Undefined variable $baseUrl in C:\xampp\htdocs\bookstore\resources\views\layout\footer.php on line 25
[30-Nov-2025 23:37:01 Asia/Ho_Chi_Minh] PHP Warning:  Undefined variable $baseUrl in C:\xampp\htdocs\bookstore\resources\views\layout\footer.php on line 26
[30-Nov-2025 23:37:01 Asia/Ho_Chi_Minh] PHP Warning:  Undefined variable $baseUrl in C:\xampp\htdocs\bookstore\resources\views\layout\footer.php on line 27
[30-Nov-2025 23:37:01 Asia/Ho_Chi_Minh] PHP Warning:  Undefined variable $baseUrl in C:\xampp\htdocs\bookstore\resources\views\layout\footer.php on line 73
[30-Nov-2025 23:37:01 Asia/Ho_Chi_Minh] PHP Warning:  Undefined variable $appName in C:\xampp\htdocs\bookstore\resources\views\layout\footer.php on line 97
[30-Nov-2025 23:37:01 Asia/Ho_Chi_Minh] PHP Deprecated:  htmlspecialchars(): Passing null to parameter #1 ($string) of type string is deprecated in C:\xampp\htdocs\bookstore\resources\views\layout\footer.php on line 97
[30-Nov-2025 23:37:01 Asia/Ho_Chi_Minh] PHP Warning:  Undefined variable $baseUrl in C:\xampp\htdocs\bookstore\resources\views\layout\footer.php on line 100
[30-Nov-2025 23:37:01 Asia/Ho_Chi_Minh] PHP Warning:  Undefined variable $baseUrl in C:\xampp\htdocs\bookstore\resources\views\layout\footer.php on line 101
[30-Nov-2025 23:37:01 Asia/Ho_Chi_Minh] PHP Warning:  Undefined variable $baseUrl in C:\xampp\htdocs\bookstore\resources\views\layout\footer.php on line 102
[30-Nov-2025 23:37:01 Asia/Ho_Chi_Minh] PHP Warning:  Undefined variable $baseUrl in C:\xampp\htdocs\bookstore\resources\views\layout\footer.php on line 158
[30-Nov-2025 23:37:01 Asia/Ho_Chi_Minh] PHP Warning:  Undefined variable $baseUrl in C:\xampp\htdocs\bookstore\resources\views\pages\home.php on line 6
[30-Nov-2025 23:37:01 Asia/Ho_Chi_Minh] PHP Deprecated:  rtrim(): Passing null to parameter #1 ($string) of type string is deprecated in C:\xampp\htdocs\bookstore\resources\views\pages\home.php on line 6
[30-Nov-2025 23:37:01 Asia/Ho_Chi_Minh] PHP Warning:  Undefined variable $appName in C:\xampp\htdocs\bookstore\resources\views\pages\home.php on line 7
[30-Nov-2025 23:37:01 Asia/Ho_Chi_Minh] PHP Deprecated:  htmlspecialchars(): Passing null to parameter #1 ($string) of type string is deprecated in C:\xampp\htdocs\bookstore\resources\views\pages\home.php on line 7
[30-Nov-2025 23:37:01 Asia/Ho_Chi_Minh] PHP Warning:  Undefined variable $baseUrl in C:\xampp\htdocs\bookstore\resources\views\pages\home.php on line 10
[30-Nov-2025 23:37:01 Asia/Ho_Chi_Minh] PHP Warning:  Undefined variable $baseUrl in C:\xampp\htdocs\bookstore\resources\views\pages\home.php on line 11
[30-Nov-2025 23:37:01 Asia/Ho_Chi_Minh] PHP Warning:  Undefined variable $baseUrl in C:\xampp\htdocs\bookstore\resources\views\pages\home.php on line 18
[30-Nov-2025 23:37:01 Asia/Ho_Chi_Minh] PHP Warning:  Undefined variable $baseUrl in C:\xampp\htdocs\bookstore\resources\views\pages\home.php on line 22
[30-Nov-2025 23:37:01 Asia/Ho_Chi_Minh] PHP Warning:  Undefined variable $baseUrl in C:\xampp\htdocs\bookstore\resources\views\pages\home.php on line 171
[30-Nov-2025 23:37:01 Asia/Ho_Chi_Minh] PHP Warning:  Undefined variable $baseUrl in C:\xampp\htdocs\bookstore\resources\views\pages\home.php on line 186
[30-Nov-2025 23:37:01 Asia/Ho_Chi_Minh] PHP Warning:  Undefined variable $baseUrl in C:\xampp\htdocs\bookstore\resources\views\pages\home.php on line 201
[30-Nov-2025 23:37:01 Asia/Ho_Chi_Minh] PHP Warning:  Undefined variable $baseUrl in C:\xampp\htdocs\bookstore\resources\views\pages\home.php on line 233
[30-Nov-2025 23:37:01 Asia/Ho_Chi_Minh] PHP Warning:  Undefined variable $baseUrl in C:\xampp\htdocs\bookstore\resources\views\pages\home.php on line 234
[30-Nov-2025 23:37:01 Asia/Ho_Chi_Minh] PHP Warning:  Undefined variable $baseUrl in C:\xampp\htdocs\bookstore\resources\views\pages\home.php on line 235
[30-Nov-2025 23:37:01 Asia/Ho_Chi_Minh] PHP Warning:  Undefined variable $baseUrl in C:\xampp\htdocs\bookstore\resources\views\pages\home.php on line 236
[30-Nov-2025 23:37:01 Asia/Ho_Chi_Minh] PHP Warning:  Undefined variable $baseUrl in C:\xampp\htdocs\bookstore\resources\views\pages\home.php on line 237
[30-Nov-2025 23:37:01 Asia/Ho_Chi_Minh] PHP Warning:  Undefined variable $baseUrl in C:\xampp\htdocs\bookstore\resources\views\pages\home.php on line 238
[30-Nov-2025 23:37:01 Asia/Ho_Chi_Minh] PHP Warning:  Undefined variable $baseUrl in C:\xampp\htdocs\bookstore\resources\views\pages\home.php on line 239
[30-Nov-2025 23:37:01 Asia/Ho_Chi_Minh] PHP Warning:  Undefined variable $baseUrl in C:\xampp\htdocs\bookstore\resources\views\pages\home.php on line 240
[30-Nov-2025 23:37:01 Asia/Ho_Chi_Minh] PHP Warning:  Undefined variable $baseUrl in C:\xampp\htdocs\bookstore\resources\views\pages\home.php on line 241
[30-Nov-2025 23:37:01 Asia/Ho_Chi_Minh] PHP Warning:  Undefined variable $baseUrl in C:\xampp\htdocs\bookstore\resources\views\pages\home.php on line 242
[30-Nov-2025 23:37:01 Asia/Ho_Chi_Minh] PHP Warning:  Undefined variable $baseUrl in C:\xampp\htdocs\bookstore\resources\views\pages\home.php on line 249
[30-Nov-2025 23:37:01 Asia/Ho_Chi_Minh] PHP Warning:  Undefined variable $baseUrl in C:\xampp\htdocs\bookstore\resources\views\pages\home.php on line 276
[30-Nov-2025 23:37:01 Asia/Ho_Chi_Minh] PHP Warning:  Undefined variable $baseUrl in C:\xampp\htdocs\bookstore\resources\views\pages\home.php on line 282
[30-Nov-2025 23:37:01 Asia/Ho_Chi_Minh] PHP Warning:  Undefined variable $baseUrl in C:\xampp\htdocs\bookstore\resources\views\pages\home.php on line 308
[30-Nov-2025 23:37:01 Asia/Ho_Chi_Minh] PHP Warning:  Undefined variable $baseUrl in C:\xampp\htdocs\bookstore\resources\views\pages\home.php on line 282
[30-Nov-2025 23:37:01 Asia/Ho_Chi_Minh] PHP Warning:  Undefined variable $baseUrl in C:\xampp\htdocs\bookstore\resources\views\pages\home.php on line 308
[30-Nov-2025 23:37:01 Asia/Ho_Chi_Minh] PHP Warning:  Undefined variable $baseUrl in C:\xampp\htdocs\bookstore\resources\views\pages\home.php on line 282
[30-Nov-2025 23:37:01 Asia/Ho_Chi_Minh] PHP Warning:  Undefined variable $baseUrl in C:\xampp\htdocs\bookstore\resources\views\pages\home.php on line 308
[30-Nov-2025 23:37:01 Asia/Ho_Chi_Minh] PHP Warning:  Undefined variable $baseUrl in C:\xampp\htdocs\bookstore\resources\views\pages\home.php on line 282
[30-Nov-2025 23:37:01 Asia/Ho_Chi_Minh] PHP Warning:  Undefined variable $baseUrl in C:\xampp\htdocs\bookstore\resources\views\pages\home.php on line 308
[30-Nov-2025 23:37:01 Asia/Ho_Chi_Minh] PHP Warning:  Undefined variable $baseUrl in C:\xampp\htdocs\bookstore\resources\views\pages\home.php on line 326
[30-Nov-2025 23:37:01 Asia/Ho_Chi_Minh] PHP Warning:  Undefined variable $baseUrl in C:\xampp\htdocs\bookstore\resources\views\pages\home.php on line 331
[30-Nov-2025 23:37:01 Asia/Ho_Chi_Minh] PHP Warning:  Undefined variable $baseUrl in C:\xampp\htdocs\bookstore\resources\views\pages\home.php on line 357
[30-Nov-2025 23:37:01 Asia/Ho_Chi_Minh] PHP Warning:  Undefined variable $baseUrl in C:\xampp\htdocs\bookstore\resources\views\pages\home.php on line 331
[30-Nov-2025 23:37:01 Asia/Ho_Chi_Minh] PHP Warning:  Undefined variable $baseUrl in C:\xampp\htdocs\bookstore\resources\views\pages\home.php on line 357
[30-Nov-2025 23:37:01 Asia/Ho_Chi_Minh] PHP Warning:  Undefined variable $baseUrl in C:\xampp\htdocs\bookstore\resources\views\pages\home.php on line 331
[30-Nov-2025 23:37:01 Asia/Ho_Chi_Minh] PHP Warning:  Undefined variable $baseUrl in C:\xampp\htdocs\bookstore\resources\views\pages\home.php on line 357
[30-Nov-2025 23:37:01 Asia/Ho_Chi_Minh] PHP Warning:  Undefined variable $baseUrl in C:\xampp\htdocs\bookstore\resources\views\pages\home.php on line 331
[30-Nov-2025 23:37:01 Asia/Ho_Chi_Minh] PHP Warning:  Undefined variable $baseUrl in C:\xampp\htdocs\bookstore\resources\views\pages\home.php on line 357
[30-Nov-2025 23:37:01 Asia/Ho_Chi_Minh] PHP Warning:  Undefined variable $baseUrl in C:\xampp\htdocs\bookstore\resources\views\pages\home.php on line 375
[30-Nov-2025 23:37:01 Asia/Ho_Chi_Minh] PHP Warning:  Undefined variable $baseUrl in C:\xampp\htdocs\bookstore\resources\views\pages\home.php on line 380
[30-Nov-2025 23:37:01 Asia/Ho_Chi_Minh] PHP Warning:  Undefined variable $baseUrl in C:\xampp\htdocs\bookstore\resources\views\pages\home.php on line 406
[30-Nov-2025 23:37:01 Asia/Ho_Chi_Minh] PHP Warning:  Undefined variable $baseUrl in C:\xampp\htdocs\bookstore\resources\views\pages\home.php on line 380
[30-Nov-2025 23:37:01 Asia/Ho_Chi_Minh] PHP Warning:  Undefined variable $baseUrl in C:\xampp\htdocs\bookstore\resources\views\pages\home.php on line 406
[30-Nov-2025 23:37:01 Asia/Ho_Chi_Minh] PHP Warning:  Undefined variable $baseUrl in C:\xampp\htdocs\bookstore\resources\views\pages\home.php on line 380
[30-Nov-2025 23:37:01 Asia/Ho_Chi_Minh] PHP Warning:  Undefined variable $baseUrl in C:\xampp\htdocs\bookstore\resources\views\pages\home.php on line 406
[30-Nov-2025 23:37:01 Asia/Ho_Chi_Minh] PHP Warning:  Undefined variable $baseUrl in C:\xampp\htdocs\bookstore\resources\views\pages\home.php on line 380
[30-Nov-2025 23:37:01 Asia/Ho_Chi_Minh] PHP Warning:  Undefined variable $baseUrl in C:\xampp\htdocs\bookstore\resources\views\pages\home.php on line 406
[30-Nov-2025 23:37:01 Asia/Ho_Chi_Minh] PHP Warning:  Undefined variable $baseUrl in C:\xampp\htdocs\bookstore\resources\views\pages\home.php on line 428
[30-Nov-2025 23:37:01 Asia/Ho_Chi_Minh] PHP Warning:  Undefined variable $baseUrl in C:\xampp\htdocs\bookstore\resources\views\layout\header.php on line 7
[30-Nov-2025 23:37:01 Asia/Ho_Chi_Minh] PHP Deprecated:  rtrim(): Passing null to parameter #1 ($string) of type string is deprecated in C:\xampp\htdocs\bookstore\resources\views\layout\header.php on line 7
[30-Nov-2025 23:37:01 Asia/Ho_Chi_Minh] PHP Warning:  Undefined variable $appName in C:\xampp\htdocs\bookstore\resources\views\layout\header.php on line 8
[30-Nov-2025 23:37:01 Asia/Ho_Chi_Minh] PHP Warning:  Undefined variable $baseUrl in C:\xampp\htdocs\bookstore\resources\views\layout\header.php on line 9
[30-Nov-2025 23:37:01 Asia/Ho_Chi_Minh] PHP Warning:  Undefined variable $baseUrl in C:\xampp\htdocs\bookstore\resources\views\layout\header.php on line 11
[30-Nov-2025 23:37:01 Asia/Ho_Chi_Minh] PHP Warning:  Undefined variable $baseUrl in C:\xampp\htdocs\bookstore\resources\views\layout\header.php on line 21
[30-Nov-2025 23:37:01 Asia/Ho_Chi_Minh] PHP Warning:  Undefined variable $appName in C:\xampp\htdocs\bookstore\resources\views\layout\header.php on line 23
[30-Nov-2025 23:37:01 Asia/Ho_Chi_Minh] PHP Deprecated:  htmlspecialchars(): Passing null to parameter #1 ($string) of type string is deprecated in C:\xampp\htdocs\bookstore\resources\views\layout\header.php on line 23
[30-Nov-2025 23:37:01 Asia/Ho_Chi_Minh] PHP Warning:  Undefined variable $baseUrl in C:\xampp\htdocs\bookstore\resources\views\layout\header.php on line 29
[30-Nov-2025 23:37:01 Asia/Ho_Chi_Minh] PHP Warning:  Undefined variable $baseUrl in C:\xampp\htdocs\bookstore\resources\views\layout\header.php on line 37
[30-Nov-2025 23:37:01 Asia/Ho_Chi_Minh] PHP Warning:  Undefined variable $baseUrl in C:\xampp\htdocs\bookstore\resources\views\layout\header.php on line 96
[30-Nov-2025 23:37:01 Asia/Ho_Chi_Minh] PHP Warning:  Undefined variable $baseUrl in C:\xampp\htdocs\bookstore\resources\views\layout\header.php on line 110
[30-Nov-2025 23:37:01 Asia/Ho_Chi_Minh] PHP Warning:  Undefined variable $baseUrl in C:\xampp\htdocs\bookstore\resources\views\layout\header.php on line 112
[30-Nov-2025 23:37:01 Asia/Ho_Chi_Minh] PHP Warning:  Undefined variable $baseUrl in C:\xampp\htdocs\bookstore\resources\views\layout\header.php on line 115
[30-Nov-2025 23:37:01 Asia/Ho_Chi_Minh] PHP Warning:  Undefined variable $baseUrl in C:\xampp\htdocs\bookstore\resources\views\layout\header.php on line 116
[30-Nov-2025 23:37:01 Asia/Ho_Chi_Minh] PHP Warning:  Undefined variable $baseUrl in C:\xampp\htdocs\bookstore\resources\views\layout\header.php on line 117
[30-Nov-2025 23:37:01 Asia/Ho_Chi_Minh] PHP Warning:  Undefined variable $baseUrl in C:\xampp\htdocs\bookstore\resources\views\layout\header.php on line 118
[30-Nov-2025 23:37:01 Asia/Ho_Chi_Minh] PHP Warning:  Undefined variable $baseUrl in C:\xampp\htdocs\bookstore\resources\views\layout\header.php on line 120
[30-Nov-2025 23:37:01 Asia/Ho_Chi_Minh] PHP Warning:  Undefined variable $baseUrl in C:\xampp\htdocs\bookstore\resources\views\layout\header.php on line 121
[30-Nov-2025 23:37:01 Asia/Ho_Chi_Minh] PHP Warning:  Undefined variable $baseUrl in C:\xampp\htdocs\bookstore\resources\views\layout\header.php on line 122
[30-Nov-2025 23:37:01 Asia/Ho_Chi_Minh] PHP Warning:  Undefined variable $baseUrl in C:\xampp\htdocs\bookstore\resources\views\layout\header.php on line 123
[30-Nov-2025 23:37:01 Asia/Ho_Chi_Minh] PHP Warning:  Undefined variable $baseUrl in C:\xampp\htdocs\bookstore\resources\views\layout\header.php on line 127
[30-Nov-2025 23:37:01 Asia/Ho_Chi_Minh] PHP Warning:  Undefined variable $baseUrl in C:\xampp\htdocs\bookstore\resources\views\layout\header.php on line 129
[30-Nov-2025 23:37:01 Asia/Ho_Chi_Minh] PHP Warning:  Undefined variable $baseUrl in C:\xampp\htdocs\bookstore\resources\views\layout\header.php on line 130
[30-Nov-2025 23:37:01 Asia/Ho_Chi_Minh] PHP Warning:  Undefined variable $baseUrl in C:\xampp\htdocs\bookstore\resources\views\layout\header.php on line 131
[30-Nov-2025 23:37:01 Asia/Ho_Chi_Minh] PHP Warning:  Undefined variable $baseUrl in C:\xampp\htdocs\bookstore\resources\views\layout\header.php on line 132
[30-Nov-2025 23:37:01 Asia/Ho_Chi_Minh] PHP Warning:  Undefined variable $baseUrl in C:\xampp\htdocs\bookstore\resources\views\layout\header.php on line 136
[30-Nov-2025 23:37:01 Asia/Ho_Chi_Minh] PHP Warning:  Undefined variable $baseUrl in C:\xampp\htdocs\bookstore\resources\views\layout\header.php on line 138
[30-Nov-2025 23:37:01 Asia/Ho_Chi_Minh] PHP Warning:  Undefined variable $baseUrl in C:\xampp\htdocs\bookstore\resources\views\layout\header.php on line 139
[30-Nov-2025 23:37:01 Asia/Ho_Chi_Minh] PHP Warning:  Undefined variable $baseUrl in C:\xampp\htdocs\bookstore\resources\views\layout\header.php on line 140
[30-Nov-2025 23:37:01 Asia/Ho_Chi_Minh] PHP Warning:  Undefined variable $baseUrl in C:\xampp\htdocs\bookstore\resources\views\layout\header.php on line 141
[30-Nov-2025 23:37:01 Asia/Ho_Chi_Minh] PHP Warning:  Undefined variable $baseUrl in C:\xampp\htdocs\bookstore\resources\views\layout\header.php on line 144
[30-Nov-2025 23:37:01 Asia/Ho_Chi_Minh] PHP Warning:  Undefined variable $baseUrl in C:\xampp\htdocs\bookstore\resources\views\layout\header.php on line 145
[30-Nov-2025 23:37:01 Asia/Ho_Chi_Minh] PHP Warning:  Undefined variable $baseUrl in C:\xampp\htdocs\bookstore\resources\views\layout\header.php on line 146
[30-Nov-2025 23:37:01 Asia/Ho_Chi_Minh] PHP Warning:  Undefined variable $baseUrl in C:\xampp\htdocs\bookstore\resources\views\layout\header.php on line 147
[30-Nov-2025 23:37:01 Asia/Ho_Chi_Minh] PHP Warning:  Undefined variable $appName in C:\xampp\htdocs\bookstore\resources\views\layout\footer.php on line 9
[30-Nov-2025 23:37:01 Asia/Ho_Chi_Minh] PHP Deprecated:  htmlspecialchars(): Passing null to parameter #1 ($string) of type string is deprecated in C:\xampp\htdocs\bookstore\resources\views\layout\footer.php on line 9
[30-Nov-2025 23:37:01 Asia/Ho_Chi_Minh] PHP Warning:  Undefined variable $baseUrl in C:\xampp\htdocs\bookstore\resources\views\layout\footer.php on line 21
[30-Nov-2025 23:37:01 Asia/Ho_Chi_Minh] PHP Warning:  Undefined variable $baseUrl in C:\xampp\htdocs\bookstore\resources\views\layout\footer.php on line 22
[30-Nov-2025 23:37:01 Asia/Ho_Chi_Minh] PHP Warning:  Undefined variable $baseUrl in C:\xampp\htdocs\bookstore\resources\views\layout\footer.php on line 23
[30-Nov-2025 23:37:01 Asia/Ho_Chi_Minh] PHP Warning:  Undefined variable $baseUrl in C:\xampp\htdocs\bookstore\resources\views\layout\footer.php on line 24
[30-Nov-2025 23:37:01 Asia/Ho_Chi_Minh] PHP Warning:  Undefined variable $baseUrl in C:\xampp\htdocs\bookstore\resources\views\layout\footer.php on line 25
[30-Nov-2025 23:37:01 Asia/Ho_Chi_Minh] PHP Warning:  Undefined variable $baseUrl in C:\xampp\htdocs\bookstore\resources\views\layout\footer.php on line 26
[30-Nov-2025 23:37:01 Asia/Ho_Chi_Minh] PHP Warning:  Undefined variable $baseUrl in C:\xampp\htdocs\bookstore\resources\views\layout\footer.php on line 27
[30-Nov-2025 23:37:01 Asia/Ho_Chi_Minh] PHP Warning:  Undefined variable $baseUrl in C:\xampp\htdocs\bookstore\resources\views\layout\footer.php on line 73
[30-Nov-2025 23:37:01 Asia/Ho_Chi_Minh] PHP Warning:  Undefined variable $appName in C:\xampp\htdocs\bookstore\resources\views\layout\footer.php on line 97
[30-Nov-2025 23:37:01 Asia/Ho_Chi_Minh] PHP Deprecated:  htmlspecialchars(): Passing null to parameter #1 ($string) of type string is deprecated in C:\xampp\htdocs\bookstore\resources\views\layout\footer.php on line 97
[30-Nov-2025 23:37:01 Asia/Ho_Chi_Minh] PHP Warning:  Undefined variable $baseUrl in C:\xampp\htdocs\bookstore\resources\views\layout\footer.php on line 100
[30-Nov-2025 23:37:01 Asia/Ho_Chi_Minh] PHP Warning:  Undefined variable $baseUrl in C:\xampp\htdocs\bookstore\resources\views\layout\footer.php on line 101
[30-Nov-2025 23:37:01 Asia/Ho_Chi_Minh] PHP Warning:  Undefined variable $baseUrl in C:\xampp\htdocs\bookstore\resources\views\layout\footer.php on line 102
[30-Nov-2025 23:37:01 Asia/Ho_Chi_Minh] PHP Warning:  Undefined variable $baseUrl in C:\xampp\htdocs\bookstore\resources\views\layout\footer.php on line 158
[30-Nov-2025 23:37:02 Asia/Ho_Chi_Minh] PHP Warning:  Undefined variable $baseUrl in C:\xampp\htdocs\bookstore\resources\views\pages\home.php on line 6
[30-Nov-2025 23:37:02 Asia/Ho_Chi_Minh] PHP Deprecated:  rtrim(): Passing null to parameter #1 ($string) of type string is deprecated in C:\xampp\htdocs\bookstore\resources\views\pages\home.php on line 6
[30-Nov-2025 23:37:02 Asia/Ho_Chi_Minh] PHP Warning:  Undefined variable $appName in C:\xampp\htdocs\bookstore\resources\views\pages\home.php on line 7
[30-Nov-2025 23:37:02 Asia/Ho_Chi_Minh] PHP Deprecated:  htmlspecialchars(): Passing null to parameter #1 ($string) of type string is deprecated in C:\xampp\htdocs\bookstore\resources\views\pages\home.php on line 7
[30-Nov-2025 23:37:02 Asia/Ho_Chi_Minh] PHP Warning:  Undefined variable $baseUrl in C:\xampp\htdocs\bookstore\resources\views\pages\home.php on line 10
[30-Nov-2025 23:37:02 Asia/Ho_Chi_Minh] PHP Warning:  Undefined variable $baseUrl in C:\xampp\htdocs\bookstore\resources\views\pages\home.php on line 11
[30-Nov-2025 23:37:02 Asia/Ho_Chi_Minh] PHP Warning:  Undefined variable $baseUrl in C:\xampp\htdocs\bookstore\resources\views\pages\home.php on line 18
[30-Nov-2025 23:37:02 Asia/Ho_Chi_Minh] PHP Warning:  Undefined variable $baseUrl in C:\xampp\htdocs\bookstore\resources\views\pages\home.php on line 22
[30-Nov-2025 23:37:02 Asia/Ho_Chi_Minh] PHP Warning:  Undefined variable $baseUrl in C:\xampp\htdocs\bookstore\resources\views\pages\home.php on line 171
[30-Nov-2025 23:37:02 Asia/Ho_Chi_Minh] PHP Warning:  Undefined variable $baseUrl in C:\xampp\htdocs\bookstore\resources\views\pages\home.php on line 186
[30-Nov-2025 23:37:02 Asia/Ho_Chi_Minh] PHP Warning:  Undefined variable $baseUrl in C:\xampp\htdocs\bookstore\resources\views\pages\home.php on line 201
[30-Nov-2025 23:37:02 Asia/Ho_Chi_Minh] PHP Warning:  Undefined variable $baseUrl in C:\xampp\htdocs\bookstore\resources\views\pages\home.php on line 233
[30-Nov-2025 23:37:02 Asia/Ho_Chi_Minh] PHP Warning:  Undefined variable $baseUrl in C:\xampp\htdocs\bookstore\resources\views\pages\home.php on line 234
[30-Nov-2025 23:37:02 Asia/Ho_Chi_Minh] PHP Warning:  Undefined variable $baseUrl in C:\xampp\htdocs\bookstore\resources\views\pages\home.php on line 235
[30-Nov-2025 23:37:02 Asia/Ho_Chi_Minh] PHP Warning:  Undefined variable $baseUrl in C:\xampp\htdocs\bookstore\resources\views\pages\home.php on line 236
[30-Nov-2025 23:37:02 Asia/Ho_Chi_Minh] PHP Warning:  Undefined variable $baseUrl in C:\xampp\htdocs\bookstore\resources\views\pages\home.php on line 237
[30-Nov-2025 23:37:02 Asia/Ho_Chi_Minh] PHP Warning:  Undefined variable $baseUrl in C:\xampp\htdocs\bookstore\resources\views\pages\home.php on line 238
[30-Nov-2025 23:37:02 Asia/Ho_Chi_Minh] PHP Warning:  Undefined variable $baseUrl in C:\xampp\htdocs\bookstore\resources\views\pages\home.php on line 239
[30-Nov-2025 23:37:02 Asia/Ho_Chi_Minh] PHP Warning:  Undefined variable $baseUrl in C:\xampp\htdocs\bookstore\resources\views\pages\home.php on line 240
[30-Nov-2025 23:37:02 Asia/Ho_Chi_Minh] PHP Warning:  Undefined variable $baseUrl in C:\xampp\htdocs\bookstore\resources\views\pages\home.php on line 241
[30-Nov-2025 23:37:02 Asia/Ho_Chi_Minh] PHP Warning:  Undefined variable $baseUrl in C:\xampp\htdocs\bookstore\resources\views\pages\home.php on line 242
[30-Nov-2025 23:37:02 Asia/Ho_Chi_Minh] PHP Warning:  Undefined variable $baseUrl in C:\xampp\htdocs\bookstore\resources\views\pages\home.php on line 249
[30-Nov-2025 23:37:02 Asia/Ho_Chi_Minh] PHP Warning:  Undefined variable $baseUrl in C:\xampp\htdocs\bookstore\resources\views\pages\home.php on line 276
[30-Nov-2025 23:37:02 Asia/Ho_Chi_Minh] PHP Warning:  Undefined variable $baseUrl in C:\xampp\htdocs\bookstore\resources\views\pages\home.php on line 282
[30-Nov-2025 23:37:02 Asia/Ho_Chi_Minh] PHP Warning:  Undefined variable $baseUrl in C:\xampp\htdocs\bookstore\resources\views\pages\home.php on line 308
[30-Nov-2025 23:37:02 Asia/Ho_Chi_Minh] PHP Warning:  Undefined variable $baseUrl in C:\xampp\htdocs\bookstore\resources\views\pages\home.php on line 282
[30-Nov-2025 23:37:02 Asia/Ho_Chi_Minh] PHP Warning:  Undefined variable $baseUrl in C:\xampp\htdocs\bookstore\resources\views\pages\home.php on line 308
[30-Nov-2025 23:37:02 Asia/Ho_Chi_Minh] PHP Warning:  Undefined variable $baseUrl in C:\xampp\htdocs\bookstore\resources\views\pages\home.php on line 282
[30-Nov-2025 23:37:02 Asia/Ho_Chi_Minh] PHP Warning:  Undefined variable $baseUrl in C:\xampp\htdocs\bookstore\resources\views\pages\home.php on line 308
[30-Nov-2025 23:37:02 Asia/Ho_Chi_Minh] PHP Warning:  Undefined variable $baseUrl in C:\xampp\htdocs\bookstore\resources\views\pages\home.php on line 282
[30-Nov-2025 23:37:02 Asia/Ho_Chi_Minh] PHP Warning:  Undefined variable $baseUrl in C:\xampp\htdocs\bookstore\resources\views\pages\home.php on line 308
[30-Nov-2025 23:37:02 Asia/Ho_Chi_Minh] PHP Warning:  Undefined variable $baseUrl in C:\xampp\htdocs\bookstore\resources\views\pages\home.php on line 326
[30-Nov-2025 23:37:02 Asia/Ho_Chi_Minh] PHP Warning:  Undefined variable $baseUrl in C:\xampp\htdocs\bookstore\resources\views\pages\home.php on line 331
[30-Nov-2025 23:37:02 Asia/Ho_Chi_Minh] PHP Warning:  Undefined variable $baseUrl in C:\xampp\htdocs\bookstore\resources\views\pages\home.php on line 357
[30-Nov-2025 23:37:02 Asia/Ho_Chi_Minh] PHP Warning:  Undefined variable $baseUrl in C:\xampp\htdocs\bookstore\resources\views\pages\home.php on line 331
[30-Nov-2025 23:37:02 Asia/Ho_Chi_Minh] PHP Warning:  Undefined variable $baseUrl in C:\xampp\htdocs\bookstore\resources\views\pages\home.php on line 357
[30-Nov-2025 23:37:02 Asia/Ho_Chi_Minh] PHP Warning:  Undefined variable $baseUrl in C:\xampp\htdocs\bookstore\resources\views\pages\home.php on line 331
[30-Nov-2025 23:37:02 Asia/Ho_Chi_Minh] PHP Warning:  Undefined variable $baseUrl in C:\xampp\htdocs\bookstore\resources\views\pages\home.php on line 357
[30-Nov-2025 23:37:02 Asia/Ho_Chi_Minh] PHP Warning:  Undefined variable $baseUrl in C:\xampp\htdocs\bookstore\resources\views\pages\home.php on line 331
[30-Nov-2025 23:37:02 Asia/Ho_Chi_Minh] PHP Warning:  Undefined variable $baseUrl in C:\xampp\htdocs\bookstore\resources\views\pages\home.php on line 357
[30-Nov-2025 23:37:02 Asia/Ho_Chi_Minh] PHP Warning:  Undefined variable $baseUrl in C:\xampp\htdocs\bookstore\resources\views\pages\home.php on line 375
[30-Nov-2025 23:37:02 Asia/Ho_Chi_Minh] PHP Warning:  Undefined variable $baseUrl in C:\xampp\htdocs\bookstore\resources\views\pages\home.php on line 380
[30-Nov-2025 23:37:02 Asia/Ho_Chi_Minh] PHP Warning:  Undefined variable $baseUrl in C:\xampp\htdocs\bookstore\resources\views\pages\home.php on line 406
[30-Nov-2025 23:37:02 Asia/Ho_Chi_Minh] PHP Warning:  Undefined variable $baseUrl in C:\xampp\htdocs\bookstore\resources\views\pages\home.php on line 380
[30-Nov-2025 23:37:02 Asia/Ho_Chi_Minh] PHP Warning:  Undefined variable $baseUrl in C:\xampp\htdocs\bookstore\resources\views\pages\home.php on line 406
[30-Nov-2025 23:37:02 Asia/Ho_Chi_Minh] PHP Warning:  Undefined variable $baseUrl in C:\xampp\htdocs\bookstore\resources\views\pages\home.php on line 380
[30-Nov-2025 23:37:02 Asia/Ho_Chi_Minh] PHP Warning:  Undefined variable $baseUrl in C:\xampp\htdocs\bookstore\resources\views\pages\home.php on line 406
[30-Nov-2025 23:37:02 Asia/Ho_Chi_Minh] PHP Warning:  Undefined variable $baseUrl in C:\xampp\htdocs\bookstore\resources\views\pages\home.php on line 380
[30-Nov-2025 23:37:02 Asia/Ho_Chi_Minh] PHP Warning:  Undefined variable $baseUrl in C:\xampp\htdocs\bookstore\resources\views\pages\home.php on line 406
[30-Nov-2025 23:37:02 Asia/Ho_Chi_Minh] PHP Warning:  Undefined variable $baseUrl in C:\xampp\htdocs\bookstore\resources\views\pages\home.php on line 428
[30-Nov-2025 23:37:02 Asia/Ho_Chi_Minh] PHP Warning:  Undefined variable $baseUrl in C:\xampp\htdocs\bookstore\resources\views\layout\header.php on line 7
[30-Nov-2025 23:37:02 Asia/Ho_Chi_Minh] PHP Deprecated:  rtrim(): Passing null to parameter #1 ($string) of type string is deprecated in C:\xampp\htdocs\bookstore\resources\views\layout\header.php on line 7
[30-Nov-2025 23:37:02 Asia/Ho_Chi_Minh] PHP Warning:  Undefined variable $appName in C:\xampp\htdocs\bookstore\resources\views\layout\header.php on line 8
[30-Nov-2025 23:37:02 Asia/Ho_Chi_Minh] PHP Warning:  Undefined variable $baseUrl in C:\xampp\htdocs\bookstore\resources\views\layout\header.php on line 9
[30-Nov-2025 23:37:02 Asia/Ho_Chi_Minh] PHP Warning:  Undefined variable $baseUrl in C:\xampp\htdocs\bookstore\resources\views\layout\header.php on line 11
[30-Nov-2025 23:37:02 Asia/Ho_Chi_Minh] PHP Warning:  Undefined variable $baseUrl in C:\xampp\htdocs\bookstore\resources\views\layout\header.php on line 21
[30-Nov-2025 23:37:02 Asia/Ho_Chi_Minh] PHP Warning:  Undefined variable $appName in C:\xampp\htdocs\bookstore\resources\views\layout\header.php on line 23
[30-Nov-2025 23:37:02 Asia/Ho_Chi_Minh] PHP Deprecated:  htmlspecialchars(): Passing null to parameter #1 ($string) of type string is deprecated in C:\xampp\htdocs\bookstore\resources\views\layout\header.php on line 23
[30-Nov-2025 23:37:02 Asia/Ho_Chi_Minh] PHP Warning:  Undefined variable $baseUrl in C:\xampp\htdocs\bookstore\resources\views\layout\header.php on line 29
[30-Nov-2025 23:37:02 Asia/Ho_Chi_Minh] PHP Warning:  Undefined variable $baseUrl in C:\xampp\htdocs\bookstore\resources\views\layout\header.php on line 37
[30-Nov-2025 23:37:02 Asia/Ho_Chi_Minh] PHP Warning:  Undefined variable $baseUrl in C:\xampp\htdocs\bookstore\resources\views\layout\header.php on line 96
[30-Nov-2025 23:37:02 Asia/Ho_Chi_Minh] PHP Warning:  Undefined variable $baseUrl in C:\xampp\htdocs\bookstore\resources\views\layout\header.php on line 110
[30-Nov-2025 23:37:02 Asia/Ho_Chi_Minh] PHP Warning:  Undefined variable $baseUrl in C:\xampp\htdocs\bookstore\resources\views\layout\header.php on line 112
[30-Nov-2025 23:37:02 Asia/Ho_Chi_Minh] PHP Warning:  Undefined variable $baseUrl in C:\xampp\htdocs\bookstore\resources\views\layout\header.php on line 115
[30-Nov-2025 23:37:02 Asia/Ho_Chi_Minh] PHP Warning:  Undefined variable $baseUrl in C:\xampp\htdocs\bookstore\resources\views\layout\header.php on line 116
[30-Nov-2025 23:37:02 Asia/Ho_Chi_Minh] PHP Warning:  Undefined variable $baseUrl in C:\xampp\htdocs\bookstore\resources\views\layout\header.php on line 117
[30-Nov-2025 23:37:02 Asia/Ho_Chi_Minh] PHP Warning:  Undefined variable $baseUrl in C:\xampp\htdocs\bookstore\resources\views\layout\header.php on line 118
[30-Nov-2025 23:37:02 Asia/Ho_Chi_Minh] PHP Warning:  Undefined variable $baseUrl in C:\xampp\htdocs\bookstore\resources\views\layout\header.php on line 120
[30-Nov-2025 23:37:02 Asia/Ho_Chi_Minh] PHP Warning:  Undefined variable $baseUrl in C:\xampp\htdocs\bookstore\resources\views\layout\header.php on line 121
[30-Nov-2025 23:37:02 Asia/Ho_Chi_Minh] PHP Warning:  Undefined variable $baseUrl in C:\xampp\htdocs\bookstore\resources\views\layout\header.php on line 122
[30-Nov-2025 23:37:02 Asia/Ho_Chi_Minh] PHP Warning:  Undefined variable $baseUrl in C:\xampp\htdocs\bookstore\resources\views\layout\header.php on line 123
[30-Nov-2025 23:37:02 Asia/Ho_Chi_Minh] PHP Warning:  Undefined variable $baseUrl in C:\xampp\htdocs\bookstore\resources\views\layout\header.php on line 127
[30-Nov-2025 23:37:02 Asia/Ho_Chi_Minh] PHP Warning:  Undefined variable $baseUrl in C:\xampp\htdocs\bookstore\resources\views\layout\header.php on line 129
[30-Nov-2025 23:37:02 Asia/Ho_Chi_Minh] PHP Warning:  Undefined variable $baseUrl in C:\xampp\htdocs\bookstore\resources\views\layout\header.php on line 130
[30-Nov-2025 23:37:02 Asia/Ho_Chi_Minh] PHP Warning:  Undefined variable $baseUrl in C:\xampp\htdocs\bookstore\resources\views\layout\header.php on line 131
[30-Nov-2025 23:37:02 Asia/Ho_Chi_Minh] PHP Warning:  Undefined variable $baseUrl in C:\xampp\htdocs\bookstore\resources\views\layout\header.php on line 132
[30-Nov-2025 23:37:02 Asia/Ho_Chi_Minh] PHP Warning:  Undefined variable $baseUrl in C:\xampp\htdocs\bookstore\resources\views\layout\header.php on line 136
[30-Nov-2025 23:37:02 Asia/Ho_Chi_Minh] PHP Warning:  Undefined variable $baseUrl in C:\xampp\htdocs\bookstore\resources\views\layout\header.php on line 138
[30-Nov-2025 23:37:02 Asia/Ho_Chi_Minh] PHP Warning:  Undefined variable $baseUrl in C:\xampp\htdocs\bookstore\resources\views\layout\header.php on line 139
[30-Nov-2025 23:37:02 Asia/Ho_Chi_Minh] PHP Warning:  Undefined variable $baseUrl in C:\xampp\htdocs\bookstore\resources\views\layout\header.php on line 140
[30-Nov-2025 23:37:02 Asia/Ho_Chi_Minh] PHP Warning:  Undefined variable $baseUrl in C:\xampp\htdocs\bookstore\resources\views\layout\header.php on line 141
[30-Nov-2025 23:37:02 Asia/Ho_Chi_Minh] PHP Warning:  Undefined variable $baseUrl in C:\xampp\htdocs\bookstore\resources\views\layout\header.php on line 144
[30-Nov-2025 23:37:02 Asia/Ho_Chi_Minh] PHP Warning:  Undefined variable $baseUrl in C:\xampp\htdocs\bookstore\resources\views\layout\header.php on line 145
[30-Nov-2025 23:37:02 Asia/Ho_Chi_Minh] PHP Warning:  Undefined variable $baseUrl in C:\xampp\htdocs\bookstore\resources\views\layout\header.php on line 146
[30-Nov-2025 23:37:02 Asia/Ho_Chi_Minh] PHP Warning:  Undefined variable $baseUrl in C:\xampp\htdocs\bookstore\resources\views\layout\header.php on line 147
[30-Nov-2025 23:37:02 Asia/Ho_Chi_Minh] PHP Warning:  Undefined variable $appName in C:\xampp\htdocs\bookstore\resources\views\layout\footer.php on line 9
[30-Nov-2025 23:37:02 Asia/Ho_Chi_Minh] PHP Deprecated:  htmlspecialchars(): Passing null to parameter #1 ($string) of type string is deprecated in C:\xampp\htdocs\bookstore\resources\views\layout\footer.php on line 9
[30-Nov-2025 23:37:02 Asia/Ho_Chi_Minh] PHP Warning:  Undefined variable $baseUrl in C:\xampp\htdocs\bookstore\resources\views\layout\footer.php on line 21
[30-Nov-2025 23:37:02 Asia/Ho_Chi_Minh] PHP Warning:  Undefined variable $baseUrl in C:\xampp\htdocs\bookstore\resources\views\layout\footer.php on line 22
[30-Nov-2025 23:37:02 Asia/Ho_Chi_Minh] PHP Warning:  Undefined variable $baseUrl in C:\xampp\htdocs\bookstore\resources\views\layout\footer.php on line 23
[30-Nov-2025 23:37:02 Asia/Ho_Chi_Minh] PHP Warning:  Undefined variable $baseUrl in C:\xampp\htdocs\bookstore\resources\views\layout\footer.php on line 24
[30-Nov-2025 23:37:02 Asia/Ho_Chi_Minh] PHP Warning:  Undefined variable $baseUrl in C:\xampp\htdocs\bookstore\resources\views\layout\footer.php on line 25
[30-Nov-2025 23:37:02 Asia/Ho_Chi_Minh] PHP Warning:  Undefined variable $baseUrl in C:\xampp\htdocs\bookstore\resources\views\layout\footer.php on line 26
[30-Nov-2025 23:37:02 Asia/Ho_Chi_Minh] PHP Warning:  Undefined variable $baseUrl in C:\xampp\htdocs\bookstore\resources\views\layout\footer.php on line 27
[30-Nov-2025 23:37:02 Asia/Ho_Chi_Minh] PHP Warning:  Undefined variable $baseUrl in C:\xampp\htdocs\bookstore\resources\views\layout\footer.php on line 73
[30-Nov-2025 23:37:02 Asia/Ho_Chi_Minh] PHP Warning:  Undefined variable $appName in C:\xampp\htdocs\bookstore\resources\views\layout\footer.php on line 97
[30-Nov-2025 23:37:02 Asia/Ho_Chi_Minh] PHP Deprecated:  htmlspecialchars(): Passing null to parameter #1 ($string) of type string is deprecated in C:\xampp\htdocs\bookstore\resources\views\layout\footer.php on line 97
[30-Nov-2025 23:37:02 Asia/Ho_Chi_Minh] PHP Warning:  Undefined variable $baseUrl in C:\xampp\htdocs\bookstore\resources\views\layout\footer.php on line 100
[30-Nov-2025 23:37:02 Asia/Ho_Chi_Minh] PHP Warning:  Undefined variable $baseUrl in C:\xampp\htdocs\bookstore\resources\views\layout\footer.php on line 101
[30-Nov-2025 23:37:02 Asia/Ho_Chi_Minh] PHP Warning:  Undefined variable $baseUrl in C:\xampp\htdocs\bookstore\resources\views\layout\footer.php on line 102
[30-Nov-2025 23:37:02 Asia/Ho_Chi_Minh] PHP Warning:  Undefined variable $baseUrl in C:\xampp\htdocs\bookstore\resources\views\layout\footer.php on line 158
[30-Nov-2025 23:37:02 Asia/Ho_Chi_Minh] PHP Warning:  Undefined variable $baseUrl in C:\xampp\htdocs\bookstore\resources\views\pages\home.php on line 6
[30-Nov-2025 23:37:02 Asia/Ho_Chi_Minh] PHP Deprecated:  rtrim(): Passing null to parameter #1 ($string) of type string is deprecated in C:\xampp\htdocs\bookstore\resources\views\pages\home.php on line 6
[30-Nov-2025 23:37:02 Asia/Ho_Chi_Minh] PHP Warning:  Undefined variable $appName in C:\xampp\htdocs\bookstore\resources\views\pages\home.php on line 7
[30-Nov-2025 23:37:02 Asia/Ho_Chi_Minh] PHP Deprecated:  htmlspecialchars(): Passing null to parameter #1 ($string) of type string is deprecated in C:\xampp\htdocs\bookstore\resources\views\pages\home.php on line 7
[30-Nov-2025 23:37:02 Asia/Ho_Chi_Minh] PHP Warning:  Undefined variable $baseUrl in C:\xampp\htdocs\bookstore\resources\views\pages\home.php on line 10
[30-Nov-2025 23:37:02 Asia/Ho_Chi_Minh] PHP Warning:  Undefined variable $baseUrl in C:\xampp\htdocs\bookstore\resources\views\pages\home.php on line 11
[30-Nov-2025 23:37:02 Asia/Ho_Chi_Minh] PHP Warning:  Undefined variable $baseUrl in C:\xampp\htdocs\bookstore\resources\views\pages\home.php on line 18
[30-Nov-2025 23:37:02 Asia/Ho_Chi_Minh] PHP Warning:  Undefined variable $baseUrl in C:\xampp\htdocs\bookstore\resources\views\pages\home.php on line 22
[30-Nov-2025 23:37:02 Asia/Ho_Chi_Minh] PHP Warning:  Undefined variable $baseUrl in C:\xampp\htdocs\bookstore\resources\views\pages\home.php on line 171
[30-Nov-2025 23:37:02 Asia/Ho_Chi_Minh] PHP Warning:  Undefined variable $baseUrl in C:\xampp\htdocs\bookstore\resources\views\pages\home.php on line 186
[30-Nov-2025 23:37:02 Asia/Ho_Chi_Minh] PHP Warning:  Undefined variable $baseUrl in C:\xampp\htdocs\bookstore\resources\views\pages\home.php on line 201
[30-Nov-2025 23:37:02 Asia/Ho_Chi_Minh] PHP Warning:  Undefined variable $baseUrl in C:\xampp\htdocs\bookstore\resources\views\pages\home.php on line 233
[30-Nov-2025 23:37:02 Asia/Ho_Chi_Minh] PHP Warning:  Undefined variable $baseUrl in C:\xampp\htdocs\bookstore\resources\views\pages\home.php on line 234
[30-Nov-2025 23:37:02 Asia/Ho_Chi_Minh] PHP Warning:  Undefined variable $baseUrl in C:\xampp\htdocs\bookstore\resources\views\pages\home.php on line 235
[30-Nov-2025 23:37:02 Asia/Ho_Chi_Minh] PHP Warning:  Undefined variable $baseUrl in C:\xampp\htdocs\bookstore\resources\views\pages\home.php on line 236
[30-Nov-2025 23:37:02 Asia/Ho_Chi_Minh] PHP Warning:  Undefined variable $baseUrl in C:\xampp\htdocs\bookstore\resources\views\pages\home.php on line 237
[30-Nov-2025 23:37:02 Asia/Ho_Chi_Minh] PHP Warning:  Undefined variable $baseUrl in C:\xampp\htdocs\bookstore\resources\views\pages\home.php on line 238
[30-Nov-2025 23:37:02 Asia/Ho_Chi_Minh] PHP Warning:  Undefined variable $baseUrl in C:\xampp\htdocs\bookstore\resources\views\pages\home.php on line 239
[30-Nov-2025 23:37:02 Asia/Ho_Chi_Minh] PHP Warning:  Undefined variable $baseUrl in C:\xampp\htdocs\bookstore\resources\views\pages\home.php on line 240
[30-Nov-2025 23:37:02 Asia/Ho_Chi_Minh] PHP Warning:  Undefined variable $baseUrl in C:\xampp\htdocs\bookstore\resources\views\pages\home.php on line 241
[30-Nov-2025 23:37:02 Asia/Ho_Chi_Minh] PHP Warning:  Undefined variable $baseUrl in C:\xampp\htdocs\bookstore\resources\views\pages\home.php on line 242
[30-Nov-2025 23:37:02 Asia/Ho_Chi_Minh] PHP Warning:  Undefined variable $baseUrl in C:\xampp\htdocs\bookstore\resources\views\pages\home.php on line 249
[30-Nov-2025 23:37:02 Asia/Ho_Chi_Minh] PHP Warning:  Undefined variable $baseUrl in C:\xampp\htdocs\bookstore\resources\views\pages\home.php on line 276
[30-Nov-2025 23:37:02 Asia/Ho_Chi_Minh] PHP Warning:  Undefined variable $baseUrl in C:\xampp\htdocs\bookstore\resources\views\pages\home.php on line 282
[30-Nov-2025 23:37:02 Asia/Ho_Chi_Minh] PHP Warning:  Undefined variable $baseUrl in C:\xampp\htdocs\bookstore\resources\views\pages\home.php on line 308
[30-Nov-2025 23:37:02 Asia/Ho_Chi_Minh] PHP Warning:  Undefined variable $baseUrl in C:\xampp\htdocs\bookstore\resources\views\pages\home.php on line 282
[30-Nov-2025 23:37:02 Asia/Ho_Chi_Minh] PHP Warning:  Undefined variable $baseUrl in C:\xampp\htdocs\bookstore\resources\views\pages\home.php on line 308
[30-Nov-2025 23:37:02 Asia/Ho_Chi_Minh] PHP Warning:  Undefined variable $baseUrl in C:\xampp\htdocs\bookstore\resources\views\pages\home.php on line 282
[30-Nov-2025 23:37:02 Asia/Ho_Chi_Minh] PHP Warning:  Undefined variable $baseUrl in C:\xampp\htdocs\bookstore\resources\views\pages\home.php on line 308
[30-Nov-2025 23:37:02 Asia/Ho_Chi_Minh] PHP Warning:  Undefined variable $baseUrl in C:\xampp\htdocs\bookstore\resources\views\pages\home.php on line 282
[30-Nov-2025 23:37:02 Asia/Ho_Chi_Minh] PHP Warning:  Undefined variable $baseUrl in C:\xampp\htdocs\bookstore\resources\views\pages\home.php on line 308
[30-Nov-2025 23:37:02 Asia/Ho_Chi_Minh] PHP Warning:  Undefined variable $baseUrl in C:\xampp\htdocs\bookstore\resources\views\pages\home.php on line 326
[30-Nov-2025 23:37:02 Asia/Ho_Chi_Minh] PHP Warning:  Undefined variable $baseUrl in C:\xampp\htdocs\bookstore\resources\views\pages\home.php on line 331
[30-Nov-2025 23:37:02 Asia/Ho_Chi_Minh] PHP Warning:  Undefined variable $baseUrl in C:\xampp\htdocs\bookstore\resources\views\pages\home.php on line 357
[30-Nov-2025 23:37:02 Asia/Ho_Chi_Minh] PHP Warning:  Undefined variable $baseUrl in C:\xampp\htdocs\bookstore\resources\views\pages\home.php on line 331
[30-Nov-2025 23:37:02 Asia/Ho_Chi_Minh] PHP Warning:  Undefined variable $baseUrl in C:\xampp\htdocs\bookstore\resources\views\pages\home.php on line 357
[30-Nov-2025 23:37:02 Asia/Ho_Chi_Minh] PHP Warning:  Undefined variable $baseUrl in C:\xampp\htdocs\bookstore\resources\views\pages\home.php on line 331
[30-Nov-2025 23:37:02 Asia/Ho_Chi_Minh] PHP Warning:  Undefined variable $baseUrl in C:\xampp\htdocs\bookstore\resources\views\pages\home.php on line 357
[30-Nov-2025 23:37:02 Asia/Ho_Chi_Minh] PHP Warning:  Undefined variable $baseUrl in C:\xampp\htdocs\bookstore\resources\views\pages\home.php on line 331
[30-Nov-2025 23:37:02 Asia/Ho_Chi_Minh] PHP Warning:  Undefined variable $baseUrl in C:\xampp\htdocs\bookstore\resources\views\pages\home.php on line 357
[30-Nov-2025 23:37:02 Asia/Ho_Chi_Minh] PHP Warning:  Undefined variable $baseUrl in C:\xampp\htdocs\bookstore\resources\views\pages\home.php on line 375
[30-Nov-2025 23:37:02 Asia/Ho_Chi_Minh] PHP Warning:  Undefined variable $baseUrl in C:\xampp\htdocs\bookstore\resources\views\pages\home.php on line 380
[30-Nov-2025 23:37:02 Asia/Ho_Chi_Minh] PHP Warning:  Undefined variable $baseUrl in C:\xampp\htdocs\bookstore\resources\views\pages\home.php on line 406
[30-Nov-2025 23:37:02 Asia/Ho_Chi_Minh] PHP Warning:  Undefined variable $baseUrl in C:\xampp\htdocs\bookstore\resources\views\pages\home.php on line 380
[30-Nov-2025 23:37:02 Asia/Ho_Chi_Minh] PHP Warning:  Undefined variable $baseUrl in C:\xampp\htdocs\bookstore\resources\views\pages\home.php on line 406
[30-Nov-2025 23:37:02 Asia/Ho_Chi_Minh] PHP Warning:  Undefined variable $baseUrl in C:\xampp\htdocs\bookstore\resources\views\pages\home.php on line 380
[30-Nov-2025 23:37:02 Asia/Ho_Chi_Minh] PHP Warning:  Undefined variable $baseUrl in C:\xampp\htdocs\bookstore\resources\views\pages\home.php on line 406
[30-Nov-2025 23:37:02 Asia/Ho_Chi_Minh] PHP Warning:  Undefined variable $baseUrl in C:\xampp\htdocs\bookstore\resources\views\pages\home.php on line 380
[30-Nov-2025 23:37:02 Asia/Ho_Chi_Minh] PHP Warning:  Undefined variable $baseUrl in C:\xampp\htdocs\bookstore\resources\views\pages\home.php on line 406
[30-Nov-2025 23:37:02 Asia/Ho_Chi_Minh] PHP Warning:  Undefined variable $baseUrl in C:\xampp\htdocs\bookstore\resources\views\pages\home.php on line 428
[30-Nov-2025 23:37:02 Asia/Ho_Chi_Minh] PHP Warning:  Undefined variable $baseUrl in C:\xampp\htdocs\bookstore\resources\views\layout\header.php on line 7
[30-Nov-2025 23:37:02 Asia/Ho_Chi_Minh] PHP Deprecated:  rtrim(): Passing null to parameter #1 ($string) of type string is deprecated in C:\xampp\htdocs\bookstore\resources\views\layout\header.php on line 7
[30-Nov-2025 23:37:02 Asia/Ho_Chi_Minh] PHP Warning:  Undefined variable $appName in C:\xampp\htdocs\bookstore\resources\views\layout\header.php on line 8
[30-Nov-2025 23:37:02 Asia/Ho_Chi_Minh] PHP Warning:  Undefined variable $baseUrl in C:\xampp\htdocs\bookstore\resources\views\layout\header.php on line 9
[30-Nov-2025 23:37:02 Asia/Ho_Chi_Minh] PHP Warning:  Undefined variable $baseUrl in C:\xampp\htdocs\bookstore\resources\views\layout\header.php on line 11
[30-Nov-2025 23:37:02 Asia/Ho_Chi_Minh] PHP Warning:  Undefined variable $baseUrl in C:\xampp\htdocs\bookstore\resources\views\layout\header.php on line 21
[30-Nov-2025 23:37:02 Asia/Ho_Chi_Minh] PHP Warning:  Undefined variable $appName in C:\xampp\htdocs\bookstore\resources\views\layout\header.php on line 23
[30-Nov-2025 23:37:02 Asia/Ho_Chi_Minh] PHP Deprecated:  htmlspecialchars(): Passing null to parameter #1 ($string) of type string is deprecated in C:\xampp\htdocs\bookstore\resources\views\layout\header.php on line 23
[30-Nov-2025 23:37:02 Asia/Ho_Chi_Minh] PHP Warning:  Undefined variable $baseUrl in C:\xampp\htdocs\bookstore\resources\views\layout\header.php on line 29
[30-Nov-2025 23:37:02 Asia/Ho_Chi_Minh] PHP Warning:  Undefined variable $baseUrl in C:\xampp\htdocs\bookstore\resources\views\layout\header.php on line 37
[30-Nov-2025 23:37:02 Asia/Ho_Chi_Minh] PHP Warning:  Undefined variable $baseUrl in C:\xampp\htdocs\bookstore\resources\views\layout\header.php on line 96
[30-Nov-2025 23:37:02 Asia/Ho_Chi_Minh] PHP Warning:  Undefined variable $baseUrl in C:\xampp\htdocs\bookstore\resources\views\layout\header.php on line 110
[30-Nov-2025 23:37:02 Asia/Ho_Chi_Minh] PHP Warning:  Undefined variable $baseUrl in C:\xampp\htdocs\bookstore\resources\views\layout\header.php on line 112
[30-Nov-2025 23:37:02 Asia/Ho_Chi_Minh] PHP Warning:  Undefined variable $baseUrl in C:\xampp\htdocs\bookstore\resources\views\layout\header.php on line 115
[30-Nov-2025 23:37:02 Asia/Ho_Chi_Minh] PHP Warning:  Undefined variable $baseUrl in C:\xampp\htdocs\bookstore\resources\views\layout\header.php on line 116
[30-Nov-2025 23:37:02 Asia/Ho_Chi_Minh] PHP Warning:  Undefined variable $baseUrl in C:\xampp\htdocs\bookstore\resources\views\layout\header.php on line 117
[30-Nov-2025 23:37:02 Asia/Ho_Chi_Minh] PHP Warning:  Undefined variable $baseUrl in C:\xampp\htdocs\bookstore\resources\views\layout\header.php on line 118
[30-Nov-2025 23:37:02 Asia/Ho_Chi_Minh] PHP Warning:  Undefined variable $baseUrl in C:\xampp\htdocs\bookstore\resources\views\layout\header.php on line 120
[30-Nov-2025 23:37:02 Asia/Ho_Chi_Minh] PHP Warning:  Undefined variable $baseUrl in C:\xampp\htdocs\bookstore\resources\views\layout\header.php on line 121
[30-Nov-2025 23:37:02 Asia/Ho_Chi_Minh] PHP Warning:  Undefined variable $baseUrl in C:\xampp\htdocs\bookstore\resources\views\layout\header.php on line 122
[30-Nov-2025 23:37:02 Asia/Ho_Chi_Minh] PHP Warning:  Undefined variable $baseUrl in C:\xampp\htdocs\bookstore\resources\views\layout\header.php on line 123
[30-Nov-2025 23:37:02 Asia/Ho_Chi_Minh] PHP Warning:  Undefined variable $baseUrl in C:\xampp\htdocs\bookstore\resources\views\layout\header.php on line 127
[30-Nov-2025 23:37:02 Asia/Ho_Chi_Minh] PHP Warning:  Undefined variable $baseUrl in C:\xampp\htdocs\bookstore\resources\views\layout\header.php on line 129
[30-Nov-2025 23:37:02 Asia/Ho_Chi_Minh] PHP Warning:  Undefined variable $baseUrl in C:\xampp\htdocs\bookstore\resources\views\layout\header.php on line 130
[30-Nov-2025 23:37:02 Asia/Ho_Chi_Minh] PHP Warning:  Undefined variable $baseUrl in C:\xampp\htdocs\bookstore\resources\views\layout\header.php on line 131
[30-Nov-2025 23:37:02 Asia/Ho_Chi_Minh] PHP Warning:  Undefined variable $baseUrl in C:\xampp\htdocs\bookstore\resources\views\layout\header.php on line 132
[30-Nov-2025 23:37:02 Asia/Ho_Chi_Minh] PHP Warning:  Undefined variable $baseUrl in C:\xampp\htdocs\bookstore\resources\views\layout\header.php on line 136
[30-Nov-2025 23:37:02 Asia/Ho_Chi_Minh] PHP Warning:  Undefined variable $baseUrl in C:\xampp\htdocs\bookstore\resources\views\layout\header.php on line 138
[30-Nov-2025 23:37:02 Asia/Ho_Chi_Minh] PHP Warning:  Undefined variable $baseUrl in C:\xampp\htdocs\bookstore\resources\views\layout\header.php on line 139
[30-Nov-2025 23:37:02 Asia/Ho_Chi_Minh] PHP Warning:  Undefined variable $baseUrl in C:\xampp\htdocs\bookstore\resources\views\layout\header.php on line 140
[30-Nov-2025 23:37:02 Asia/Ho_Chi_Minh] PHP Warning:  Undefined variable $baseUrl in C:\xampp\htdocs\bookstore\resources\views\layout\header.php on line 141
[30-Nov-2025 23:37:02 Asia/Ho_Chi_Minh] PHP Warning:  Undefined variable $baseUrl in C:\xampp\htdocs\bookstore\resources\views\layout\header.php on line 144
[30-Nov-2025 23:37:02 Asia/Ho_Chi_Minh] PHP Warning:  Undefined variable $baseUrl in C:\xampp\htdocs\bookstore\resources\views\layout\header.php on line 145
[30-Nov-2025 23:37:02 Asia/Ho_Chi_Minh] PHP Warning:  Undefined variable $baseUrl in C:\xampp\htdocs\bookstore\resources\views\layout\header.php on line 146
[30-Nov-2025 23:37:02 Asia/Ho_Chi_Minh] PHP Warning:  Undefined variable $baseUrl in C:\xampp\htdocs\bookstore\resources\views\layout\header.php on line 147
[30-Nov-2025 23:37:02 Asia/Ho_Chi_Minh] PHP Warning:  Undefined variable $appName in C:\xampp\htdocs\bookstore\resources\views\layout\footer.php on line 9
[30-Nov-2025 23:37:02 Asia/Ho_Chi_Minh] PHP Deprecated:  htmlspecialchars(): Passing null to parameter #1 ($string) of type string is deprecated in C:\xampp\htdocs\bookstore\resources\views\layout\footer.php on line 9
[30-Nov-2025 23:37:02 Asia/Ho_Chi_Minh] PHP Warning:  Undefined variable $baseUrl in C:\xampp\htdocs\bookstore\resources\views\layout\footer.php on line 21
[30-Nov-2025 23:37:02 Asia/Ho_Chi_Minh] PHP Warning:  Undefined variable $baseUrl in C:\xampp\htdocs\bookstore\resources\views\layout\footer.php on line 22
[30-Nov-2025 23:37:02 Asia/Ho_Chi_Minh] PHP Warning:  Undefined variable $baseUrl in C:\xampp\htdocs\bookstore\resources\views\layout\footer.php on line 23
[30-Nov-2025 23:37:02 Asia/Ho_Chi_Minh] PHP Warning:  Undefined variable $baseUrl in C:\xampp\htdocs\bookstore\resources\views\layout\footer.php on line 24
[30-Nov-2025 23:37:02 Asia/Ho_Chi_Minh] PHP Warning:  Undefined variable $baseUrl in C:\xampp\htdocs\bookstore\resources\views\layout\footer.php on line 25
[30-Nov-2025 23:37:02 Asia/Ho_Chi_Minh] PHP Warning:  Undefined variable $baseUrl in C:\xampp\htdocs\bookstore\resources\views\layout\footer.php on line 26
[30-Nov-2025 23:37:02 Asia/Ho_Chi_Minh] PHP Warning:  Undefined variable $baseUrl in C:\xampp\htdocs\bookstore\resources\views\layout\footer.php on line 27
[30-Nov-2025 23:37:02 Asia/Ho_Chi_Minh] PHP Warning:  Undefined variable $baseUrl in C:\xampp\htdocs\bookstore\resources\views\layout\footer.php on line 73
[30-Nov-2025 23:37:02 Asia/Ho_Chi_Minh] PHP Warning:  Undefined variable $appName in C:\xampp\htdocs\bookstore\resources\views\layout\footer.php on line 97
[30-Nov-2025 23:37:02 Asia/Ho_Chi_Minh] PHP Deprecated:  htmlspecialchars(): Passing null to parameter #1 ($string) of type string is deprecated in C:\xampp\htdocs\bookstore\resources\views\layout\footer.php on line 97
[30-Nov-2025 23:37:02 Asia/Ho_Chi_Minh] PHP Warning:  Undefined variable $baseUrl in C:\xampp\htdocs\bookstore\resources\views\layout\footer.php on line 100
[30-Nov-2025 23:37:02 Asia/Ho_Chi_Minh] PHP Warning:  Undefined variable $baseUrl in C:\xampp\htdocs\bookstore\resources\views\layout\footer.php on line 101
[30-Nov-2025 23:37:02 Asia/Ho_Chi_Minh] PHP Warning:  Undefined variable $baseUrl in C:\xampp\htdocs\bookstore\resources\views\layout\footer.php on line 102
[30-Nov-2025 23:37:02 Asia/Ho_Chi_Minh] PHP Warning:  Undefined variable $baseUrl in C:\xampp\htdocs\bookstore\resources\views\layout\footer.php on line 158
[30-Nov-2025 23:37:02 Asia/Ho_Chi_Minh] PHP Warning:  Undefined variable $baseUrl in C:\xampp\htdocs\bookstore\resources\views\pages\home.php on line 6
[30-Nov-2025 23:37:02 Asia/Ho_Chi_Minh] PHP Deprecated:  rtrim(): Passing null to parameter #1 ($string) of type string is deprecated in C:\xampp\htdocs\bookstore\resources\views\pages\home.php on line 6
[30-Nov-2025 23:37:02 Asia/Ho_Chi_Minh] PHP Warning:  Undefined variable $appName in C:\xampp\htdocs\bookstore\resources\views\pages\home.php on line 7
[30-Nov-2025 23:37:02 Asia/Ho_Chi_Minh] PHP Deprecated:  htmlspecialchars(): Passing null to parameter #1 ($string) of type string is deprecated in C:\xampp\htdocs\bookstore\resources\views\pages\home.php on line 7
[30-Nov-2025 23:37:02 Asia/Ho_Chi_Minh] PHP Warning:  Undefined variable $baseUrl in C:\xampp\htdocs\bookstore\resources\views\pages\home.php on line 10
[30-Nov-2025 23:37:02 Asia/Ho_Chi_Minh] PHP Warning:  Undefined variable $baseUrl in C:\xampp\htdocs\bookstore\resources\views\pages\home.php on line 11
[30-Nov-2025 23:37:02 Asia/Ho_Chi_Minh] PHP Warning:  Undefined variable $baseUrl in C:\xampp\htdocs\bookstore\resources\views\pages\home.php on line 18
[30-Nov-2025 23:37:02 Asia/Ho_Chi_Minh] PHP Warning:  Undefined variable $baseUrl in C:\xampp\htdocs\bookstore\resources\views\pages\home.php on line 22
[30-Nov-2025 23:37:02 Asia/Ho_Chi_Minh] PHP Warning:  Undefined variable $baseUrl in C:\xampp\htdocs\bookstore\resources\views\pages\home.php on line 171
[30-Nov-2025 23:37:02 Asia/Ho_Chi_Minh] PHP Warning:  Undefined variable $baseUrl in C:\xampp\htdocs\bookstore\resources\views\pages\home.php on line 186
[30-Nov-2025 23:37:02 Asia/Ho_Chi_Minh] PHP Warning:  Undefined variable $baseUrl in C:\xampp\htdocs\bookstore\resources\views\pages\home.php on line 201
[30-Nov-2025 23:37:02 Asia/Ho_Chi_Minh] PHP Warning:  Undefined variable $baseUrl in C:\xampp\htdocs\bookstore\resources\views\pages\home.php on line 233
[30-Nov-2025 23:37:02 Asia/Ho_Chi_Minh] PHP Warning:  Undefined variable $baseUrl in C:\xampp\htdocs\bookstore\resources\views\pages\home.php on line 234
[30-Nov-2025 23:37:02 Asia/Ho_Chi_Minh] PHP Warning:  Undefined variable $baseUrl in C:\xampp\htdocs\bookstore\resources\views\pages\home.php on line 235
[30-Nov-2025 23:37:02 Asia/Ho_Chi_Minh] PHP Warning:  Undefined variable $baseUrl in C:\xampp\htdocs\bookstore\resources\views\pages\home.php on line 236
[30-Nov-2025 23:37:02 Asia/Ho_Chi_Minh] PHP Warning:  Undefined variable $baseUrl in C:\xampp\htdocs\bookstore\resources\views\pages\home.php on line 237
[30-Nov-2025 23:37:02 Asia/Ho_Chi_Minh] PHP Warning:  Undefined variable $baseUrl in C:\xampp\htdocs\bookstore\resources\views\pages\home.php on line 238
[30-Nov-2025 23:37:02 Asia/Ho_Chi_Minh] PHP Warning:  Undefined variable $baseUrl in C:\xampp\htdocs\bookstore\resources\views\pages\home.php on line 239
[30-Nov-2025 23:37:02 Asia/Ho_Chi_Minh] PHP Warning:  Undefined variable $baseUrl in C:\xampp\htdocs\bookstore\resources\views\pages\home.php on line 240
[30-Nov-2025 23:37:02 Asia/Ho_Chi_Minh] PHP Warning:  Undefined variable $baseUrl in C:\xampp\htdocs\bookstore\resources\views\pages\home.php on line 241
[30-Nov-2025 23:37:02 Asia/Ho_Chi_Minh] PHP Warning:  Undefined variable $baseUrl in C:\xampp\htdocs\bookstore\resources\views\pages\home.php on line 242
[30-Nov-2025 23:37:02 Asia/Ho_Chi_Minh] PHP Warning:  Undefined variable $baseUrl in C:\xampp\htdocs\bookstore\resources\views\pages\home.php on line 249
[30-Nov-2025 23:37:02 Asia/Ho_Chi_Minh] PHP Warning:  Undefined variable $baseUrl in C:\xampp\htdocs\bookstore\resources\views\pages\home.php on line 276
[30-Nov-2025 23:37:02 Asia/Ho_Chi_Minh] PHP Warning:  Undefined variable $baseUrl in C:\xampp\htdocs\bookstore\resources\views\pages\home.php on line 282
[30-Nov-2025 23:37:02 Asia/Ho_Chi_Minh] PHP Warning:  Undefined variable $baseUrl in C:\xampp\htdocs\bookstore\resources\views\pages\home.php on line 308
[30-Nov-2025 23:37:02 Asia/Ho_Chi_Minh] PHP Warning:  Undefined variable $baseUrl in C:\xampp\htdocs\bookstore\resources\views\pages\home.php on line 282
[30-Nov-2025 23:37:02 Asia/Ho_Chi_Minh] PHP Warning:  Undefined variable $baseUrl in C:\xampp\htdocs\bookstore\resources\views\pages\home.php on line 308
[30-Nov-2025 23:37:02 Asia/Ho_Chi_Minh] PHP Warning:  Undefined variable $baseUrl in C:\xampp\htdocs\bookstore\resources\views\pages\home.php on line 282
[30-Nov-2025 23:37:02 Asia/Ho_Chi_Minh] PHP Warning:  Undefined variable $baseUrl in C:\xampp\htdocs\bookstore\resources\views\pages\home.php on line 308
[30-Nov-2025 23:37:02 Asia/Ho_Chi_Minh] PHP Warning:  Undefined variable $baseUrl in C:\xampp\htdocs\bookstore\resources\views\pages\home.php on line 282
[30-Nov-2025 23:37:02 Asia/Ho_Chi_Minh] PHP Warning:  Undefined variable $baseUrl in C:\xampp\htdocs\bookstore\resources\views\pages\home.php on line 308
[30-Nov-2025 23:37:02 Asia/Ho_Chi_Minh] PHP Warning:  Undefined variable $baseUrl in C:\xampp\htdocs\bookstore\resources\views\pages\home.php on line 326
[30-Nov-2025 23:37:02 Asia/Ho_Chi_Minh] PHP Warning:  Undefined variable $baseUrl in C:\xampp\htdocs\bookstore\resources\views\pages\home.php on line 331
[30-Nov-2025 23:37:02 Asia/Ho_Chi_Minh] PHP Warning:  Undefined variable $baseUrl in C:\xampp\htdocs\bookstore\resources\views\pages\home.php on line 357
[30-Nov-2025 23:37:02 Asia/Ho_Chi_Minh] PHP Warning:  Undefined variable $baseUrl in C:\xampp\htdocs\bookstore\resources\views\pages\home.php on line 331
[30-Nov-2025 23:37:02 Asia/Ho_Chi_Minh] PHP Warning:  Undefined variable $baseUrl in C:\xampp\htdocs\bookstore\resources\views\pages\home.php on line 357
[30-Nov-2025 23:37:02 Asia/Ho_Chi_Minh] PHP Warning:  Undefined variable $baseUrl in C:\xampp\htdocs\bookstore\resources\views\pages\home.php on line 331
[30-Nov-2025 23:37:02 Asia/Ho_Chi_Minh] PHP Warning:  Undefined variable $baseUrl in C:\xampp\htdocs\bookstore\resources\views\pages\home.php on line 357
[30-Nov-2025 23:37:02 Asia/Ho_Chi_Minh] PHP Warning:  Undefined variable $baseUrl in C:\xampp\htdocs\bookstore\resources\views\pages\home.php on line 331
[30-Nov-2025 23:37:02 Asia/Ho_Chi_Minh] PHP Warning:  Undefined variable $baseUrl in C:\xampp\htdocs\bookstore\resources\views\pages\home.php on line 357
[30-Nov-2025 23:37:02 Asia/Ho_Chi_Minh] PHP Warning:  Undefined variable $baseUrl in C:\xampp\htdocs\bookstore\resources\views\pages\home.php on line 375
[30-Nov-2025 23:37:02 Asia/Ho_Chi_Minh] PHP Warning:  Undefined variable $baseUrl in C:\xampp\htdocs\bookstore\resources\views\pages\home.php on line 380
[30-Nov-2025 23:37:02 Asia/Ho_Chi_Minh] PHP Warning:  Undefined variable $baseUrl in C:\xampp\htdocs\bookstore\resources\views\pages\home.php on line 406
[30-Nov-2025 23:37:02 Asia/Ho_Chi_Minh] PHP Warning:  Undefined variable $baseUrl in C:\xampp\htdocs\bookstore\resources\views\pages\home.php on line 380
[30-Nov-2025 23:37:02 Asia/Ho_Chi_Minh] PHP Warning:  Undefined variable $baseUrl in C:\xampp\htdocs\bookstore\resources\views\pages\home.php on line 406
[30-Nov-2025 23:37:02 Asia/Ho_Chi_Minh] PHP Warning:  Undefined variable $baseUrl in C:\xampp\htdocs\bookstore\resources\views\pages\home.php on line 380
[30-Nov-2025 23:37:02 Asia/Ho_Chi_Minh] PHP Warning:  Undefined variable $baseUrl in C:\xampp\htdocs\bookstore\resources\views\pages\home.php on line 406
[30-Nov-2025 23:37:02 Asia/Ho_Chi_Minh] PHP Warning:  Undefined variable $baseUrl in C:\xampp\htdocs\bookstore\resources\views\pages\home.php on line 380
[30-Nov-2025 23:37:02 Asia/Ho_Chi_Minh] PHP Warning:  Undefined variable $baseUrl in C:\xampp\htdocs\bookstore\resources\views\pages\home.php on line 406
[30-Nov-2025 23:37:02 Asia/Ho_Chi_Minh] PHP Warning:  Undefined variable $baseUrl in C:\xampp\htdocs\bookstore\resources\views\pages\home.php on line 428
[30-Nov-2025 23:37:02 Asia/Ho_Chi_Minh] PHP Warning:  Undefined variable $baseUrl in C:\xampp\htdocs\bookstore\resources\views\layout\header.php on line 7
[30-Nov-2025 23:37:02 Asia/Ho_Chi_Minh] PHP Deprecated:  rtrim(): Passing null to parameter #1 ($string) of type string is deprecated in C:\xampp\htdocs\bookstore\resources\views\layout\header.php on line 7
[30-Nov-2025 23:37:02 Asia/Ho_Chi_Minh] PHP Warning:  Undefined variable $appName in C:\xampp\htdocs\bookstore\resources\views\layout\header.php on line 8
[30-Nov-2025 23:37:02 Asia/Ho_Chi_Minh] PHP Warning:  Undefined variable $baseUrl in C:\xampp\htdocs\bookstore\resources\views\layout\header.php on line 9
[30-Nov-2025 23:37:02 Asia/Ho_Chi_Minh] PHP Warning:  Undefined variable $baseUrl in C:\xampp\htdocs\bookstore\resources\views\layout\header.php on line 11
[30-Nov-2025 23:37:02 Asia/Ho_Chi_Minh] PHP Warning:  Undefined variable $baseUrl in C:\xampp\htdocs\bookstore\resources\views\layout\header.php on line 21
[30-Nov-2025 23:37:02 Asia/Ho_Chi_Minh] PHP Warning:  Undefined variable $appName in C:\xampp\htdocs\bookstore\resources\views\layout\header.php on line 23
[30-Nov-2025 23:37:02 Asia/Ho_Chi_Minh] PHP Deprecated:  htmlspecialchars(): Passing null to parameter #1 ($string) of type string is deprecated in C:\xampp\htdocs\bookstore\resources\views\layout\header.php on line 23
[30-Nov-2025 23:37:02 Asia/Ho_Chi_Minh] PHP Warning:  Undefined variable $baseUrl in C:\xampp\htdocs\bookstore\resources\views\layout\header.php on line 29
[30-Nov-2025 23:37:02 Asia/Ho_Chi_Minh] PHP Warning:  Undefined variable $baseUrl in C:\xampp\htdocs\bookstore\resources\views\layout\header.php on line 37
[30-Nov-2025 23:37:02 Asia/Ho_Chi_Minh] PHP Warning:  Undefined variable $baseUrl in C:\xampp\htdocs\bookstore\resources\views\layout\header.php on line 96
[30-Nov-2025 23:37:02 Asia/Ho_Chi_Minh] PHP Warning:  Undefined variable $baseUrl in C:\xampp\htdocs\bookstore\resources\views\layout\header.php on line 110
[30-Nov-2025 23:37:02 Asia/Ho_Chi_Minh] PHP Warning:  Undefined variable $baseUrl in C:\xampp\htdocs\bookstore\resources\views\layout\header.php on line 112
[30-Nov-2025 23:37:02 Asia/Ho_Chi_Minh] PHP Warning:  Undefined variable $baseUrl in C:\xampp\htdocs\bookstore\resources\views\layout\header.php on line 115
[30-Nov-2025 23:37:02 Asia/Ho_Chi_Minh] PHP Warning:  Undefined variable $baseUrl in C:\xampp\htdocs\bookstore\resources\views\layout\header.php on line 116
[30-Nov-2025 23:37:02 Asia/Ho_Chi_Minh] PHP Warning:  Undefined variable $baseUrl in C:\xampp\htdocs\bookstore\resources\views\layout\header.php on line 117
[30-Nov-2025 23:37:02 Asia/Ho_Chi_Minh] PHP Warning:  Undefined variable $baseUrl in C:\xampp\htdocs\bookstore\resources\views\layout\header.php on line 118
[30-Nov-2025 23:37:02 Asia/Ho_Chi_Minh] PHP Warning:  Undefined variable $baseUrl in C:\xampp\htdocs\bookstore\resources\views\layout\header.php on line 120
[30-Nov-2025 23:37:02 Asia/Ho_Chi_Minh] PHP Warning:  Undefined variable $baseUrl in C:\xampp\htdocs\bookstore\resources\views\layout\header.php on line 121
[30-Nov-2025 23:37:02 Asia/Ho_Chi_Minh] PHP Warning:  Undefined variable $baseUrl in C:\xampp\htdocs\bookstore\resources\views\layout\header.php on line 122
[30-Nov-2025 23:37:02 Asia/Ho_Chi_Minh] PHP Warning:  Undefined variable $baseUrl in C:\xampp\htdocs\bookstore\resources\views\layout\header.php on line 123
[30-Nov-2025 23:37:02 Asia/Ho_Chi_Minh] PHP Warning:  Undefined variable $baseUrl in C:\xampp\htdocs\bookstore\resources\views\layout\header.php on line 127
[30-Nov-2025 23:37:02 Asia/Ho_Chi_Minh] PHP Warning:  Undefined variable $baseUrl in C:\xampp\htdocs\bookstore\resources\views\layout\header.php on line 129
[30-Nov-2025 23:37:02 Asia/Ho_Chi_Minh] PHP Warning:  Undefined variable $baseUrl in C:\xampp\htdocs\bookstore\resources\views\layout\header.php on line 130
[30-Nov-2025 23:37:02 Asia/Ho_Chi_Minh] PHP Warning:  Undefined variable $baseUrl in C:\xampp\htdocs\bookstore\resources\views\layout\header.php on line 131
[30-Nov-2025 23:37:02 Asia/Ho_Chi_Minh] PHP Warning:  Undefined variable $baseUrl in C:\xampp\htdocs\bookstore\resources\views\layout\header.php on line 132
[30-Nov-2025 23:37:02 Asia/Ho_Chi_Minh] PHP Warning:  Undefined variable $baseUrl in C:\xampp\htdocs\bookstore\resources\views\layout\header.php on line 136
[30-Nov-2025 23:37:02 Asia/Ho_Chi_Minh] PHP Warning:  Undefined variable $baseUrl in C:\xampp\htdocs\bookstore\resources\views\layout\header.php on line 138
[30-Nov-2025 23:37:02 Asia/Ho_Chi_Minh] PHP Warning:  Undefined variable $baseUrl in C:\xampp\htdocs\bookstore\resources\views\layout\header.php on line 139
[30-Nov-2025 23:37:02 Asia/Ho_Chi_Minh] PHP Warning:  Undefined variable $baseUrl in C:\xampp\htdocs\bookstore\resources\views\layout\header.php on line 140
[30-Nov-2025 23:37:02 Asia/Ho_Chi_Minh] PHP Warning:  Undefined variable $baseUrl in C:\xampp\htdocs\bookstore\resources\views\layout\header.php on line 141
[30-Nov-2025 23:37:02 Asia/Ho_Chi_Minh] PHP Warning:  Undefined variable $baseUrl in C:\xampp\htdocs\bookstore\resources\views\layout\header.php on line 144
[30-Nov-2025 23:37:02 Asia/Ho_Chi_Minh] PHP Warning:  Undefined variable $baseUrl in C:\xampp\htdocs\bookstore\resources\views\layout\header.php on line 145
[30-Nov-2025 23:37:02 Asia/Ho_Chi_Minh] PHP Warning:  Undefined variable $baseUrl in C:\xampp\htdocs\bookstore\resources\views\layout\header.php on line 146
[30-Nov-2025 23:37:02 Asia/Ho_Chi_Minh] PHP Warning:  Undefined variable $baseUrl in C:\xampp\htdocs\bookstore\resources\views\layout\header.php on line 147
[30-Nov-2025 23:37:02 Asia/Ho_Chi_Minh] PHP Warning:  Undefined variable $appName in C:\xampp\htdocs\bookstore\resources\views\layout\footer.php on line 9
[30-Nov-2025 23:37:02 Asia/Ho_Chi_Minh] PHP Deprecated:  htmlspecialchars(): Passing null to parameter #1 ($string) of type string is deprecated in C:\xampp\htdocs\bookstore\resources\views\layout\footer.php on line 9
[30-Nov-2025 23:37:02 Asia/Ho_Chi_Minh] PHP Warning:  Undefined variable $baseUrl in C:\xampp\htdocs\bookstore\resources\views\layout\footer.php on line 21
[30-Nov-2025 23:37:02 Asia/Ho_Chi_Minh] PHP Warning:  Undefined variable $baseUrl in C:\xampp\htdocs\bookstore\resources\views\layout\footer.php on line 22
[30-Nov-2025 23:37:02 Asia/Ho_Chi_Minh] PHP Warning:  Undefined variable $baseUrl in C:\xampp\htdocs\bookstore\resources\views\layout\footer.php on line 23
[30-Nov-2025 23:37:02 Asia/Ho_Chi_Minh] PHP Warning:  Undefined variable $baseUrl in C:\xampp\htdocs\bookstore\resources\views\layout\footer.php on line 24
[30-Nov-2025 23:37:02 Asia/Ho_Chi_Minh] PHP Warning:  Undefined variable $baseUrl in C:\xampp\htdocs\bookstore\resources\views\layout\footer.php on line 25
[30-Nov-2025 23:37:02 Asia/Ho_Chi_Minh] PHP Warning:  Undefined variable $baseUrl in C:\xampp\htdocs\bookstore\resources\views\layout\footer.php on line 26
[30-Nov-2025 23:37:02 Asia/Ho_Chi_Minh] PHP Warning:  Undefined variable $baseUrl in C:\xampp\htdocs\bookstore\resources\views\layout\footer.php on line 27
[30-Nov-2025 23:37:02 Asia/Ho_Chi_Minh] PHP Warning:  Undefined variable $baseUrl in C:\xampp\htdocs\bookstore\resources\views\layout\footer.php on line 73
[30-Nov-2025 23:37:02 Asia/Ho_Chi_Minh] PHP Warning:  Undefined variable $appName in C:\xampp\htdocs\bookstore\resources\views\layout\footer.php on line 97
[30-Nov-2025 23:37:02 Asia/Ho_Chi_Minh] PHP Deprecated:  htmlspecialchars(): Passing null to parameter #1 ($string) of type string is deprecated in C:\xampp\htdocs\bookstore\resources\views\layout\footer.php on line 97
[30-Nov-2025 23:37:02 Asia/Ho_Chi_Minh] PHP Warning:  Undefined variable $baseUrl in C:\xampp\htdocs\bookstore\resources\views\layout\footer.php on line 100
[30-Nov-2025 23:37:02 Asia/Ho_Chi_Minh] PHP Warning:  Undefined variable $baseUrl in C:\xampp\htdocs\bookstore\resources\views\layout\footer.php on line 101
[30-Nov-2025 23:37:02 Asia/Ho_Chi_Minh] PHP Warning:  Undefined variable $baseUrl in C:\xampp\htdocs\bookstore\resources\views\layout\footer.php on line 102
[30-Nov-2025 23:37:02 Asia/Ho_Chi_Minh] PHP Warning:  Undefined variable $baseUrl in C:\xampp\htdocs\bookstore\resources\views\layout\footer.php on line 158
[30-Nov-2025 23:37:11 Asia/Ho_Chi_Minh] PHP Warning:  Undefined variable $baseUrl in C:\xampp\htdocs\bookstore\resources\views\pages\home.php on line 6
[30-Nov-2025 23:37:11 Asia/Ho_Chi_Minh] PHP Deprecated:  rtrim(): Passing null to parameter #1 ($string) of type string is deprecated in C:\xampp\htdocs\bookstore\resources\views\pages\home.php on line 6
[30-Nov-2025 23:37:11 Asia/Ho_Chi_Minh] PHP Warning:  Undefined variable $appName in C:\xampp\htdocs\bookstore\resources\views\pages\home.php on line 7
[30-Nov-2025 23:37:11 Asia/Ho_Chi_Minh] PHP Deprecated:  htmlspecialchars(): Passing null to parameter #1 ($string) of type string is deprecated in C:\xampp\htdocs\bookstore\resources\views\pages\home.php on line 7
[30-Nov-2025 23:37:11 Asia/Ho_Chi_Minh] PHP Warning:  Undefined variable $baseUrl in C:\xampp\htdocs\bookstore\resources\views\pages\home.php on line 10
[30-Nov-2025 23:37:11 Asia/Ho_Chi_Minh] PHP Warning:  Undefined variable $baseUrl in C:\xampp\htdocs\bookstore\resources\views\pages\home.php on line 11
[30-Nov-2025 23:37:11 Asia/Ho_Chi_Minh] PHP Warning:  Undefined variable $baseUrl in C:\xampp\htdocs\bookstore\resources\views\pages\home.php on line 18
[30-Nov-2025 23:37:11 Asia/Ho_Chi_Minh] PHP Warning:  Undefined variable $baseUrl in C:\xampp\htdocs\bookstore\resources\views\pages\home.php on line 22
[30-Nov-2025 23:37:11 Asia/Ho_Chi_Minh] PHP Warning:  Undefined variable $baseUrl in C:\xampp\htdocs\bookstore\resources\views\pages\home.php on line 171
[30-Nov-2025 23:37:11 Asia/Ho_Chi_Minh] PHP Warning:  Undefined variable $baseUrl in C:\xampp\htdocs\bookstore\resources\views\pages\home.php on line 186
[30-Nov-2025 23:37:11 Asia/Ho_Chi_Minh] PHP Warning:  Undefined variable $baseUrl in C:\xampp\htdocs\bookstore\resources\views\pages\home.php on line 201
[30-Nov-2025 23:37:11 Asia/Ho_Chi_Minh] PHP Warning:  Undefined variable $baseUrl in C:\xampp\htdocs\bookstore\resources\views\pages\home.php on line 233
[30-Nov-2025 23:37:11 Asia/Ho_Chi_Minh] PHP Warning:  Undefined variable $baseUrl in C:\xampp\htdocs\bookstore\resources\views\pages\home.php on line 234
[30-Nov-2025 23:37:11 Asia/Ho_Chi_Minh] PHP Warning:  Undefined variable $baseUrl in C:\xampp\htdocs\bookstore\resources\views\pages\home.php on line 235
[30-Nov-2025 23:37:11 Asia/Ho_Chi_Minh] PHP Warning:  Undefined variable $baseUrl in C:\xampp\htdocs\bookstore\resources\views\pages\home.php on line 236
[30-Nov-2025 23:37:11 Asia/Ho_Chi_Minh] PHP Warning:  Undefined variable $baseUrl in C:\xampp\htdocs\bookstore\resources\views\pages\home.php on line 237
[30-Nov-2025 23:37:11 Asia/Ho_Chi_Minh] PHP Warning:  Undefined variable $baseUrl in C:\xampp\htdocs\bookstore\resources\views\pages\home.php on line 238
[30-Nov-2025 23:37:11 Asia/Ho_Chi_Minh] PHP Warning:  Undefined variable $baseUrl in C:\xampp\htdocs\bookstore\resources\views\pages\home.php on line 239
[30-Nov-2025 23:37:11 Asia/Ho_Chi_Minh] PHP Warning:  Undefined variable $baseUrl in C:\xampp\htdocs\bookstore\resources\views\pages\home.php on line 240
[30-Nov-2025 23:37:11 Asia/Ho_Chi_Minh] PHP Warning:  Undefined variable $baseUrl in C:\xampp\htdocs\bookstore\resources\views\pages\home.php on line 241
[30-Nov-2025 23:37:11 Asia/Ho_Chi_Minh] PHP Warning:  Undefined variable $baseUrl in C:\xampp\htdocs\bookstore\resources\views\pages\home.php on line 242
[30-Nov-2025 23:37:11 Asia/Ho_Chi_Minh] PHP Warning:  Undefined variable $baseUrl in C:\xampp\htdocs\bookstore\resources\views\pages\home.php on line 249
[30-Nov-2025 23:37:11 Asia/Ho_Chi_Minh] PHP Warning:  Undefined variable $baseUrl in C:\xampp\htdocs\bookstore\resources\views\pages\home.php on line 276
[30-Nov-2025 23:37:11 Asia/Ho_Chi_Minh] PHP Warning:  Undefined variable $baseUrl in C:\xampp\htdocs\bookstore\resources\views\pages\home.php on line 282
[30-Nov-2025 23:37:11 Asia/Ho_Chi_Minh] PHP Warning:  Undefined variable $baseUrl in C:\xampp\htdocs\bookstore\resources\views\pages\home.php on line 308
[30-Nov-2025 23:37:11 Asia/Ho_Chi_Minh] PHP Warning:  Undefined variable $baseUrl in C:\xampp\htdocs\bookstore\resources\views\pages\home.php on line 282
[30-Nov-2025 23:37:11 Asia/Ho_Chi_Minh] PHP Warning:  Undefined variable $baseUrl in C:\xampp\htdocs\bookstore\resources\views\pages\home.php on line 308
[30-Nov-2025 23:37:11 Asia/Ho_Chi_Minh] PHP Warning:  Undefined variable $baseUrl in C:\xampp\htdocs\bookstore\resources\views\pages\home.php on line 282
[30-Nov-2025 23:37:11 Asia/Ho_Chi_Minh] PHP Warning:  Undefined variable $baseUrl in C:\xampp\htdocs\bookstore\resources\views\pages\home.php on line 308
[30-Nov-2025 23:37:11 Asia/Ho_Chi_Minh] PHP Warning:  Undefined variable $baseUrl in C:\xampp\htdocs\bookstore\resources\views\pages\home.php on line 282
[30-Nov-2025 23:37:11 Asia/Ho_Chi_Minh] PHP Warning:  Undefined variable $baseUrl in C:\xampp\htdocs\bookstore\resources\views\pages\home.php on line 308
[30-Nov-2025 23:37:11 Asia/Ho_Chi_Minh] PHP Warning:  Undefined variable $baseUrl in C:\xampp\htdocs\bookstore\resources\views\pages\home.php on line 326
[30-Nov-2025 23:37:11 Asia/Ho_Chi_Minh] PHP Warning:  Undefined variable $baseUrl in C:\xampp\htdocs\bookstore\resources\views\pages\home.php on line 331
[30-Nov-2025 23:37:11 Asia/Ho_Chi_Minh] PHP Warning:  Undefined variable $baseUrl in C:\xampp\htdocs\bookstore\resources\views\pages\home.php on line 357
[30-Nov-2025 23:37:11 Asia/Ho_Chi_Minh] PHP Warning:  Undefined variable $baseUrl in C:\xampp\htdocs\bookstore\resources\views\pages\home.php on line 331
[30-Nov-2025 23:37:11 Asia/Ho_Chi_Minh] PHP Warning:  Undefined variable $baseUrl in C:\xampp\htdocs\bookstore\resources\views\pages\home.php on line 357
[30-Nov-2025 23:37:11 Asia/Ho_Chi_Minh] PHP Warning:  Undefined variable $baseUrl in C:\xampp\htdocs\bookstore\resources\views\pages\home.php on line 331
[30-Nov-2025 23:37:11 Asia/Ho_Chi_Minh] PHP Warning:  Undefined variable $baseUrl in C:\xampp\htdocs\bookstore\resources\views\pages\home.php on line 357
[30-Nov-2025 23:37:11 Asia/Ho_Chi_Minh] PHP Warning:  Undefined variable $baseUrl in C:\xampp\htdocs\bookstore\resources\views\pages\home.php on line 331
[30-Nov-2025 23:37:11 Asia/Ho_Chi_Minh] PHP Warning:  Undefined variable $baseUrl in C:\xampp\htdocs\bookstore\resources\views\pages\home.php on line 357
[30-Nov-2025 23:37:11 Asia/Ho_Chi_Minh] PHP Warning:  Undefined variable $baseUrl in C:\xampp\htdocs\bookstore\resources\views\pages\home.php on line 375
[30-Nov-2025 23:37:11 Asia/Ho_Chi_Minh] PHP Warning:  Undefined variable $baseUrl in C:\xampp\htdocs\bookstore\resources\views\pages\home.php on line 380
[30-Nov-2025 23:37:11 Asia/Ho_Chi_Minh] PHP Warning:  Undefined variable $baseUrl in C:\xampp\htdocs\bookstore\resources\views\pages\home.php on line 406
[30-Nov-2025 23:37:12 Asia/Ho_Chi_Minh] PHP Warning:  Undefined variable $baseUrl in C:\xampp\htdocs\bookstore\resources\views\pages\home.php on line 380
[30-Nov-2025 23:37:12 Asia/Ho_Chi_Minh] PHP Warning:  Undefined variable $baseUrl in C:\xampp\htdocs\bookstore\resources\views\pages\home.php on line 406
[30-Nov-2025 23:37:12 Asia/Ho_Chi_Minh] PHP Warning:  Undefined variable $baseUrl in C:\xampp\htdocs\bookstore\resources\views\pages\home.php on line 380
[30-Nov-2025 23:37:12 Asia/Ho_Chi_Minh] PHP Warning:  Undefined variable $baseUrl in C:\xampp\htdocs\bookstore\resources\views\pages\home.php on line 406
[30-Nov-2025 23:37:12 Asia/Ho_Chi_Minh] PHP Warning:  Undefined variable $baseUrl in C:\xampp\htdocs\bookstore\resources\views\pages\home.php on line 380
[30-Nov-2025 23:37:12 Asia/Ho_Chi_Minh] PHP Warning:  Undefined variable $baseUrl in C:\xampp\htdocs\bookstore\resources\views\pages\home.php on line 406
[30-Nov-2025 23:37:12 Asia/Ho_Chi_Minh] PHP Warning:  Undefined variable $baseUrl in C:\xampp\htdocs\bookstore\resources\views\pages\home.php on line 428
[30-Nov-2025 23:37:12 Asia/Ho_Chi_Minh] PHP Warning:  Undefined variable $baseUrl in C:\xampp\htdocs\bookstore\resources\views\layout\header.php on line 7
[30-Nov-2025 23:37:12 Asia/Ho_Chi_Minh] PHP Deprecated:  rtrim(): Passing null to parameter #1 ($string) of type string is deprecated in C:\xampp\htdocs\bookstore\resources\views\layout\header.php on line 7
[30-Nov-2025 23:37:12 Asia/Ho_Chi_Minh] PHP Warning:  Undefined variable $appName in C:\xampp\htdocs\bookstore\resources\views\layout\header.php on line 8
[30-Nov-2025 23:37:12 Asia/Ho_Chi_Minh] PHP Warning:  Undefined variable $baseUrl in C:\xampp\htdocs\bookstore\resources\views\layout\header.php on line 9
[30-Nov-2025 23:37:12 Asia/Ho_Chi_Minh] PHP Warning:  Undefined variable $baseUrl in C:\xampp\htdocs\bookstore\resources\views\layout\header.php on line 11
[30-Nov-2025 23:37:12 Asia/Ho_Chi_Minh] PHP Warning:  Undefined variable $baseUrl in C:\xampp\htdocs\bookstore\resources\views\layout\header.php on line 21
[30-Nov-2025 23:37:12 Asia/Ho_Chi_Minh] PHP Warning:  Undefined variable $appName in C:\xampp\htdocs\bookstore\resources\views\layout\header.php on line 23
[30-Nov-2025 23:37:12 Asia/Ho_Chi_Minh] PHP Deprecated:  htmlspecialchars(): Passing null to parameter #1 ($string) of type string is deprecated in C:\xampp\htdocs\bookstore\resources\views\layout\header.php on line 23
[30-Nov-2025 23:37:12 Asia/Ho_Chi_Minh] PHP Warning:  Undefined variable $baseUrl in C:\xampp\htdocs\bookstore\resources\views\layout\header.php on line 29
[30-Nov-2025 23:37:12 Asia/Ho_Chi_Minh] PHP Warning:  Undefined variable $baseUrl in C:\xampp\htdocs\bookstore\resources\views\layout\header.php on line 37
[30-Nov-2025 23:37:12 Asia/Ho_Chi_Minh] PHP Warning:  Undefined variable $baseUrl in C:\xampp\htdocs\bookstore\resources\views\layout\header.php on line 96
[30-Nov-2025 23:37:12 Asia/Ho_Chi_Minh] PHP Warning:  Undefined variable $baseUrl in C:\xampp\htdocs\bookstore\resources\views\layout\header.php on line 110
[30-Nov-2025 23:37:12 Asia/Ho_Chi_Minh] PHP Warning:  Undefined variable $baseUrl in C:\xampp\htdocs\bookstore\resources\views\layout\header.php on line 112
[30-Nov-2025 23:37:12 Asia/Ho_Chi_Minh] PHP Warning:  Undefined variable $baseUrl in C:\xampp\htdocs\bookstore\resources\views\layout\header.php on line 115
[30-Nov-2025 23:37:12 Asia/Ho_Chi_Minh] PHP Warning:  Undefined variable $baseUrl in C:\xampp\htdocs\bookstore\resources\views\layout\header.php on line 116
[30-Nov-2025 23:37:12 Asia/Ho_Chi_Minh] PHP Warning:  Undefined variable $baseUrl in C:\xampp\htdocs\bookstore\resources\views\layout\header.php on line 117
[30-Nov-2025 23:37:12 Asia/Ho_Chi_Minh] PHP Warning:  Undefined variable $baseUrl in C:\xampp\htdocs\bookstore\resources\views\layout\header.php on line 118
[30-Nov-2025 23:37:12 Asia/Ho_Chi_Minh] PHP Warning:  Undefined variable $baseUrl in C:\xampp\htdocs\bookstore\resources\views\layout\header.php on line 120
[30-Nov-2025 23:37:12 Asia/Ho_Chi_Minh] PHP Warning:  Undefined variable $baseUrl in C:\xampp\htdocs\bookstore\resources\views\layout\header.php on line 121
[30-Nov-2025 23:37:12 Asia/Ho_Chi_Minh] PHP Warning:  Undefined variable $baseUrl in C:\xampp\htdocs\bookstore\resources\views\layout\header.php on line 122
[30-Nov-2025 23:37:12 Asia/Ho_Chi_Minh] PHP Warning:  Undefined variable $baseUrl in C:\xampp\htdocs\bookstore\resources\views\layout\header.php on line 123
[30-Nov-2025 23:37:12 Asia/Ho_Chi_Minh] PHP Warning:  Undefined variable $baseUrl in C:\xampp\htdocs\bookstore\resources\views\layout\header.php on line 127
[30-Nov-2025 23:37:12 Asia/Ho_Chi_Minh] PHP Warning:  Undefined variable $baseUrl in C:\xampp\htdocs\bookstore\resources\views\layout\header.php on line 129
[30-Nov-2025 23:37:12 Asia/Ho_Chi_Minh] PHP Warning:  Undefined variable $baseUrl in C:\xampp\htdocs\bookstore\resources\views\layout\header.php on line 130
[30-Nov-2025 23:37:12 Asia/Ho_Chi_Minh] PHP Warning:  Undefined variable $baseUrl in C:\xampp\htdocs\bookstore\resources\views\layout\header.php on line 131
[30-Nov-2025 23:37:12 Asia/Ho_Chi_Minh] PHP Warning:  Undefined variable $baseUrl in C:\xampp\htdocs\bookstore\resources\views\layout\header.php on line 132
[30-Nov-2025 23:37:12 Asia/Ho_Chi_Minh] PHP Warning:  Undefined variable $baseUrl in C:\xampp\htdocs\bookstore\resources\views\layout\header.php on line 136
[30-Nov-2025 23:37:12 Asia/Ho_Chi_Minh] PHP Warning:  Undefined variable $baseUrl in C:\xampp\htdocs\bookstore\resources\views\layout\header.php on line 138
[30-Nov-2025 23:37:12 Asia/Ho_Chi_Minh] PHP Warning:  Undefined variable $baseUrl in C:\xampp\htdocs\bookstore\resources\views\layout\header.php on line 139
[30-Nov-2025 23:37:12 Asia/Ho_Chi_Minh] PHP Warning:  Undefined variable $baseUrl in C:\xampp\htdocs\bookstore\resources\views\layout\header.php on line 140
[30-Nov-2025 23:37:12 Asia/Ho_Chi_Minh] PHP Warning:  Undefined variable $baseUrl in C:\xampp\htdocs\bookstore\resources\views\layout\header.php on line 141
[30-Nov-2025 23:37:12 Asia/Ho_Chi_Minh] PHP Warning:  Undefined variable $baseUrl in C:\xampp\htdocs\bookstore\resources\views\layout\header.php on line 144
[30-Nov-2025 23:37:12 Asia/Ho_Chi_Minh] PHP Warning:  Undefined variable $baseUrl in C:\xampp\htdocs\bookstore\resources\views\layout\header.php on line 145
[30-Nov-2025 23:37:12 Asia/Ho_Chi_Minh] PHP Warning:  Undefined variable $baseUrl in C:\xampp\htdocs\bookstore\resources\views\layout\header.php on line 146
[30-Nov-2025 23:37:12 Asia/Ho_Chi_Minh] PHP Warning:  Undefined variable $baseUrl in C:\xampp\htdocs\bookstore\resources\views\layout\header.php on line 147
[30-Nov-2025 23:37:12 Asia/Ho_Chi_Minh] PHP Warning:  Undefined variable $appName in C:\xampp\htdocs\bookstore\resources\views\layout\footer.php on line 9
[30-Nov-2025 23:37:12 Asia/Ho_Chi_Minh] PHP Deprecated:  htmlspecialchars(): Passing null to parameter #1 ($string) of type string is deprecated in C:\xampp\htdocs\bookstore\resources\views\layout\footer.php on line 9
[30-Nov-2025 23:37:12 Asia/Ho_Chi_Minh] PHP Warning:  Undefined variable $baseUrl in C:\xampp\htdocs\bookstore\resources\views\layout\footer.php on line 21
[30-Nov-2025 23:37:12 Asia/Ho_Chi_Minh] PHP Warning:  Undefined variable $baseUrl in C:\xampp\htdocs\bookstore\resources\views\layout\footer.php on line 22
[30-Nov-2025 23:37:12 Asia/Ho_Chi_Minh] PHP Warning:  Undefined variable $baseUrl in C:\xampp\htdocs\bookstore\resources\views\layout\footer.php on line 23
[30-Nov-2025 23:37:12 Asia/Ho_Chi_Minh] PHP Warning:  Undefined variable $baseUrl in C:\xampp\htdocs\bookstore\resources\views\layout\footer.php on line 24
[30-Nov-2025 23:37:12 Asia/Ho_Chi_Minh] PHP Warning:  Undefined variable $baseUrl in C:\xampp\htdocs\bookstore\resources\views\layout\footer.php on line 25
[30-Nov-2025 23:37:12 Asia/Ho_Chi_Minh] PHP Warning:  Undefined variable $baseUrl in C:\xampp\htdocs\bookstore\resources\views\layout\footer.php on line 26
[30-Nov-2025 23:37:12 Asia/Ho_Chi_Minh] PHP Warning:  Undefined variable $baseUrl in C:\xampp\htdocs\bookstore\resources\views\layout\footer.php on line 27
[30-Nov-2025 23:37:12 Asia/Ho_Chi_Minh] PHP Warning:  Undefined variable $baseUrl in C:\xampp\htdocs\bookstore\resources\views\layout\footer.php on line 73
[30-Nov-2025 23:37:12 Asia/Ho_Chi_Minh] PHP Warning:  Undefined variable $appName in C:\xampp\htdocs\bookstore\resources\views\layout\footer.php on line 97
[30-Nov-2025 23:37:12 Asia/Ho_Chi_Minh] PHP Deprecated:  htmlspecialchars(): Passing null to parameter #1 ($string) of type string is deprecated in C:\xampp\htdocs\bookstore\resources\views\layout\footer.php on line 97
[30-Nov-2025 23:37:12 Asia/Ho_Chi_Minh] PHP Warning:  Undefined variable $baseUrl in C:\xampp\htdocs\bookstore\resources\views\layout\footer.php on line 100
[30-Nov-2025 23:37:12 Asia/Ho_Chi_Minh] PHP Warning:  Undefined variable $baseUrl in C:\xampp\htdocs\bookstore\resources\views\layout\footer.php on line 101
[30-Nov-2025 23:37:12 Asia/Ho_Chi_Minh] PHP Warning:  Undefined variable $baseUrl in C:\xampp\htdocs\bookstore\resources\views\layout\footer.php on line 102
[30-Nov-2025 23:37:12 Asia/Ho_Chi_Minh] PHP Warning:  Undefined variable $baseUrl in C:\xampp\htdocs\bookstore\resources\views\layout\footer.php on line 158
[30-Nov-2025 23:37:12 Asia/Ho_Chi_Minh] PHP Warning:  Undefined variable $baseUrl in C:\xampp\htdocs\bookstore\resources\views\pages\home.php on line 6
[30-Nov-2025 23:37:12 Asia/Ho_Chi_Minh] PHP Deprecated:  rtrim(): Passing null to parameter #1 ($string) of type string is deprecated in C:\xampp\htdocs\bookstore\resources\views\pages\home.php on line 6
[30-Nov-2025 23:37:12 Asia/Ho_Chi_Minh] PHP Warning:  Undefined variable $appName in C:\xampp\htdocs\bookstore\resources\views\pages\home.php on line 7
[30-Nov-2025 23:37:12 Asia/Ho_Chi_Minh] PHP Deprecated:  htmlspecialchars(): Passing null to parameter #1 ($string) of type string is deprecated in C:\xampp\htdocs\bookstore\resources\views\pages\home.php on line 7
[30-Nov-2025 23:37:12 Asia/Ho_Chi_Minh] PHP Warning:  Undefined variable $baseUrl in C:\xampp\htdocs\bookstore\resources\views\pages\home.php on line 10
[30-Nov-2025 23:37:12 Asia/Ho_Chi_Minh] PHP Warning:  Undefined variable $baseUrl in C:\xampp\htdocs\bookstore\resources\views\pages\home.php on line 11
[30-Nov-2025 23:37:12 Asia/Ho_Chi_Minh] PHP Warning:  Undefined variable $baseUrl in C:\xampp\htdocs\bookstore\resources\views\pages\home.php on line 18
[30-Nov-2025 23:37:12 Asia/Ho_Chi_Minh] PHP Warning:  Undefined variable $baseUrl in C:\xampp\htdocs\bookstore\resources\views\pages\home.php on line 22
[30-Nov-2025 23:37:12 Asia/Ho_Chi_Minh] PHP Warning:  Undefined variable $baseUrl in C:\xampp\htdocs\bookstore\resources\views\pages\home.php on line 171
[30-Nov-2025 23:37:12 Asia/Ho_Chi_Minh] PHP Warning:  Undefined variable $baseUrl in C:\xampp\htdocs\bookstore\resources\views\pages\home.php on line 186
[30-Nov-2025 23:37:12 Asia/Ho_Chi_Minh] PHP Warning:  Undefined variable $baseUrl in C:\xampp\htdocs\bookstore\resources\views\pages\home.php on line 201
[30-Nov-2025 23:37:12 Asia/Ho_Chi_Minh] PHP Warning:  Undefined variable $baseUrl in C:\xampp\htdocs\bookstore\resources\views\pages\home.php on line 233
[30-Nov-2025 23:37:12 Asia/Ho_Chi_Minh] PHP Warning:  Undefined variable $baseUrl in C:\xampp\htdocs\bookstore\resources\views\pages\home.php on line 234
[30-Nov-2025 23:37:12 Asia/Ho_Chi_Minh] PHP Warning:  Undefined variable $baseUrl in C:\xampp\htdocs\bookstore\resources\views\pages\home.php on line 235
[30-Nov-2025 23:37:12 Asia/Ho_Chi_Minh] PHP Warning:  Undefined variable $baseUrl in C:\xampp\htdocs\bookstore\resources\views\pages\home.php on line 236
[30-Nov-2025 23:37:12 Asia/Ho_Chi_Minh] PHP Warning:  Undefined variable $baseUrl in C:\xampp\htdocs\bookstore\resources\views\pages\home.php on line 237
[30-Nov-2025 23:37:12 Asia/Ho_Chi_Minh] PHP Warning:  Undefined variable $baseUrl in C:\xampp\htdocs\bookstore\resources\views\pages\home.php on line 238
[30-Nov-2025 23:37:12 Asia/Ho_Chi_Minh] PHP Warning:  Undefined variable $baseUrl in C:\xampp\htdocs\bookstore\resources\views\pages\home.php on line 239
[30-Nov-2025 23:37:12 Asia/Ho_Chi_Minh] PHP Warning:  Undefined variable $baseUrl in C:\xampp\htdocs\bookstore\resources\views\pages\home.php on line 240
[30-Nov-2025 23:37:12 Asia/Ho_Chi_Minh] PHP Warning:  Undefined variable $baseUrl in C:\xampp\htdocs\bookstore\resources\views\pages\home.php on line 241
[30-Nov-2025 23:37:12 Asia/Ho_Chi_Minh] PHP Warning:  Undefined variable $baseUrl in C:\xampp\htdocs\bookstore\resources\views\pages\home.php on line 242
[30-Nov-2025 23:37:12 Asia/Ho_Chi_Minh] PHP Warning:  Undefined variable $baseUrl in C:\xampp\htdocs\bookstore\resources\views\pages\home.php on line 249
[30-Nov-2025 23:37:12 Asia/Ho_Chi_Minh] PHP Warning:  Undefined variable $baseUrl in C:\xampp\htdocs\bookstore\resources\views\pages\home.php on line 276
[30-Nov-2025 23:37:12 Asia/Ho_Chi_Minh] PHP Warning:  Undefined variable $baseUrl in C:\xampp\htdocs\bookstore\resources\views\pages\home.php on line 282
[30-Nov-2025 23:37:12 Asia/Ho_Chi_Minh] PHP Warning:  Undefined variable $baseUrl in C:\xampp\htdocs\bookstore\resources\views\pages\home.php on line 308
[30-Nov-2025 23:37:12 Asia/Ho_Chi_Minh] PHP Warning:  Undefined variable $baseUrl in C:\xampp\htdocs\bookstore\resources\views\pages\home.php on line 282
[30-Nov-2025 23:37:12 Asia/Ho_Chi_Minh] PHP Warning:  Undefined variable $baseUrl in C:\xampp\htdocs\bookstore\resources\views\pages\home.php on line 308
[30-Nov-2025 23:37:12 Asia/Ho_Chi_Minh] PHP Warning:  Undefined variable $baseUrl in C:\xampp\htdocs\bookstore\resources\views\pages\home.php on line 282
[30-Nov-2025 23:37:12 Asia/Ho_Chi_Minh] PHP Warning:  Undefined variable $baseUrl in C:\xampp\htdocs\bookstore\resources\views\pages\home.php on line 308
[30-Nov-2025 23:37:12 Asia/Ho_Chi_Minh] PHP Warning:  Undefined variable $baseUrl in C:\xampp\htdocs\bookstore\resources\views\pages\home.php on line 282
[30-Nov-2025 23:37:12 Asia/Ho_Chi_Minh] PHP Warning:  Undefined variable $baseUrl in C:\xampp\htdocs\bookstore\resources\views\pages\home.php on line 308
[30-Nov-2025 23:37:12 Asia/Ho_Chi_Minh] PHP Warning:  Undefined variable $baseUrl in C:\xampp\htdocs\bookstore\resources\views\pages\home.php on line 326
[30-Nov-2025 23:37:12 Asia/Ho_Chi_Minh] PHP Warning:  Undefined variable $baseUrl in C:\xampp\htdocs\bookstore\resources\views\pages\home.php on line 331
[30-Nov-2025 23:37:12 Asia/Ho_Chi_Minh] PHP Warning:  Undefined variable $baseUrl in C:\xampp\htdocs\bookstore\resources\views\pages\home.php on line 357
[30-Nov-2025 23:37:12 Asia/Ho_Chi_Minh] PHP Warning:  Undefined variable $baseUrl in C:\xampp\htdocs\bookstore\resources\views\pages\home.php on line 331
[30-Nov-2025 23:37:12 Asia/Ho_Chi_Minh] PHP Warning:  Undefined variable $baseUrl in C:\xampp\htdocs\bookstore\resources\views\pages\home.php on line 357
[30-Nov-2025 23:37:12 Asia/Ho_Chi_Minh] PHP Warning:  Undefined variable $baseUrl in C:\xampp\htdocs\bookstore\resources\views\pages\home.php on line 331
[30-Nov-2025 23:37:12 Asia/Ho_Chi_Minh] PHP Warning:  Undefined variable $baseUrl in C:\xampp\htdocs\bookstore\resources\views\pages\home.php on line 357
[30-Nov-2025 23:37:12 Asia/Ho_Chi_Minh] PHP Warning:  Undefined variable $baseUrl in C:\xampp\htdocs\bookstore\resources\views\pages\home.php on line 331
[30-Nov-2025 23:37:12 Asia/Ho_Chi_Minh] PHP Warning:  Undefined variable $baseUrl in C:\xampp\htdocs\bookstore\resources\views\pages\home.php on line 357
[30-Nov-2025 23:37:12 Asia/Ho_Chi_Minh] PHP Warning:  Undefined variable $baseUrl in C:\xampp\htdocs\bookstore\resources\views\pages\home.php on line 375
[30-Nov-2025 23:37:12 Asia/Ho_Chi_Minh] PHP Warning:  Undefined variable $baseUrl in C:\xampp\htdocs\bookstore\resources\views\pages\home.php on line 380
[30-Nov-2025 23:37:12 Asia/Ho_Chi_Minh] PHP Warning:  Undefined variable $baseUrl in C:\xampp\htdocs\bookstore\resources\views\pages\home.php on line 406
[30-Nov-2025 23:37:12 Asia/Ho_Chi_Minh] PHP Warning:  Undefined variable $baseUrl in C:\xampp\htdocs\bookstore\resources\views\pages\home.php on line 380
[30-Nov-2025 23:37:12 Asia/Ho_Chi_Minh] PHP Warning:  Undefined variable $baseUrl in C:\xampp\htdocs\bookstore\resources\views\pages\home.php on line 406
[30-Nov-2025 23:37:12 Asia/Ho_Chi_Minh] PHP Warning:  Undefined variable $baseUrl in C:\xampp\htdocs\bookstore\resources\views\pages\home.php on line 380
[30-Nov-2025 23:37:12 Asia/Ho_Chi_Minh] PHP Warning:  Undefined variable $baseUrl in C:\xampp\htdocs\bookstore\resources\views\pages\home.php on line 406
[30-Nov-2025 23:37:12 Asia/Ho_Chi_Minh] PHP Warning:  Undefined variable $baseUrl in C:\xampp\htdocs\bookstore\resources\views\pages\home.php on line 380
[30-Nov-2025 23:37:12 Asia/Ho_Chi_Minh] PHP Warning:  Undefined variable $baseUrl in C:\xampp\htdocs\bookstore\resources\views\pages\home.php on line 406
[30-Nov-2025 23:37:12 Asia/Ho_Chi_Minh] PHP Warning:  Undefined variable $baseUrl in C:\xampp\htdocs\bookstore\resources\views\pages\home.php on line 428
[30-Nov-2025 23:37:12 Asia/Ho_Chi_Minh] PHP Warning:  Undefined variable $baseUrl in C:\xampp\htdocs\bookstore\resources\views\layout\header.php on line 7
[30-Nov-2025 23:37:12 Asia/Ho_Chi_Minh] PHP Deprecated:  rtrim(): Passing null to parameter #1 ($string) of type string is deprecated in C:\xampp\htdocs\bookstore\resources\views\layout\header.php on line 7
[30-Nov-2025 23:37:12 Asia/Ho_Chi_Minh] PHP Warning:  Undefined variable $appName in C:\xampp\htdocs\bookstore\resources\views\layout\header.php on line 8
[30-Nov-2025 23:37:12 Asia/Ho_Chi_Minh] PHP Warning:  Undefined variable $baseUrl in C:\xampp\htdocs\bookstore\resources\views\layout\header.php on line 9
[30-Nov-2025 23:37:12 Asia/Ho_Chi_Minh] PHP Warning:  Undefined variable $baseUrl in C:\xampp\htdocs\bookstore\resources\views\layout\header.php on line 11
[30-Nov-2025 23:37:12 Asia/Ho_Chi_Minh] PHP Warning:  Undefined variable $baseUrl in C:\xampp\htdocs\bookstore\resources\views\layout\header.php on line 21
[30-Nov-2025 23:37:12 Asia/Ho_Chi_Minh] PHP Warning:  Undefined variable $appName in C:\xampp\htdocs\bookstore\resources\views\layout\header.php on line 23
[30-Nov-2025 23:37:12 Asia/Ho_Chi_Minh] PHP Deprecated:  htmlspecialchars(): Passing null to parameter #1 ($string) of type string is deprecated in C:\xampp\htdocs\bookstore\resources\views\layout\header.php on line 23
[30-Nov-2025 23:37:12 Asia/Ho_Chi_Minh] PHP Warning:  Undefined variable $baseUrl in C:\xampp\htdocs\bookstore\resources\views\layout\header.php on line 29
[30-Nov-2025 23:37:12 Asia/Ho_Chi_Minh] PHP Warning:  Undefined variable $baseUrl in C:\xampp\htdocs\bookstore\resources\views\layout\header.php on line 37
[30-Nov-2025 23:37:12 Asia/Ho_Chi_Minh] PHP Warning:  Undefined variable $baseUrl in C:\xampp\htdocs\bookstore\resources\views\layout\header.php on line 96
[30-Nov-2025 23:37:12 Asia/Ho_Chi_Minh] PHP Warning:  Undefined variable $baseUrl in C:\xampp\htdocs\bookstore\resources\views\layout\header.php on line 110
[30-Nov-2025 23:37:12 Asia/Ho_Chi_Minh] PHP Warning:  Undefined variable $baseUrl in C:\xampp\htdocs\bookstore\resources\views\layout\header.php on line 112
[30-Nov-2025 23:37:12 Asia/Ho_Chi_Minh] PHP Warning:  Undefined variable $baseUrl in C:\xampp\htdocs\bookstore\resources\views\layout\header.php on line 115
[30-Nov-2025 23:37:12 Asia/Ho_Chi_Minh] PHP Warning:  Undefined variable $baseUrl in C:\xampp\htdocs\bookstore\resources\views\layout\header.php on line 116
[30-Nov-2025 23:37:12 Asia/Ho_Chi_Minh] PHP Warning:  Undefined variable $baseUrl in C:\xampp\htdocs\bookstore\resources\views\layout\header.php on line 117
[30-Nov-2025 23:37:12 Asia/Ho_Chi_Minh] PHP Warning:  Undefined variable $baseUrl in C:\xampp\htdocs\bookstore\resources\views\layout\header.php on line 118
[30-Nov-2025 23:37:12 Asia/Ho_Chi_Minh] PHP Warning:  Undefined variable $baseUrl in C:\xampp\htdocs\bookstore\resources\views\layout\header.php on line 120
[30-Nov-2025 23:37:12 Asia/Ho_Chi_Minh] PHP Warning:  Undefined variable $baseUrl in C:\xampp\htdocs\bookstore\resources\views\layout\header.php on line 121
[30-Nov-2025 23:37:12 Asia/Ho_Chi_Minh] PHP Warning:  Undefined variable $baseUrl in C:\xampp\htdocs\bookstore\resources\views\layout\header.php on line 122
[30-Nov-2025 23:37:12 Asia/Ho_Chi_Minh] PHP Warning:  Undefined variable $baseUrl in C:\xampp\htdocs\bookstore\resources\views\layout\header.php on line 123
[30-Nov-2025 23:37:12 Asia/Ho_Chi_Minh] PHP Warning:  Undefined variable $baseUrl in C:\xampp\htdocs\bookstore\resources\views\layout\header.php on line 127
[30-Nov-2025 23:37:12 Asia/Ho_Chi_Minh] PHP Warning:  Undefined variable $baseUrl in C:\xampp\htdocs\bookstore\resources\views\layout\header.php on line 129
[30-Nov-2025 23:37:12 Asia/Ho_Chi_Minh] PHP Warning:  Undefined variable $baseUrl in C:\xampp\htdocs\bookstore\resources\views\layout\header.php on line 130
[30-Nov-2025 23:37:12 Asia/Ho_Chi_Minh] PHP Warning:  Undefined variable $baseUrl in C:\xampp\htdocs\bookstore\resources\views\layout\header.php on line 131
[30-Nov-2025 23:37:12 Asia/Ho_Chi_Minh] PHP Warning:  Undefined variable $baseUrl in C:\xampp\htdocs\bookstore\resources\views\layout\header.php on line 132
[30-Nov-2025 23:37:12 Asia/Ho_Chi_Minh] PHP Warning:  Undefined variable $baseUrl in C:\xampp\htdocs\bookstore\resources\views\layout\header.php on line 136
[30-Nov-2025 23:37:12 Asia/Ho_Chi_Minh] PHP Warning:  Undefined variable $baseUrl in C:\xampp\htdocs\bookstore\resources\views\layout\header.php on line 138
[30-Nov-2025 23:37:12 Asia/Ho_Chi_Minh] PHP Warning:  Undefined variable $baseUrl in C:\xampp\htdocs\bookstore\resources\views\layout\header.php on line 139
[30-Nov-2025 23:37:12 Asia/Ho_Chi_Minh] PHP Warning:  Undefined variable $baseUrl in C:\xampp\htdocs\bookstore\resources\views\layout\header.php on line 140
[30-Nov-2025 23:37:12 Asia/Ho_Chi_Minh] PHP Warning:  Undefined variable $baseUrl in C:\xampp\htdocs\bookstore\resources\views\layout\header.php on line 141
[30-Nov-2025 23:37:12 Asia/Ho_Chi_Minh] PHP Warning:  Undefined variable $baseUrl in C:\xampp\htdocs\bookstore\resources\views\layout\header.php on line 144
[30-Nov-2025 23:37:12 Asia/Ho_Chi_Minh] PHP Warning:  Undefined variable $baseUrl in C:\xampp\htdocs\bookstore\resources\views\layout\header.php on line 145
[30-Nov-2025 23:37:12 Asia/Ho_Chi_Minh] PHP Warning:  Undefined variable $baseUrl in C:\xampp\htdocs\bookstore\resources\views\layout\header.php on line 146
[30-Nov-2025 23:37:12 Asia/Ho_Chi_Minh] PHP Warning:  Undefined variable $baseUrl in C:\xampp\htdocs\bookstore\resources\views\layout\header.php on line 147
[30-Nov-2025 23:37:12 Asia/Ho_Chi_Minh] PHP Warning:  Undefined variable $appName in C:\xampp\htdocs\bookstore\resources\views\layout\footer.php on line 9
[30-Nov-2025 23:37:12 Asia/Ho_Chi_Minh] PHP Deprecated:  htmlspecialchars(): Passing null to parameter #1 ($string) of type string is deprecated in C:\xampp\htdocs\bookstore\resources\views\layout\footer.php on line 9
[30-Nov-2025 23:37:12 Asia/Ho_Chi_Minh] PHP Warning:  Undefined variable $baseUrl in C:\xampp\htdocs\bookstore\resources\views\layout\footer.php on line 21
[30-Nov-2025 23:37:12 Asia/Ho_Chi_Minh] PHP Warning:  Undefined variable $baseUrl in C:\xampp\htdocs\bookstore\resources\views\layout\footer.php on line 22
[30-Nov-2025 23:37:12 Asia/Ho_Chi_Minh] PHP Warning:  Undefined variable $baseUrl in C:\xampp\htdocs\bookstore\resources\views\layout\footer.php on line 23
[30-Nov-2025 23:37:12 Asia/Ho_Chi_Minh] PHP Warning:  Undefined variable $baseUrl in C:\xampp\htdocs\bookstore\resources\views\layout\footer.php on line 24
[30-Nov-2025 23:37:12 Asia/Ho_Chi_Minh] PHP Warning:  Undefined variable $baseUrl in C:\xampp\htdocs\bookstore\resources\views\layout\footer.php on line 25
[30-Nov-2025 23:37:12 Asia/Ho_Chi_Minh] PHP Warning:  Undefined variable $baseUrl in C:\xampp\htdocs\bookstore\resources\views\layout\footer.php on line 26
[30-Nov-2025 23:37:12 Asia/Ho_Chi_Minh] PHP Warning:  Undefined variable $baseUrl in C:\xampp\htdocs\bookstore\resources\views\layout\footer.php on line 27
[30-Nov-2025 23:37:12 Asia/Ho_Chi_Minh] PHP Warning:  Undefined variable $baseUrl in C:\xampp\htdocs\bookstore\resources\views\layout\footer.php on line 73
[30-Nov-2025 23:37:12 Asia/Ho_Chi_Minh] PHP Warning:  Undefined variable $appName in C:\xampp\htdocs\bookstore\resources\views\layout\footer.php on line 97
[30-Nov-2025 23:37:12 Asia/Ho_Chi_Minh] PHP Deprecated:  htmlspecialchars(): Passing null to parameter #1 ($string) of type string is deprecated in C:\xampp\htdocs\bookstore\resources\views\layout\footer.php on line 97
[30-Nov-2025 23:37:12 Asia/Ho_Chi_Minh] PHP Warning:  Undefined variable $baseUrl in C:\xampp\htdocs\bookstore\resources\views\layout\footer.php on line 100
[30-Nov-2025 23:37:12 Asia/Ho_Chi_Minh] PHP Warning:  Undefined variable $baseUrl in C:\xampp\htdocs\bookstore\resources\views\layout\footer.php on line 101
[30-Nov-2025 23:37:12 Asia/Ho_Chi_Minh] PHP Warning:  Undefined variable $baseUrl in C:\xampp\htdocs\bookstore\resources\views\layout\footer.php on line 102
[30-Nov-2025 23:37:12 Asia/Ho_Chi_Minh] PHP Warning:  Undefined variable $baseUrl in C:\xampp\htdocs\bookstore\resources\views\layout\footer.php on line 158
[30-Nov-2025 23:37:12 Asia/Ho_Chi_Minh] PHP Warning:  Undefined variable $baseUrl in C:\xampp\htdocs\bookstore\resources\views\pages\home.php on line 6
[30-Nov-2025 23:37:12 Asia/Ho_Chi_Minh] PHP Deprecated:  rtrim(): Passing null to parameter #1 ($string) of type string is deprecated in C:\xampp\htdocs\bookstore\resources\views\pages\home.php on line 6
[30-Nov-2025 23:37:12 Asia/Ho_Chi_Minh] PHP Warning:  Undefined variable $appName in C:\xampp\htdocs\bookstore\resources\views\pages\home.php on line 7
[30-Nov-2025 23:37:12 Asia/Ho_Chi_Minh] PHP Deprecated:  htmlspecialchars(): Passing null to parameter #1 ($string) of type string is deprecated in C:\xampp\htdocs\bookstore\resources\views\pages\home.php on line 7
[30-Nov-2025 23:37:12 Asia/Ho_Chi_Minh] PHP Warning:  Undefined variable $baseUrl in C:\xampp\htdocs\bookstore\resources\views\pages\home.php on line 10
[30-Nov-2025 23:37:12 Asia/Ho_Chi_Minh] PHP Warning:  Undefined variable $baseUrl in C:\xampp\htdocs\bookstore\resources\views\pages\home.php on line 11
[30-Nov-2025 23:37:12 Asia/Ho_Chi_Minh] PHP Warning:  Undefined variable $baseUrl in C:\xampp\htdocs\bookstore\resources\views\pages\home.php on line 18
[30-Nov-2025 23:37:12 Asia/Ho_Chi_Minh] PHP Warning:  Undefined variable $baseUrl in C:\xampp\htdocs\bookstore\resources\views\pages\home.php on line 22
[30-Nov-2025 23:37:12 Asia/Ho_Chi_Minh] PHP Warning:  Undefined variable $baseUrl in C:\xampp\htdocs\bookstore\resources\views\pages\home.php on line 171
[30-Nov-2025 23:37:12 Asia/Ho_Chi_Minh] PHP Warning:  Undefined variable $baseUrl in C:\xampp\htdocs\bookstore\resources\views\pages\home.php on line 186
[30-Nov-2025 23:37:12 Asia/Ho_Chi_Minh] PHP Warning:  Undefined variable $baseUrl in C:\xampp\htdocs\bookstore\resources\views\pages\home.php on line 201
[30-Nov-2025 23:37:12 Asia/Ho_Chi_Minh] PHP Warning:  Undefined variable $baseUrl in C:\xampp\htdocs\bookstore\resources\views\pages\home.php on line 233
[30-Nov-2025 23:37:12 Asia/Ho_Chi_Minh] PHP Warning:  Undefined variable $baseUrl in C:\xampp\htdocs\bookstore\resources\views\pages\home.php on line 234
[30-Nov-2025 23:37:12 Asia/Ho_Chi_Minh] PHP Warning:  Undefined variable $baseUrl in C:\xampp\htdocs\bookstore\resources\views\pages\home.php on line 235
[30-Nov-2025 23:37:12 Asia/Ho_Chi_Minh] PHP Warning:  Undefined variable $baseUrl in C:\xampp\htdocs\bookstore\resources\views\pages\home.php on line 236
[30-Nov-2025 23:37:12 Asia/Ho_Chi_Minh] PHP Warning:  Undefined variable $baseUrl in C:\xampp\htdocs\bookstore\resources\views\pages\home.php on line 237
[30-Nov-2025 23:37:12 Asia/Ho_Chi_Minh] PHP Warning:  Undefined variable $baseUrl in C:\xampp\htdocs\bookstore\resources\views\pages\home.php on line 238
[30-Nov-2025 23:37:12 Asia/Ho_Chi_Minh] PHP Warning:  Undefined variable $baseUrl in C:\xampp\htdocs\bookstore\resources\views\pages\home.php on line 239
[30-Nov-2025 23:37:12 Asia/Ho_Chi_Minh] PHP Warning:  Undefined variable $baseUrl in C:\xampp\htdocs\bookstore\resources\views\pages\home.php on line 240
[30-Nov-2025 23:37:12 Asia/Ho_Chi_Minh] PHP Warning:  Undefined variable $baseUrl in C:\xampp\htdocs\bookstore\resources\views\pages\home.php on line 241
[30-Nov-2025 23:37:12 Asia/Ho_Chi_Minh] PHP Warning:  Undefined variable $baseUrl in C:\xampp\htdocs\bookstore\resources\views\pages\home.php on line 242
[30-Nov-2025 23:37:12 Asia/Ho_Chi_Minh] PHP Warning:  Undefined variable $baseUrl in C:\xampp\htdocs\bookstore\resources\views\pages\home.php on line 249
[30-Nov-2025 23:37:12 Asia/Ho_Chi_Minh] PHP Warning:  Undefined variable $baseUrl in C:\xampp\htdocs\bookstore\resources\views\pages\home.php on line 276
[30-Nov-2025 23:37:12 Asia/Ho_Chi_Minh] PHP Warning:  Undefined variable $baseUrl in C:\xampp\htdocs\bookstore\resources\views\pages\home.php on line 282
[30-Nov-2025 23:37:12 Asia/Ho_Chi_Minh] PHP Warning:  Undefined variable $baseUrl in C:\xampp\htdocs\bookstore\resources\views\pages\home.php on line 308
[30-Nov-2025 23:37:12 Asia/Ho_Chi_Minh] PHP Warning:  Undefined variable $baseUrl in C:\xampp\htdocs\bookstore\resources\views\pages\home.php on line 282
[30-Nov-2025 23:37:12 Asia/Ho_Chi_Minh] PHP Warning:  Undefined variable $baseUrl in C:\xampp\htdocs\bookstore\resources\views\pages\home.php on line 308
[30-Nov-2025 23:37:12 Asia/Ho_Chi_Minh] PHP Warning:  Undefined variable $baseUrl in C:\xampp\htdocs\bookstore\resources\views\pages\home.php on line 282
[30-Nov-2025 23:37:12 Asia/Ho_Chi_Minh] PHP Warning:  Undefined variable $baseUrl in C:\xampp\htdocs\bookstore\resources\views\pages\home.php on line 308
[30-Nov-2025 23:37:12 Asia/Ho_Chi_Minh] PHP Warning:  Undefined variable $baseUrl in C:\xampp\htdocs\bookstore\resources\views\pages\home.php on line 282
[30-Nov-2025 23:37:12 Asia/Ho_Chi_Minh] PHP Warning:  Undefined variable $baseUrl in C:\xampp\htdocs\bookstore\resources\views\pages\home.php on line 308
[30-Nov-2025 23:37:12 Asia/Ho_Chi_Minh] PHP Warning:  Undefined variable $baseUrl in C:\xampp\htdocs\bookstore\resources\views\pages\home.php on line 326
[30-Nov-2025 23:37:12 Asia/Ho_Chi_Minh] PHP Warning:  Undefined variable $baseUrl in C:\xampp\htdocs\bookstore\resources\views\pages\home.php on line 331
[30-Nov-2025 23:37:12 Asia/Ho_Chi_Minh] PHP Warning:  Undefined variable $baseUrl in C:\xampp\htdocs\bookstore\resources\views\pages\home.php on line 357
[30-Nov-2025 23:37:12 Asia/Ho_Chi_Minh] PHP Warning:  Undefined variable $baseUrl in C:\xampp\htdocs\bookstore\resources\views\pages\home.php on line 331
[30-Nov-2025 23:37:12 Asia/Ho_Chi_Minh] PHP Warning:  Undefined variable $baseUrl in C:\xampp\htdocs\bookstore\resources\views\pages\home.php on line 357
[30-Nov-2025 23:37:12 Asia/Ho_Chi_Minh] PHP Warning:  Undefined variable $baseUrl in C:\xampp\htdocs\bookstore\resources\views\pages\home.php on line 331
[30-Nov-2025 23:37:12 Asia/Ho_Chi_Minh] PHP Warning:  Undefined variable $baseUrl in C:\xampp\htdocs\bookstore\resources\views\pages\home.php on line 357
[30-Nov-2025 23:37:12 Asia/Ho_Chi_Minh] PHP Warning:  Undefined variable $baseUrl in C:\xampp\htdocs\bookstore\resources\views\pages\home.php on line 331
[30-Nov-2025 23:37:12 Asia/Ho_Chi_Minh] PHP Warning:  Undefined variable $baseUrl in C:\xampp\htdocs\bookstore\resources\views\pages\home.php on line 357
[30-Nov-2025 23:37:12 Asia/Ho_Chi_Minh] PHP Warning:  Undefined variable $baseUrl in C:\xampp\htdocs\bookstore\resources\views\pages\home.php on line 375
[30-Nov-2025 23:37:12 Asia/Ho_Chi_Minh] PHP Warning:  Undefined variable $baseUrl in C:\xampp\htdocs\bookstore\resources\views\pages\home.php on line 380
[30-Nov-2025 23:37:12 Asia/Ho_Chi_Minh] PHP Warning:  Undefined variable $baseUrl in C:\xampp\htdocs\bookstore\resources\views\pages\home.php on line 406
[30-Nov-2025 23:37:12 Asia/Ho_Chi_Minh] PHP Warning:  Undefined variable $baseUrl in C:\xampp\htdocs\bookstore\resources\views\pages\home.php on line 380
[30-Nov-2025 23:37:12 Asia/Ho_Chi_Minh] PHP Warning:  Undefined variable $baseUrl in C:\xampp\htdocs\bookstore\resources\views\pages\home.php on line 406
[30-Nov-2025 23:37:12 Asia/Ho_Chi_Minh] PHP Warning:  Undefined variable $baseUrl in C:\xampp\htdocs\bookstore\resources\views\pages\home.php on line 380
[30-Nov-2025 23:37:12 Asia/Ho_Chi_Minh] PHP Warning:  Undefined variable $baseUrl in C:\xampp\htdocs\bookstore\resources\views\pages\home.php on line 406
[30-Nov-2025 23:37:12 Asia/Ho_Chi_Minh] PHP Warning:  Undefined variable $baseUrl in C:\xampp\htdocs\bookstore\resources\views\pages\home.php on line 380
[30-Nov-2025 23:37:12 Asia/Ho_Chi_Minh] PHP Warning:  Undefined variable $baseUrl in C:\xampp\htdocs\bookstore\resources\views\pages\home.php on line 406
[30-Nov-2025 23:37:12 Asia/Ho_Chi_Minh] PHP Warning:  Undefined variable $baseUrl in C:\xampp\htdocs\bookstore\resources\views\pages\home.php on line 428
[30-Nov-2025 23:37:12 Asia/Ho_Chi_Minh] PHP Warning:  Undefined variable $baseUrl in C:\xampp\htdocs\bookstore\resources\views\layout\header.php on line 7
[30-Nov-2025 23:37:12 Asia/Ho_Chi_Minh] PHP Deprecated:  rtrim(): Passing null to parameter #1 ($string) of type string is deprecated in C:\xampp\htdocs\bookstore\resources\views\layout\header.php on line 7
[30-Nov-2025 23:37:12 Asia/Ho_Chi_Minh] PHP Warning:  Undefined variable $appName in C:\xampp\htdocs\bookstore\resources\views\layout\header.php on line 8
[30-Nov-2025 23:37:12 Asia/Ho_Chi_Minh] PHP Warning:  Undefined variable $baseUrl in C:\xampp\htdocs\bookstore\resources\views\layout\header.php on line 9
[30-Nov-2025 23:37:12 Asia/Ho_Chi_Minh] PHP Warning:  Undefined variable $baseUrl in C:\xampp\htdocs\bookstore\resources\views\layout\header.php on line 11
[30-Nov-2025 23:37:12 Asia/Ho_Chi_Minh] PHP Warning:  Undefined variable $baseUrl in C:\xampp\htdocs\bookstore\resources\views\layout\header.php on line 21
[30-Nov-2025 23:37:12 Asia/Ho_Chi_Minh] PHP Warning:  Undefined variable $appName in C:\xampp\htdocs\bookstore\resources\views\layout\header.php on line 23
[30-Nov-2025 23:37:12 Asia/Ho_Chi_Minh] PHP Deprecated:  htmlspecialchars(): Passing null to parameter #1 ($string) of type string is deprecated in C:\xampp\htdocs\bookstore\resources\views\layout\header.php on line 23
[30-Nov-2025 23:37:12 Asia/Ho_Chi_Minh] PHP Warning:  Undefined variable $baseUrl in C:\xampp\htdocs\bookstore\resources\views\layout\header.php on line 29
[30-Nov-2025 23:37:12 Asia/Ho_Chi_Minh] PHP Warning:  Undefined variable $baseUrl in C:\xampp\htdocs\bookstore\resources\views\layout\header.php on line 37
[30-Nov-2025 23:37:12 Asia/Ho_Chi_Minh] PHP Warning:  Undefined variable $baseUrl in C:\xampp\htdocs\bookstore\resources\views\layout\header.php on line 96
[30-Nov-2025 23:37:12 Asia/Ho_Chi_Minh] PHP Warning:  Undefined variable $baseUrl in C:\xampp\htdocs\bookstore\resources\views\layout\header.php on line 110
[30-Nov-2025 23:37:12 Asia/Ho_Chi_Minh] PHP Warning:  Undefined variable $baseUrl in C:\xampp\htdocs\bookstore\resources\views\layout\header.php on line 112
[30-Nov-2025 23:37:12 Asia/Ho_Chi_Minh] PHP Warning:  Undefined variable $baseUrl in C:\xampp\htdocs\bookstore\resources\views\layout\header.php on line 115
[30-Nov-2025 23:37:12 Asia/Ho_Chi_Minh] PHP Warning:  Undefined variable $baseUrl in C:\xampp\htdocs\bookstore\resources\views\layout\header.php on line 116
[30-Nov-2025 23:37:12 Asia/Ho_Chi_Minh] PHP Warning:  Undefined variable $baseUrl in C:\xampp\htdocs\bookstore\resources\views\layout\header.php on line 117
[30-Nov-2025 23:37:12 Asia/Ho_Chi_Minh] PHP Warning:  Undefined variable $baseUrl in C:\xampp\htdocs\bookstore\resources\views\layout\header.php on line 118
[30-Nov-2025 23:37:12 Asia/Ho_Chi_Minh] PHP Warning:  Undefined variable $baseUrl in C:\xampp\htdocs\bookstore\resources\views\layout\header.php on line 120
[30-Nov-2025 23:37:12 Asia/Ho_Chi_Minh] PHP Warning:  Undefined variable $baseUrl in C:\xampp\htdocs\bookstore\resources\views\layout\header.php on line 121
[30-Nov-2025 23:37:12 Asia/Ho_Chi_Minh] PHP Warning:  Undefined variable $baseUrl in C:\xampp\htdocs\bookstore\resources\views\layout\header.php on line 122
[30-Nov-2025 23:37:12 Asia/Ho_Chi_Minh] PHP Warning:  Undefined variable $baseUrl in C:\xampp\htdocs\bookstore\resources\views\layout\header.php on line 123
[30-Nov-2025 23:37:12 Asia/Ho_Chi_Minh] PHP Warning:  Undefined variable $baseUrl in C:\xampp\htdocs\bookstore\resources\views\layout\header.php on line 127
[30-Nov-2025 23:37:12 Asia/Ho_Chi_Minh] PHP Warning:  Undefined variable $baseUrl in C:\xampp\htdocs\bookstore\resources\views\layout\header.php on line 129
[30-Nov-2025 23:37:12 Asia/Ho_Chi_Minh] PHP Warning:  Undefined variable $baseUrl in C:\xampp\htdocs\bookstore\resources\views\layout\header.php on line 130
[30-Nov-2025 23:37:12 Asia/Ho_Chi_Minh] PHP Warning:  Undefined variable $baseUrl in C:\xampp\htdocs\bookstore\resources\views\layout\header.php on line 131
[30-Nov-2025 23:37:12 Asia/Ho_Chi_Minh] PHP Warning:  Undefined variable $baseUrl in C:\xampp\htdocs\bookstore\resources\views\layout\header.php on line 132
[30-Nov-2025 23:37:12 Asia/Ho_Chi_Minh] PHP Warning:  Undefined variable $baseUrl in C:\xampp\htdocs\bookstore\resources\views\layout\header.php on line 136
[30-Nov-2025 23:37:12 Asia/Ho_Chi_Minh] PHP Warning:  Undefined variable $baseUrl in C:\xampp\htdocs\bookstore\resources\views\layout\header.php on line 138
[30-Nov-2025 23:37:12 Asia/Ho_Chi_Minh] PHP Warning:  Undefined variable $baseUrl in C:\xampp\htdocs\bookstore\resources\views\layout\header.php on line 139
[30-Nov-2025 23:37:12 Asia/Ho_Chi_Minh] PHP Warning:  Undefined variable $baseUrl in C:\xampp\htdocs\bookstore\resources\views\layout\header.php on line 140
[30-Nov-2025 23:37:12 Asia/Ho_Chi_Minh] PHP Warning:  Undefined variable $baseUrl in C:\xampp\htdocs\bookstore\resources\views\layout\header.php on line 141
[30-Nov-2025 23:37:12 Asia/Ho_Chi_Minh] PHP Warning:  Undefined variable $baseUrl in C:\xampp\htdocs\bookstore\resources\views\layout\header.php on line 144
[30-Nov-2025 23:37:12 Asia/Ho_Chi_Minh] PHP Warning:  Undefined variable $baseUrl in C:\xampp\htdocs\bookstore\resources\views\layout\header.php on line 145
[30-Nov-2025 23:37:12 Asia/Ho_Chi_Minh] PHP Warning:  Undefined variable $baseUrl in C:\xampp\htdocs\bookstore\resources\views\layout\header.php on line 146
[30-Nov-2025 23:37:12 Asia/Ho_Chi_Minh] PHP Warning:  Undefined variable $baseUrl in C:\xampp\htdocs\bookstore\resources\views\layout\header.php on line 147
[30-Nov-2025 23:37:12 Asia/Ho_Chi_Minh] PHP Warning:  Undefined variable $appName in C:\xampp\htdocs\bookstore\resources\views\layout\footer.php on line 9
[30-Nov-2025 23:37:12 Asia/Ho_Chi_Minh] PHP Deprecated:  htmlspecialchars(): Passing null to parameter #1 ($string) of type string is deprecated in C:\xampp\htdocs\bookstore\resources\views\layout\footer.php on line 9
[30-Nov-2025 23:37:12 Asia/Ho_Chi_Minh] PHP Warning:  Undefined variable $baseUrl in C:\xampp\htdocs\bookstore\resources\views\layout\footer.php on line 21
[30-Nov-2025 23:37:12 Asia/Ho_Chi_Minh] PHP Warning:  Undefined variable $baseUrl in C:\xampp\htdocs\bookstore\resources\views\layout\footer.php on line 22
[30-Nov-2025 23:37:12 Asia/Ho_Chi_Minh] PHP Warning:  Undefined variable $baseUrl in C:\xampp\htdocs\bookstore\resources\views\layout\footer.php on line 23
[30-Nov-2025 23:37:12 Asia/Ho_Chi_Minh] PHP Warning:  Undefined variable $baseUrl in C:\xampp\htdocs\bookstore\resources\views\layout\footer.php on line 24
[30-Nov-2025 23:37:12 Asia/Ho_Chi_Minh] PHP Warning:  Undefined variable $baseUrl in C:\xampp\htdocs\bookstore\resources\views\layout\footer.php on line 25
[30-Nov-2025 23:37:12 Asia/Ho_Chi_Minh] PHP Warning:  Undefined variable $baseUrl in C:\xampp\htdocs\bookstore\resources\views\layout\footer.php on line 26
[30-Nov-2025 23:37:12 Asia/Ho_Chi_Minh] PHP Warning:  Undefined variable $baseUrl in C:\xampp\htdocs\bookstore\resources\views\layout\footer.php on line 27
[30-Nov-2025 23:37:12 Asia/Ho_Chi_Minh] PHP Warning:  Undefined variable $baseUrl in C:\xampp\htdocs\bookstore\resources\views\layout\footer.php on line 73
[30-Nov-2025 23:37:12 Asia/Ho_Chi_Minh] PHP Warning:  Undefined variable $appName in C:\xampp\htdocs\bookstore\resources\views\layout\footer.php on line 97
[30-Nov-2025 23:37:12 Asia/Ho_Chi_Minh] PHP Deprecated:  htmlspecialchars(): Passing null to parameter #1 ($string) of type string is deprecated in C:\xampp\htdocs\bookstore\resources\views\layout\footer.php on line 97
[30-Nov-2025 23:37:12 Asia/Ho_Chi_Minh] PHP Warning:  Undefined variable $baseUrl in C:\xampp\htdocs\bookstore\resources\views\layout\footer.php on line 100
[30-Nov-2025 23:37:12 Asia/Ho_Chi_Minh] PHP Warning:  Undefined variable $baseUrl in C:\xampp\htdocs\bookstore\resources\views\layout\footer.php on line 101
[30-Nov-2025 23:37:12 Asia/Ho_Chi_Minh] PHP Warning:  Undefined variable $baseUrl in C:\xampp\htdocs\bookstore\resources\views\layout\footer.php on line 102
[30-Nov-2025 23:37:12 Asia/Ho_Chi_Minh] PHP Warning:  Undefined variable $baseUrl in C:\xampp\htdocs\bookstore\resources\views\layout\footer.php on line 158
[30-Nov-2025 23:38:14 Asia/Ho_Chi_Minh] PHP Warning:  Undefined variable $baseUrl in C:\xampp\htdocs\bookstore\resources\views\pages\home.php on line 6
[30-Nov-2025 23:38:14 Asia/Ho_Chi_Minh] PHP Deprecated:  rtrim(): Passing null to parameter #1 ($string) of type string is deprecated in C:\xampp\htdocs\bookstore\resources\views\pages\home.php on line 6
[30-Nov-2025 23:38:14 Asia/Ho_Chi_Minh] PHP Warning:  Undefined variable $appName in C:\xampp\htdocs\bookstore\resources\views\pages\home.php on line 7
[30-Nov-2025 23:38:14 Asia/Ho_Chi_Minh] PHP Deprecated:  htmlspecialchars(): Passing null to parameter #1 ($string) of type string is deprecated in C:\xampp\htdocs\bookstore\resources\views\pages\home.php on line 7
[30-Nov-2025 23:38:14 Asia/Ho_Chi_Minh] PHP Warning:  Undefined variable $baseUrl in C:\xampp\htdocs\bookstore\resources\views\pages\home.php on line 10
[30-Nov-2025 23:38:14 Asia/Ho_Chi_Minh] PHP Warning:  Undefined variable $baseUrl in C:\xampp\htdocs\bookstore\resources\views\pages\home.php on line 11
[30-Nov-2025 23:38:14 Asia/Ho_Chi_Minh] PHP Warning:  Undefined variable $baseUrl in C:\xampp\htdocs\bookstore\resources\views\pages\home.php on line 18
[30-Nov-2025 23:38:14 Asia/Ho_Chi_Minh] PHP Warning:  Undefined variable $baseUrl in C:\xampp\htdocs\bookstore\resources\views\pages\home.php on line 22
[30-Nov-2025 23:38:14 Asia/Ho_Chi_Minh] PHP Warning:  Undefined variable $baseUrl in C:\xampp\htdocs\bookstore\resources\views\pages\home.php on line 171
[30-Nov-2025 23:38:14 Asia/Ho_Chi_Minh] PHP Warning:  Undefined variable $baseUrl in C:\xampp\htdocs\bookstore\resources\views\pages\home.php on line 186
[30-Nov-2025 23:38:14 Asia/Ho_Chi_Minh] PHP Warning:  Undefined variable $baseUrl in C:\xampp\htdocs\bookstore\resources\views\pages\home.php on line 201
[30-Nov-2025 23:38:14 Asia/Ho_Chi_Minh] PHP Warning:  Undefined variable $baseUrl in C:\xampp\htdocs\bookstore\resources\views\pages\home.php on line 233
[30-Nov-2025 23:38:14 Asia/Ho_Chi_Minh] PHP Warning:  Undefined variable $baseUrl in C:\xampp\htdocs\bookstore\resources\views\pages\home.php on line 234
[30-Nov-2025 23:38:14 Asia/Ho_Chi_Minh] PHP Warning:  Undefined variable $baseUrl in C:\xampp\htdocs\bookstore\resources\views\pages\home.php on line 235
[30-Nov-2025 23:38:14 Asia/Ho_Chi_Minh] PHP Warning:  Undefined variable $baseUrl in C:\xampp\htdocs\bookstore\resources\views\pages\home.php on line 236
[30-Nov-2025 23:38:14 Asia/Ho_Chi_Minh] PHP Warning:  Undefined variable $baseUrl in C:\xampp\htdocs\bookstore\resources\views\pages\home.php on line 237
[30-Nov-2025 23:38:14 Asia/Ho_Chi_Minh] PHP Warning:  Undefined variable $baseUrl in C:\xampp\htdocs\bookstore\resources\views\pages\home.php on line 238
[30-Nov-2025 23:38:14 Asia/Ho_Chi_Minh] PHP Warning:  Undefined variable $baseUrl in C:\xampp\htdocs\bookstore\resources\views\pages\home.php on line 239
[30-Nov-2025 23:38:14 Asia/Ho_Chi_Minh] PHP Warning:  Undefined variable $baseUrl in C:\xampp\htdocs\bookstore\resources\views\pages\home.php on line 240
[30-Nov-2025 23:38:14 Asia/Ho_Chi_Minh] PHP Warning:  Undefined variable $baseUrl in C:\xampp\htdocs\bookstore\resources\views\pages\home.php on line 241
[30-Nov-2025 23:38:14 Asia/Ho_Chi_Minh] PHP Warning:  Undefined variable $baseUrl in C:\xampp\htdocs\bookstore\resources\views\pages\home.php on line 242
[30-Nov-2025 23:38:14 Asia/Ho_Chi_Minh] PHP Warning:  Undefined variable $baseUrl in C:\xampp\htdocs\bookstore\resources\views\pages\home.php on line 249
[30-Nov-2025 23:38:14 Asia/Ho_Chi_Minh] PHP Warning:  Undefined variable $baseUrl in C:\xampp\htdocs\bookstore\resources\views\pages\home.php on line 276
[30-Nov-2025 23:38:14 Asia/Ho_Chi_Minh] PHP Warning:  Undefined variable $baseUrl in C:\xampp\htdocs\bookstore\resources\views\pages\home.php on line 282
[30-Nov-2025 23:38:14 Asia/Ho_Chi_Minh] PHP Warning:  Undefined variable $baseUrl in C:\xampp\htdocs\bookstore\resources\views\pages\home.php on line 308
[30-Nov-2025 23:38:14 Asia/Ho_Chi_Minh] PHP Warning:  Undefined variable $baseUrl in C:\xampp\htdocs\bookstore\resources\views\pages\home.php on line 282
[30-Nov-2025 23:38:14 Asia/Ho_Chi_Minh] PHP Warning:  Undefined variable $baseUrl in C:\xampp\htdocs\bookstore\resources\views\pages\home.php on line 308
[30-Nov-2025 23:38:14 Asia/Ho_Chi_Minh] PHP Warning:  Undefined variable $baseUrl in C:\xampp\htdocs\bookstore\resources\views\pages\home.php on line 282
[30-Nov-2025 23:38:14 Asia/Ho_Chi_Minh] PHP Warning:  Undefined variable $baseUrl in C:\xampp\htdocs\bookstore\resources\views\pages\home.php on line 308
[30-Nov-2025 23:38:14 Asia/Ho_Chi_Minh] PHP Warning:  Undefined variable $baseUrl in C:\xampp\htdocs\bookstore\resources\views\pages\home.php on line 282
[30-Nov-2025 23:38:14 Asia/Ho_Chi_Minh] PHP Warning:  Undefined variable $baseUrl in C:\xampp\htdocs\bookstore\resources\views\pages\home.php on line 308
[30-Nov-2025 23:38:14 Asia/Ho_Chi_Minh] PHP Warning:  Undefined variable $baseUrl in C:\xampp\htdocs\bookstore\resources\views\pages\home.php on line 326
[30-Nov-2025 23:38:14 Asia/Ho_Chi_Minh] PHP Warning:  Undefined variable $baseUrl in C:\xampp\htdocs\bookstore\resources\views\pages\home.php on line 331
[30-Nov-2025 23:38:14 Asia/Ho_Chi_Minh] PHP Warning:  Undefined variable $baseUrl in C:\xampp\htdocs\bookstore\resources\views\pages\home.php on line 357
[30-Nov-2025 23:38:14 Asia/Ho_Chi_Minh] PHP Warning:  Undefined variable $baseUrl in C:\xampp\htdocs\bookstore\resources\views\pages\home.php on line 331
[30-Nov-2025 23:38:14 Asia/Ho_Chi_Minh] PHP Warning:  Undefined variable $baseUrl in C:\xampp\htdocs\bookstore\resources\views\pages\home.php on line 357
[30-Nov-2025 23:38:14 Asia/Ho_Chi_Minh] PHP Warning:  Undefined variable $baseUrl in C:\xampp\htdocs\bookstore\resources\views\pages\home.php on line 331
[30-Nov-2025 23:38:14 Asia/Ho_Chi_Minh] PHP Warning:  Undefined variable $baseUrl in C:\xampp\htdocs\bookstore\resources\views\pages\home.php on line 357
[30-Nov-2025 23:38:14 Asia/Ho_Chi_Minh] PHP Warning:  Undefined variable $baseUrl in C:\xampp\htdocs\bookstore\resources\views\pages\home.php on line 331
[30-Nov-2025 23:38:14 Asia/Ho_Chi_Minh] PHP Warning:  Undefined variable $baseUrl in C:\xampp\htdocs\bookstore\resources\views\pages\home.php on line 357
[30-Nov-2025 23:38:14 Asia/Ho_Chi_Minh] PHP Warning:  Undefined variable $baseUrl in C:\xampp\htdocs\bookstore\resources\views\pages\home.php on line 375
[30-Nov-2025 23:38:14 Asia/Ho_Chi_Minh] PHP Warning:  Undefined variable $baseUrl in C:\xampp\htdocs\bookstore\resources\views\pages\home.php on line 380
[30-Nov-2025 23:38:14 Asia/Ho_Chi_Minh] PHP Warning:  Undefined variable $baseUrl in C:\xampp\htdocs\bookstore\resources\views\pages\home.php on line 406
[30-Nov-2025 23:38:14 Asia/Ho_Chi_Minh] PHP Warning:  Undefined variable $baseUrl in C:\xampp\htdocs\bookstore\resources\views\pages\home.php on line 380
[30-Nov-2025 23:38:14 Asia/Ho_Chi_Minh] PHP Warning:  Undefined variable $baseUrl in C:\xampp\htdocs\bookstore\resources\views\pages\home.php on line 406
[30-Nov-2025 23:38:14 Asia/Ho_Chi_Minh] PHP Warning:  Undefined variable $baseUrl in C:\xampp\htdocs\bookstore\resources\views\pages\home.php on line 380
[30-Nov-2025 23:38:14 Asia/Ho_Chi_Minh] PHP Warning:  Undefined variable $baseUrl in C:\xampp\htdocs\bookstore\resources\views\pages\home.php on line 406
[30-Nov-2025 23:38:14 Asia/Ho_Chi_Minh] PHP Warning:  Undefined variable $baseUrl in C:\xampp\htdocs\bookstore\resources\views\pages\home.php on line 380
[30-Nov-2025 23:38:14 Asia/Ho_Chi_Minh] PHP Warning:  Undefined variable $baseUrl in C:\xampp\htdocs\bookstore\resources\views\pages\home.php on line 406
[30-Nov-2025 23:38:14 Asia/Ho_Chi_Minh] PHP Warning:  Undefined variable $baseUrl in C:\xampp\htdocs\bookstore\resources\views\pages\home.php on line 428
[30-Nov-2025 23:38:14 Asia/Ho_Chi_Minh] PHP Warning:  Undefined variable $baseUrl in C:\xampp\htdocs\bookstore\resources\views\layout\header.php on line 7
[30-Nov-2025 23:38:14 Asia/Ho_Chi_Minh] PHP Deprecated:  rtrim(): Passing null to parameter #1 ($string) of type string is deprecated in C:\xampp\htdocs\bookstore\resources\views\layout\header.php on line 7
[30-Nov-2025 23:38:14 Asia/Ho_Chi_Minh] PHP Warning:  Undefined variable $appName in C:\xampp\htdocs\bookstore\resources\views\layout\header.php on line 8
[30-Nov-2025 23:38:14 Asia/Ho_Chi_Minh] PHP Warning:  Undefined variable $baseUrl in C:\xampp\htdocs\bookstore\resources\views\layout\header.php on line 9
[30-Nov-2025 23:38:14 Asia/Ho_Chi_Minh] PHP Warning:  Undefined variable $baseUrl in C:\xampp\htdocs\bookstore\resources\views\layout\header.php on line 11
[30-Nov-2025 23:38:14 Asia/Ho_Chi_Minh] PHP Warning:  Undefined variable $baseUrl in C:\xampp\htdocs\bookstore\resources\views\layout\header.php on line 21
[30-Nov-2025 23:38:14 Asia/Ho_Chi_Minh] PHP Warning:  Undefined variable $appName in C:\xampp\htdocs\bookstore\resources\views\layout\header.php on line 23
[30-Nov-2025 23:38:14 Asia/Ho_Chi_Minh] PHP Deprecated:  htmlspecialchars(): Passing null to parameter #1 ($string) of type string is deprecated in C:\xampp\htdocs\bookstore\resources\views\layout\header.php on line 23
[30-Nov-2025 23:38:14 Asia/Ho_Chi_Minh] PHP Warning:  Undefined variable $baseUrl in C:\xampp\htdocs\bookstore\resources\views\layout\header.php on line 29
[30-Nov-2025 23:38:14 Asia/Ho_Chi_Minh] PHP Warning:  Undefined variable $baseUrl in C:\xampp\htdocs\bookstore\resources\views\layout\header.php on line 37
[30-Nov-2025 23:38:14 Asia/Ho_Chi_Minh] PHP Warning:  Undefined variable $baseUrl in C:\xampp\htdocs\bookstore\resources\views\layout\header.php on line 96
[30-Nov-2025 23:38:14 Asia/Ho_Chi_Minh] PHP Warning:  Undefined variable $baseUrl in C:\xampp\htdocs\bookstore\resources\views\layout\header.php on line 110
[30-Nov-2025 23:38:14 Asia/Ho_Chi_Minh] PHP Warning:  Undefined variable $baseUrl in C:\xampp\htdocs\bookstore\resources\views\layout\header.php on line 112
[30-Nov-2025 23:38:14 Asia/Ho_Chi_Minh] PHP Warning:  Undefined variable $baseUrl in C:\xampp\htdocs\bookstore\resources\views\layout\header.php on line 115
[30-Nov-2025 23:38:14 Asia/Ho_Chi_Minh] PHP Warning:  Undefined variable $baseUrl in C:\xampp\htdocs\bookstore\resources\views\layout\header.php on line 116
[30-Nov-2025 23:38:14 Asia/Ho_Chi_Minh] PHP Warning:  Undefined variable $baseUrl in C:\xampp\htdocs\bookstore\resources\views\layout\header.php on line 117
[30-Nov-2025 23:38:14 Asia/Ho_Chi_Minh] PHP Warning:  Undefined variable $baseUrl in C:\xampp\htdocs\bookstore\resources\views\layout\header.php on line 118
[30-Nov-2025 23:38:14 Asia/Ho_Chi_Minh] PHP Warning:  Undefined variable $baseUrl in C:\xampp\htdocs\bookstore\resources\views\layout\header.php on line 120
[30-Nov-2025 23:38:14 Asia/Ho_Chi_Minh] PHP Warning:  Undefined variable $baseUrl in C:\xampp\htdocs\bookstore\resources\views\layout\header.php on line 121
[30-Nov-2025 23:38:14 Asia/Ho_Chi_Minh] PHP Warning:  Undefined variable $baseUrl in C:\xampp\htdocs\bookstore\resources\views\layout\header.php on line 122
[30-Nov-2025 23:38:14 Asia/Ho_Chi_Minh] PHP Warning:  Undefined variable $baseUrl in C:\xampp\htdocs\bookstore\resources\views\layout\header.php on line 123
[30-Nov-2025 23:38:14 Asia/Ho_Chi_Minh] PHP Warning:  Undefined variable $baseUrl in C:\xampp\htdocs\bookstore\resources\views\layout\header.php on line 127
[30-Nov-2025 23:38:14 Asia/Ho_Chi_Minh] PHP Warning:  Undefined variable $baseUrl in C:\xampp\htdocs\bookstore\resources\views\layout\header.php on line 129
[30-Nov-2025 23:38:14 Asia/Ho_Chi_Minh] PHP Warning:  Undefined variable $baseUrl in C:\xampp\htdocs\bookstore\resources\views\layout\header.php on line 130
[30-Nov-2025 23:38:14 Asia/Ho_Chi_Minh] PHP Warning:  Undefined variable $baseUrl in C:\xampp\htdocs\bookstore\resources\views\layout\header.php on line 131
[30-Nov-2025 23:38:14 Asia/Ho_Chi_Minh] PHP Warning:  Undefined variable $baseUrl in C:\xampp\htdocs\bookstore\resources\views\layout\header.php on line 132
[30-Nov-2025 23:38:14 Asia/Ho_Chi_Minh] PHP Warning:  Undefined variable $baseUrl in C:\xampp\htdocs\bookstore\resources\views\layout\header.php on line 136
[30-Nov-2025 23:38:14 Asia/Ho_Chi_Minh] PHP Warning:  Undefined variable $baseUrl in C:\xampp\htdocs\bookstore\resources\views\layout\header.php on line 138
[30-Nov-2025 23:38:14 Asia/Ho_Chi_Minh] PHP Warning:  Undefined variable $baseUrl in C:\xampp\htdocs\bookstore\resources\views\layout\header.php on line 139
[30-Nov-2025 23:38:14 Asia/Ho_Chi_Minh] PHP Warning:  Undefined variable $baseUrl in C:\xampp\htdocs\bookstore\resources\views\layout\header.php on line 140
[30-Nov-2025 23:38:14 Asia/Ho_Chi_Minh] PHP Warning:  Undefined variable $baseUrl in C:\xampp\htdocs\bookstore\resources\views\layout\header.php on line 141
[30-Nov-2025 23:38:14 Asia/Ho_Chi_Minh] PHP Warning:  Undefined variable $baseUrl in C:\xampp\htdocs\bookstore\resources\views\layout\header.php on line 144
[30-Nov-2025 23:38:14 Asia/Ho_Chi_Minh] PHP Warning:  Undefined variable $baseUrl in C:\xampp\htdocs\bookstore\resources\views\layout\header.php on line 145
[30-Nov-2025 23:38:14 Asia/Ho_Chi_Minh] PHP Warning:  Undefined variable $baseUrl in C:\xampp\htdocs\bookstore\resources\views\layout\header.php on line 146
[30-Nov-2025 23:38:14 Asia/Ho_Chi_Minh] PHP Warning:  Undefined variable $baseUrl in C:\xampp\htdocs\bookstore\resources\views\layout\header.php on line 147
[30-Nov-2025 23:38:14 Asia/Ho_Chi_Minh] PHP Warning:  Undefined variable $appName in C:\xampp\htdocs\bookstore\resources\views\layout\footer.php on line 9
[30-Nov-2025 23:38:14 Asia/Ho_Chi_Minh] PHP Deprecated:  htmlspecialchars(): Passing null to parameter #1 ($string) of type string is deprecated in C:\xampp\htdocs\bookstore\resources\views\layout\footer.php on line 9
[30-Nov-2025 23:38:14 Asia/Ho_Chi_Minh] PHP Warning:  Undefined variable $baseUrl in C:\xampp\htdocs\bookstore\resources\views\layout\footer.php on line 21
[30-Nov-2025 23:38:14 Asia/Ho_Chi_Minh] PHP Warning:  Undefined variable $baseUrl in C:\xampp\htdocs\bookstore\resources\views\layout\footer.php on line 22
[30-Nov-2025 23:38:14 Asia/Ho_Chi_Minh] PHP Warning:  Undefined variable $baseUrl in C:\xampp\htdocs\bookstore\resources\views\layout\footer.php on line 23
[30-Nov-2025 23:38:14 Asia/Ho_Chi_Minh] PHP Warning:  Undefined variable $baseUrl in C:\xampp\htdocs\bookstore\resources\views\layout\footer.php on line 24
[30-Nov-2025 23:38:14 Asia/Ho_Chi_Minh] PHP Warning:  Undefined variable $baseUrl in C:\xampp\htdocs\bookstore\resources\views\layout\footer.php on line 25
[30-Nov-2025 23:38:14 Asia/Ho_Chi_Minh] PHP Warning:  Undefined variable $baseUrl in C:\xampp\htdocs\bookstore\resources\views\layout\footer.php on line 26
[30-Nov-2025 23:38:14 Asia/Ho_Chi_Minh] PHP Warning:  Undefined variable $baseUrl in C:\xampp\htdocs\bookstore\resources\views\layout\footer.php on line 27
[30-Nov-2025 23:38:14 Asia/Ho_Chi_Minh] PHP Warning:  Undefined variable $baseUrl in C:\xampp\htdocs\bookstore\resources\views\layout\footer.php on line 73
[30-Nov-2025 23:38:14 Asia/Ho_Chi_Minh] PHP Warning:  Undefined variable $appName in C:\xampp\htdocs\bookstore\resources\views\layout\footer.php on line 97
[30-Nov-2025 23:38:14 Asia/Ho_Chi_Minh] PHP Deprecated:  htmlspecialchars(): Passing null to parameter #1 ($string) of type string is deprecated in C:\xampp\htdocs\bookstore\resources\views\layout\footer.php on line 97
[30-Nov-2025 23:38:14 Asia/Ho_Chi_Minh] PHP Warning:  Undefined variable $baseUrl in C:\xampp\htdocs\bookstore\resources\views\layout\footer.php on line 100
[30-Nov-2025 23:38:14 Asia/Ho_Chi_Minh] PHP Warning:  Undefined variable $baseUrl in C:\xampp\htdocs\bookstore\resources\views\layout\footer.php on line 101
[30-Nov-2025 23:38:14 Asia/Ho_Chi_Minh] PHP Warning:  Undefined variable $baseUrl in C:\xampp\htdocs\bookstore\resources\views\layout\footer.php on line 102
[30-Nov-2025 23:38:14 Asia/Ho_Chi_Minh] PHP Warning:  Undefined variable $baseUrl in C:\xampp\htdocs\bookstore\resources\views\layout\footer.php on line 158
[30-Nov-2025 23:51:15 Asia/Ho_Chi_Minh] PHP Warning:  Undefined variable $baseUrl in C:\xampp\htdocs\bookstore\resources\views\pages\home.php on line 6
[30-Nov-2025 23:51:15 Asia/Ho_Chi_Minh] PHP Deprecated:  rtrim(): Passing null to parameter #1 ($string) of type string is deprecated in C:\xampp\htdocs\bookstore\resources\views\pages\home.php on line 6
[30-Nov-2025 23:51:15 Asia/Ho_Chi_Minh] PHP Warning:  Undefined variable $appName in C:\xampp\htdocs\bookstore\resources\views\pages\home.php on line 7
[30-Nov-2025 23:51:15 Asia/Ho_Chi_Minh] PHP Deprecated:  htmlspecialchars(): Passing null to parameter #1 ($string) of type string is deprecated in C:\xampp\htdocs\bookstore\resources\views\pages\home.php on line 7
[30-Nov-2025 23:51:15 Asia/Ho_Chi_Minh] PHP Warning:  Undefined variable $baseUrl in C:\xampp\htdocs\bookstore\resources\views\pages\home.php on line 10
[30-Nov-2025 23:51:15 Asia/Ho_Chi_Minh] PHP Warning:  Undefined variable $baseUrl in C:\xampp\htdocs\bookstore\resources\views\pages\home.php on line 11
[30-Nov-2025 23:51:15 Asia/Ho_Chi_Minh] PHP Warning:  Undefined variable $baseUrl in C:\xampp\htdocs\bookstore\resources\views\pages\home.php on line 18
[30-Nov-2025 23:51:15 Asia/Ho_Chi_Minh] PHP Warning:  Undefined variable $baseUrl in C:\xampp\htdocs\bookstore\resources\views\pages\home.php on line 22
[30-Nov-2025 23:51:15 Asia/Ho_Chi_Minh] PHP Warning:  Undefined variable $baseUrl in C:\xampp\htdocs\bookstore\resources\views\pages\home.php on line 171
[30-Nov-2025 23:51:15 Asia/Ho_Chi_Minh] PHP Warning:  Undefined variable $baseUrl in C:\xampp\htdocs\bookstore\resources\views\pages\home.php on line 186
[30-Nov-2025 23:51:15 Asia/Ho_Chi_Minh] PHP Warning:  Undefined variable $baseUrl in C:\xampp\htdocs\bookstore\resources\views\pages\home.php on line 201
[30-Nov-2025 23:51:15 Asia/Ho_Chi_Minh] PHP Warning:  Undefined variable $baseUrl in C:\xampp\htdocs\bookstore\resources\views\pages\home.php on line 233
[30-Nov-2025 23:51:15 Asia/Ho_Chi_Minh] PHP Warning:  Undefined variable $baseUrl in C:\xampp\htdocs\bookstore\resources\views\pages\home.php on line 234
[30-Nov-2025 23:51:15 Asia/Ho_Chi_Minh] PHP Warning:  Undefined variable $baseUrl in C:\xampp\htdocs\bookstore\resources\views\pages\home.php on line 235
[30-Nov-2025 23:51:15 Asia/Ho_Chi_Minh] PHP Warning:  Undefined variable $baseUrl in C:\xampp\htdocs\bookstore\resources\views\pages\home.php on line 236
[30-Nov-2025 23:51:15 Asia/Ho_Chi_Minh] PHP Warning:  Undefined variable $baseUrl in C:\xampp\htdocs\bookstore\resources\views\pages\home.php on line 237
[30-Nov-2025 23:51:15 Asia/Ho_Chi_Minh] PHP Warning:  Undefined variable $baseUrl in C:\xampp\htdocs\bookstore\resources\views\pages\home.php on line 238
[30-Nov-2025 23:51:15 Asia/Ho_Chi_Minh] PHP Warning:  Undefined variable $baseUrl in C:\xampp\htdocs\bookstore\resources\views\pages\home.php on line 239
[30-Nov-2025 23:51:15 Asia/Ho_Chi_Minh] PHP Warning:  Undefined variable $baseUrl in C:\xampp\htdocs\bookstore\resources\views\pages\home.php on line 240
[30-Nov-2025 23:51:15 Asia/Ho_Chi_Minh] PHP Warning:  Undefined variable $baseUrl in C:\xampp\htdocs\bookstore\resources\views\pages\home.php on line 241
[30-Nov-2025 23:51:15 Asia/Ho_Chi_Minh] PHP Warning:  Undefined variable $baseUrl in C:\xampp\htdocs\bookstore\resources\views\pages\home.php on line 242
[30-Nov-2025 23:51:15 Asia/Ho_Chi_Minh] PHP Warning:  Undefined variable $baseUrl in C:\xampp\htdocs\bookstore\resources\views\pages\home.php on line 249
[30-Nov-2025 23:51:15 Asia/Ho_Chi_Minh] PHP Warning:  Undefined variable $baseUrl in C:\xampp\htdocs\bookstore\resources\views\pages\home.php on line 276
[30-Nov-2025 23:51:15 Asia/Ho_Chi_Minh] PHP Warning:  Undefined variable $baseUrl in C:\xampp\htdocs\bookstore\resources\views\pages\home.php on line 282
[30-Nov-2025 23:51:15 Asia/Ho_Chi_Minh] PHP Warning:  Undefined variable $baseUrl in C:\xampp\htdocs\bookstore\resources\views\pages\home.php on line 308
[30-Nov-2025 23:51:15 Asia/Ho_Chi_Minh] PHP Warning:  Undefined variable $baseUrl in C:\xampp\htdocs\bookstore\resources\views\pages\home.php on line 282
[30-Nov-2025 23:51:15 Asia/Ho_Chi_Minh] PHP Warning:  Undefined variable $baseUrl in C:\xampp\htdocs\bookstore\resources\views\pages\home.php on line 308
[30-Nov-2025 23:51:15 Asia/Ho_Chi_Minh] PHP Warning:  Undefined variable $baseUrl in C:\xampp\htdocs\bookstore\resources\views\pages\home.php on line 282
[30-Nov-2025 23:51:15 Asia/Ho_Chi_Minh] PHP Warning:  Undefined variable $baseUrl in C:\xampp\htdocs\bookstore\resources\views\pages\home.php on line 308
[30-Nov-2025 23:51:15 Asia/Ho_Chi_Minh] PHP Warning:  Undefined variable $baseUrl in C:\xampp\htdocs\bookstore\resources\views\pages\home.php on line 282
[30-Nov-2025 23:51:15 Asia/Ho_Chi_Minh] PHP Warning:  Undefined variable $baseUrl in C:\xampp\htdocs\bookstore\resources\views\pages\home.php on line 308
[30-Nov-2025 23:51:15 Asia/Ho_Chi_Minh] PHP Warning:  Undefined variable $baseUrl in C:\xampp\htdocs\bookstore\resources\views\pages\home.php on line 326
[30-Nov-2025 23:51:15 Asia/Ho_Chi_Minh] PHP Warning:  Undefined variable $baseUrl in C:\xampp\htdocs\bookstore\resources\views\pages\home.php on line 331
[30-Nov-2025 23:51:15 Asia/Ho_Chi_Minh] PHP Warning:  Undefined variable $baseUrl in C:\xampp\htdocs\bookstore\resources\views\pages\home.php on line 357
[30-Nov-2025 23:51:15 Asia/Ho_Chi_Minh] PHP Warning:  Undefined variable $baseUrl in C:\xampp\htdocs\bookstore\resources\views\pages\home.php on line 331
[30-Nov-2025 23:51:15 Asia/Ho_Chi_Minh] PHP Warning:  Undefined variable $baseUrl in C:\xampp\htdocs\bookstore\resources\views\pages\home.php on line 357
[30-Nov-2025 23:51:15 Asia/Ho_Chi_Minh] PHP Warning:  Undefined variable $baseUrl in C:\xampp\htdocs\bookstore\resources\views\pages\home.php on line 331
[30-Nov-2025 23:51:15 Asia/Ho_Chi_Minh] PHP Warning:  Undefined variable $baseUrl in C:\xampp\htdocs\bookstore\resources\views\pages\home.php on line 357
[30-Nov-2025 23:51:15 Asia/Ho_Chi_Minh] PHP Warning:  Undefined variable $baseUrl in C:\xampp\htdocs\bookstore\resources\views\pages\home.php on line 331
[30-Nov-2025 23:51:15 Asia/Ho_Chi_Minh] PHP Warning:  Undefined variable $baseUrl in C:\xampp\htdocs\bookstore\resources\views\pages\home.php on line 357
[30-Nov-2025 23:51:15 Asia/Ho_Chi_Minh] PHP Warning:  Undefined variable $baseUrl in C:\xampp\htdocs\bookstore\resources\views\pages\home.php on line 375
[30-Nov-2025 23:51:15 Asia/Ho_Chi_Minh] PHP Warning:  Undefined variable $baseUrl in C:\xampp\htdocs\bookstore\resources\views\pages\home.php on line 380
[30-Nov-2025 23:51:15 Asia/Ho_Chi_Minh] PHP Warning:  Undefined variable $baseUrl in C:\xampp\htdocs\bookstore\resources\views\pages\home.php on line 406
[30-Nov-2025 23:51:15 Asia/Ho_Chi_Minh] PHP Warning:  Undefined variable $baseUrl in C:\xampp\htdocs\bookstore\resources\views\pages\home.php on line 380
[30-Nov-2025 23:51:15 Asia/Ho_Chi_Minh] PHP Warning:  Undefined variable $baseUrl in C:\xampp\htdocs\bookstore\resources\views\pages\home.php on line 406
[30-Nov-2025 23:51:15 Asia/Ho_Chi_Minh] PHP Warning:  Undefined variable $baseUrl in C:\xampp\htdocs\bookstore\resources\views\pages\home.php on line 380
[30-Nov-2025 23:51:15 Asia/Ho_Chi_Minh] PHP Warning:  Undefined variable $baseUrl in C:\xampp\htdocs\bookstore\resources\views\pages\home.php on line 406
[30-Nov-2025 23:51:15 Asia/Ho_Chi_Minh] PHP Warning:  Undefined variable $baseUrl in C:\xampp\htdocs\bookstore\resources\views\pages\home.php on line 380
[30-Nov-2025 23:51:15 Asia/Ho_Chi_Minh] PHP Warning:  Undefined variable $baseUrl in C:\xampp\htdocs\bookstore\resources\views\pages\home.php on line 406
[30-Nov-2025 23:51:15 Asia/Ho_Chi_Minh] PHP Warning:  Undefined variable $baseUrl in C:\xampp\htdocs\bookstore\resources\views\pages\home.php on line 428
[30-Nov-2025 23:51:15 Asia/Ho_Chi_Minh] PHP Warning:  Undefined variable $baseUrl in C:\xampp\htdocs\bookstore\resources\views\layout\header.php on line 7
[30-Nov-2025 23:51:15 Asia/Ho_Chi_Minh] PHP Deprecated:  rtrim(): Passing null to parameter #1 ($string) of type string is deprecated in C:\xampp\htdocs\bookstore\resources\views\layout\header.php on line 7
[30-Nov-2025 23:51:15 Asia/Ho_Chi_Minh] PHP Warning:  Undefined variable $appName in C:\xampp\htdocs\bookstore\resources\views\layout\header.php on line 8
[30-Nov-2025 23:51:15 Asia/Ho_Chi_Minh] PHP Warning:  Undefined variable $baseUrl in C:\xampp\htdocs\bookstore\resources\views\layout\header.php on line 9
[30-Nov-2025 23:51:15 Asia/Ho_Chi_Minh] PHP Warning:  Undefined variable $baseUrl in C:\xampp\htdocs\bookstore\resources\views\layout\header.php on line 11
[30-Nov-2025 23:51:15 Asia/Ho_Chi_Minh] PHP Warning:  Undefined variable $baseUrl in C:\xampp\htdocs\bookstore\resources\views\layout\header.php on line 21
[30-Nov-2025 23:51:15 Asia/Ho_Chi_Minh] PHP Warning:  Undefined variable $appName in C:\xampp\htdocs\bookstore\resources\views\layout\header.php on line 23
[30-Nov-2025 23:51:15 Asia/Ho_Chi_Minh] PHP Deprecated:  htmlspecialchars(): Passing null to parameter #1 ($string) of type string is deprecated in C:\xampp\htdocs\bookstore\resources\views\layout\header.php on line 23
[30-Nov-2025 23:51:15 Asia/Ho_Chi_Minh] PHP Warning:  Undefined variable $baseUrl in C:\xampp\htdocs\bookstore\resources\views\layout\header.php on line 29
[30-Nov-2025 23:51:15 Asia/Ho_Chi_Minh] PHP Warning:  Undefined variable $baseUrl in C:\xampp\htdocs\bookstore\resources\views\layout\header.php on line 37
[30-Nov-2025 23:51:15 Asia/Ho_Chi_Minh] PHP Warning:  Undefined variable $baseUrl in C:\xampp\htdocs\bookstore\resources\views\layout\header.php on line 96
[30-Nov-2025 23:51:15 Asia/Ho_Chi_Minh] PHP Warning:  Undefined variable $baseUrl in C:\xampp\htdocs\bookstore\resources\views\layout\header.php on line 110
[30-Nov-2025 23:51:15 Asia/Ho_Chi_Minh] PHP Warning:  Undefined variable $baseUrl in C:\xampp\htdocs\bookstore\resources\views\layout\header.php on line 112
[30-Nov-2025 23:51:15 Asia/Ho_Chi_Minh] PHP Warning:  Undefined variable $baseUrl in C:\xampp\htdocs\bookstore\resources\views\layout\header.php on line 115
[30-Nov-2025 23:51:15 Asia/Ho_Chi_Minh] PHP Warning:  Undefined variable $baseUrl in C:\xampp\htdocs\bookstore\resources\views\layout\header.php on line 116
[30-Nov-2025 23:51:15 Asia/Ho_Chi_Minh] PHP Warning:  Undefined variable $baseUrl in C:\xampp\htdocs\bookstore\resources\views\layout\header.php on line 117
[30-Nov-2025 23:51:15 Asia/Ho_Chi_Minh] PHP Warning:  Undefined variable $baseUrl in C:\xampp\htdocs\bookstore\resources\views\layout\header.php on line 118
[30-Nov-2025 23:51:15 Asia/Ho_Chi_Minh] PHP Warning:  Undefined variable $baseUrl in C:\xampp\htdocs\bookstore\resources\views\layout\header.php on line 120
[30-Nov-2025 23:51:15 Asia/Ho_Chi_Minh] PHP Warning:  Undefined variable $baseUrl in C:\xampp\htdocs\bookstore\resources\views\layout\header.php on line 121
[30-Nov-2025 23:51:15 Asia/Ho_Chi_Minh] PHP Warning:  Undefined variable $baseUrl in C:\xampp\htdocs\bookstore\resources\views\layout\header.php on line 122
[30-Nov-2025 23:51:15 Asia/Ho_Chi_Minh] PHP Warning:  Undefined variable $baseUrl in C:\xampp\htdocs\bookstore\resources\views\layout\header.php on line 123
[30-Nov-2025 23:51:15 Asia/Ho_Chi_Minh] PHP Warning:  Undefined variable $baseUrl in C:\xampp\htdocs\bookstore\resources\views\layout\header.php on line 127
[30-Nov-2025 23:51:15 Asia/Ho_Chi_Minh] PHP Warning:  Undefined variable $baseUrl in C:\xampp\htdocs\bookstore\resources\views\layout\header.php on line 129
[30-Nov-2025 23:51:15 Asia/Ho_Chi_Minh] PHP Warning:  Undefined variable $baseUrl in C:\xampp\htdocs\bookstore\resources\views\layout\header.php on line 130
[30-Nov-2025 23:51:15 Asia/Ho_Chi_Minh] PHP Warning:  Undefined variable $baseUrl in C:\xampp\htdocs\bookstore\resources\views\layout\header.php on line 131
[30-Nov-2025 23:51:15 Asia/Ho_Chi_Minh] PHP Warning:  Undefined variable $baseUrl in C:\xampp\htdocs\bookstore\resources\views\layout\header.php on line 132
[30-Nov-2025 23:51:15 Asia/Ho_Chi_Minh] PHP Warning:  Undefined variable $baseUrl in C:\xampp\htdocs\bookstore\resources\views\layout\header.php on line 136
[30-Nov-2025 23:51:15 Asia/Ho_Chi_Minh] PHP Warning:  Undefined variable $baseUrl in C:\xampp\htdocs\bookstore\resources\views\layout\header.php on line 138
[30-Nov-2025 23:51:15 Asia/Ho_Chi_Minh] PHP Warning:  Undefined variable $baseUrl in C:\xampp\htdocs\bookstore\resources\views\layout\header.php on line 139
[30-Nov-2025 23:51:15 Asia/Ho_Chi_Minh] PHP Warning:  Undefined variable $baseUrl in C:\xampp\htdocs\bookstore\resources\views\layout\header.php on line 140
[30-Nov-2025 23:51:15 Asia/Ho_Chi_Minh] PHP Warning:  Undefined variable $baseUrl in C:\xampp\htdocs\bookstore\resources\views\layout\header.php on line 141
[30-Nov-2025 23:51:15 Asia/Ho_Chi_Minh] PHP Warning:  Undefined variable $baseUrl in C:\xampp\htdocs\bookstore\resources\views\layout\header.php on line 144
[30-Nov-2025 23:51:15 Asia/Ho_Chi_Minh] PHP Warning:  Undefined variable $baseUrl in C:\xampp\htdocs\bookstore\resources\views\layout\header.php on line 145
[30-Nov-2025 23:51:15 Asia/Ho_Chi_Minh] PHP Warning:  Undefined variable $baseUrl in C:\xampp\htdocs\bookstore\resources\views\layout\header.php on line 146
[30-Nov-2025 23:51:15 Asia/Ho_Chi_Minh] PHP Warning:  Undefined variable $baseUrl in C:\xampp\htdocs\bookstore\resources\views\layout\header.php on line 147
[30-Nov-2025 23:51:15 Asia/Ho_Chi_Minh] PHP Warning:  Undefined variable $appName in C:\xampp\htdocs\bookstore\resources\views\layout\footer.php on line 9
[30-Nov-2025 23:51:15 Asia/Ho_Chi_Minh] PHP Deprecated:  htmlspecialchars(): Passing null to parameter #1 ($string) of type string is deprecated in C:\xampp\htdocs\bookstore\resources\views\layout\footer.php on line 9
[30-Nov-2025 23:51:15 Asia/Ho_Chi_Minh] PHP Warning:  Undefined variable $baseUrl in C:\xampp\htdocs\bookstore\resources\views\layout\footer.php on line 21
[30-Nov-2025 23:51:15 Asia/Ho_Chi_Minh] PHP Warning:  Undefined variable $baseUrl in C:\xampp\htdocs\bookstore\resources\views\layout\footer.php on line 22
[30-Nov-2025 23:51:15 Asia/Ho_Chi_Minh] PHP Warning:  Undefined variable $baseUrl in C:\xampp\htdocs\bookstore\resources\views\layout\footer.php on line 23
[30-Nov-2025 23:51:15 Asia/Ho_Chi_Minh] PHP Warning:  Undefined variable $baseUrl in C:\xampp\htdocs\bookstore\resources\views\layout\footer.php on line 24
[30-Nov-2025 23:51:15 Asia/Ho_Chi_Minh] PHP Warning:  Undefined variable $baseUrl in C:\xampp\htdocs\bookstore\resources\views\layout\footer.php on line 25
[30-Nov-2025 23:51:15 Asia/Ho_Chi_Minh] PHP Warning:  Undefined variable $baseUrl in C:\xampp\htdocs\bookstore\resources\views\layout\footer.php on line 26
[30-Nov-2025 23:51:15 Asia/Ho_Chi_Minh] PHP Warning:  Undefined variable $baseUrl in C:\xampp\htdocs\bookstore\resources\views\layout\footer.php on line 27
[30-Nov-2025 23:51:15 Asia/Ho_Chi_Minh] PHP Warning:  Undefined variable $baseUrl in C:\xampp\htdocs\bookstore\resources\views\layout\footer.php on line 73
[30-Nov-2025 23:51:15 Asia/Ho_Chi_Minh] PHP Warning:  Undefined variable $appName in C:\xampp\htdocs\bookstore\resources\views\layout\footer.php on line 97
[30-Nov-2025 23:51:15 Asia/Ho_Chi_Minh] PHP Deprecated:  htmlspecialchars(): Passing null to parameter #1 ($string) of type string is deprecated in C:\xampp\htdocs\bookstore\resources\views\layout\footer.php on line 97
[30-Nov-2025 23:51:15 Asia/Ho_Chi_Minh] PHP Warning:  Undefined variable $baseUrl in C:\xampp\htdocs\bookstore\resources\views\layout\footer.php on line 100
[30-Nov-2025 23:51:15 Asia/Ho_Chi_Minh] PHP Warning:  Undefined variable $baseUrl in C:\xampp\htdocs\bookstore\resources\views\layout\footer.php on line 101
[30-Nov-2025 23:51:15 Asia/Ho_Chi_Minh] PHP Warning:  Undefined variable $baseUrl in C:\xampp\htdocs\bookstore\resources\views\layout\footer.php on line 102
[30-Nov-2025 23:51:15 Asia/Ho_Chi_Minh] PHP Warning:  Undefined variable $baseUrl in C:\xampp\htdocs\bookstore\resources\views\layout\footer.php on line 158
[30-Nov-2025 23:51:15 Asia/Ho_Chi_Minh] PHP Warning:  Undefined variable $baseUrl in C:\xampp\htdocs\bookstore\resources\views\pages\home.php on line 6
[30-Nov-2025 23:51:15 Asia/Ho_Chi_Minh] PHP Deprecated:  rtrim(): Passing null to parameter #1 ($string) of type string is deprecated in C:\xampp\htdocs\bookstore\resources\views\pages\home.php on line 6
[30-Nov-2025 23:51:15 Asia/Ho_Chi_Minh] PHP Warning:  Undefined variable $appName in C:\xampp\htdocs\bookstore\resources\views\pages\home.php on line 7
[30-Nov-2025 23:51:15 Asia/Ho_Chi_Minh] PHP Deprecated:  htmlspecialchars(): Passing null to parameter #1 ($string) of type string is deprecated in C:\xampp\htdocs\bookstore\resources\views\pages\home.php on line 7
[30-Nov-2025 23:51:15 Asia/Ho_Chi_Minh] PHP Warning:  Undefined variable $baseUrl in C:\xampp\htdocs\bookstore\resources\views\pages\home.php on line 10
[30-Nov-2025 23:51:15 Asia/Ho_Chi_Minh] PHP Warning:  Undefined variable $baseUrl in C:\xampp\htdocs\bookstore\resources\views\pages\home.php on line 11
[30-Nov-2025 23:51:15 Asia/Ho_Chi_Minh] PHP Warning:  Undefined variable $baseUrl in C:\xampp\htdocs\bookstore\resources\views\pages\home.php on line 18
[30-Nov-2025 23:51:15 Asia/Ho_Chi_Minh] PHP Warning:  Undefined variable $baseUrl in C:\xampp\htdocs\bookstore\resources\views\pages\home.php on line 22
[30-Nov-2025 23:51:15 Asia/Ho_Chi_Minh] PHP Warning:  Undefined variable $baseUrl in C:\xampp\htdocs\bookstore\resources\views\pages\home.php on line 171
[30-Nov-2025 23:51:15 Asia/Ho_Chi_Minh] PHP Warning:  Undefined variable $baseUrl in C:\xampp\htdocs\bookstore\resources\views\pages\home.php on line 186
[30-Nov-2025 23:51:15 Asia/Ho_Chi_Minh] PHP Warning:  Undefined variable $baseUrl in C:\xampp\htdocs\bookstore\resources\views\pages\home.php on line 201
[30-Nov-2025 23:51:15 Asia/Ho_Chi_Minh] PHP Warning:  Undefined variable $baseUrl in C:\xampp\htdocs\bookstore\resources\views\pages\home.php on line 233
[30-Nov-2025 23:51:15 Asia/Ho_Chi_Minh] PHP Warning:  Undefined variable $baseUrl in C:\xampp\htdocs\bookstore\resources\views\pages\home.php on line 234
[30-Nov-2025 23:51:15 Asia/Ho_Chi_Minh] PHP Warning:  Undefined variable $baseUrl in C:\xampp\htdocs\bookstore\resources\views\pages\home.php on line 235
[30-Nov-2025 23:51:15 Asia/Ho_Chi_Minh] PHP Warning:  Undefined variable $baseUrl in C:\xampp\htdocs\bookstore\resources\views\pages\home.php on line 236
[30-Nov-2025 23:51:15 Asia/Ho_Chi_Minh] PHP Warning:  Undefined variable $baseUrl in C:\xampp\htdocs\bookstore\resources\views\pages\home.php on line 237
[30-Nov-2025 23:51:15 Asia/Ho_Chi_Minh] PHP Warning:  Undefined variable $baseUrl in C:\xampp\htdocs\bookstore\resources\views\pages\home.php on line 238
[30-Nov-2025 23:51:15 Asia/Ho_Chi_Minh] PHP Warning:  Undefined variable $baseUrl in C:\xampp\htdocs\bookstore\resources\views\pages\home.php on line 239
[30-Nov-2025 23:51:15 Asia/Ho_Chi_Minh] PHP Warning:  Undefined variable $baseUrl in C:\xampp\htdocs\bookstore\resources\views\pages\home.php on line 240
[30-Nov-2025 23:51:15 Asia/Ho_Chi_Minh] PHP Warning:  Undefined variable $baseUrl in C:\xampp\htdocs\bookstore\resources\views\pages\home.php on line 241
[30-Nov-2025 23:51:15 Asia/Ho_Chi_Minh] PHP Warning:  Undefined variable $baseUrl in C:\xampp\htdocs\bookstore\resources\views\pages\home.php on line 242
[30-Nov-2025 23:51:15 Asia/Ho_Chi_Minh] PHP Warning:  Undefined variable $baseUrl in C:\xampp\htdocs\bookstore\resources\views\pages\home.php on line 249
[30-Nov-2025 23:51:15 Asia/Ho_Chi_Minh] PHP Warning:  Undefined variable $baseUrl in C:\xampp\htdocs\bookstore\resources\views\pages\home.php on line 276
[30-Nov-2025 23:51:15 Asia/Ho_Chi_Minh] PHP Warning:  Undefined variable $baseUrl in C:\xampp\htdocs\bookstore\resources\views\pages\home.php on line 282
[30-Nov-2025 23:51:15 Asia/Ho_Chi_Minh] PHP Warning:  Undefined variable $baseUrl in C:\xampp\htdocs\bookstore\resources\views\pages\home.php on line 308
[30-Nov-2025 23:51:15 Asia/Ho_Chi_Minh] PHP Warning:  Undefined variable $baseUrl in C:\xampp\htdocs\bookstore\resources\views\pages\home.php on line 282
[30-Nov-2025 23:51:15 Asia/Ho_Chi_Minh] PHP Warning:  Undefined variable $baseUrl in C:\xampp\htdocs\bookstore\resources\views\pages\home.php on line 308
[30-Nov-2025 23:51:15 Asia/Ho_Chi_Minh] PHP Warning:  Undefined variable $baseUrl in C:\xampp\htdocs\bookstore\resources\views\pages\home.php on line 282
[30-Nov-2025 23:51:15 Asia/Ho_Chi_Minh] PHP Warning:  Undefined variable $baseUrl in C:\xampp\htdocs\bookstore\resources\views\pages\home.php on line 308
[30-Nov-2025 23:51:15 Asia/Ho_Chi_Minh] PHP Warning:  Undefined variable $baseUrl in C:\xampp\htdocs\bookstore\resources\views\pages\home.php on line 282
[30-Nov-2025 23:51:15 Asia/Ho_Chi_Minh] PHP Warning:  Undefined variable $baseUrl in C:\xampp\htdocs\bookstore\resources\views\pages\home.php on line 308
[30-Nov-2025 23:51:15 Asia/Ho_Chi_Minh] PHP Warning:  Undefined variable $baseUrl in C:\xampp\htdocs\bookstore\resources\views\pages\home.php on line 326
[30-Nov-2025 23:51:15 Asia/Ho_Chi_Minh] PHP Warning:  Undefined variable $baseUrl in C:\xampp\htdocs\bookstore\resources\views\pages\home.php on line 331
[30-Nov-2025 23:51:15 Asia/Ho_Chi_Minh] PHP Warning:  Undefined variable $baseUrl in C:\xampp\htdocs\bookstore\resources\views\pages\home.php on line 357
[30-Nov-2025 23:51:15 Asia/Ho_Chi_Minh] PHP Warning:  Undefined variable $baseUrl in C:\xampp\htdocs\bookstore\resources\views\pages\home.php on line 331
[30-Nov-2025 23:51:15 Asia/Ho_Chi_Minh] PHP Warning:  Undefined variable $baseUrl in C:\xampp\htdocs\bookstore\resources\views\pages\home.php on line 357
[30-Nov-2025 23:51:15 Asia/Ho_Chi_Minh] PHP Warning:  Undefined variable $baseUrl in C:\xampp\htdocs\bookstore\resources\views\pages\home.php on line 331
[30-Nov-2025 23:51:15 Asia/Ho_Chi_Minh] PHP Warning:  Undefined variable $baseUrl in C:\xampp\htdocs\bookstore\resources\views\pages\home.php on line 357
[30-Nov-2025 23:51:15 Asia/Ho_Chi_Minh] PHP Warning:  Undefined variable $baseUrl in C:\xampp\htdocs\bookstore\resources\views\pages\home.php on line 331
[30-Nov-2025 23:51:15 Asia/Ho_Chi_Minh] PHP Warning:  Undefined variable $baseUrl in C:\xampp\htdocs\bookstore\resources\views\pages\home.php on line 357
[30-Nov-2025 23:51:15 Asia/Ho_Chi_Minh] PHP Warning:  Undefined variable $baseUrl in C:\xampp\htdocs\bookstore\resources\views\pages\home.php on line 375
[30-Nov-2025 23:51:15 Asia/Ho_Chi_Minh] PHP Warning:  Undefined variable $baseUrl in C:\xampp\htdocs\bookstore\resources\views\pages\home.php on line 380
[30-Nov-2025 23:51:15 Asia/Ho_Chi_Minh] PHP Warning:  Undefined variable $baseUrl in C:\xampp\htdocs\bookstore\resources\views\pages\home.php on line 406
[30-Nov-2025 23:51:15 Asia/Ho_Chi_Minh] PHP Warning:  Undefined variable $baseUrl in C:\xampp\htdocs\bookstore\resources\views\pages\home.php on line 380
[30-Nov-2025 23:51:16 Asia/Ho_Chi_Minh] PHP Warning:  Undefined variable $baseUrl in C:\xampp\htdocs\bookstore\resources\views\pages\home.php on line 406
[30-Nov-2025 23:51:16 Asia/Ho_Chi_Minh] PHP Warning:  Undefined variable $baseUrl in C:\xampp\htdocs\bookstore\resources\views\pages\home.php on line 380
[30-Nov-2025 23:51:16 Asia/Ho_Chi_Minh] PHP Warning:  Undefined variable $baseUrl in C:\xampp\htdocs\bookstore\resources\views\pages\home.php on line 406
[30-Nov-2025 23:51:16 Asia/Ho_Chi_Minh] PHP Warning:  Undefined variable $baseUrl in C:\xampp\htdocs\bookstore\resources\views\pages\home.php on line 380
[30-Nov-2025 23:51:16 Asia/Ho_Chi_Minh] PHP Warning:  Undefined variable $baseUrl in C:\xampp\htdocs\bookstore\resources\views\pages\home.php on line 406
[30-Nov-2025 23:51:16 Asia/Ho_Chi_Minh] PHP Warning:  Undefined variable $baseUrl in C:\xampp\htdocs\bookstore\resources\views\pages\home.php on line 428
[30-Nov-2025 23:51:16 Asia/Ho_Chi_Minh] PHP Warning:  Undefined variable $baseUrl in C:\xampp\htdocs\bookstore\resources\views\layout\header.php on line 7
[30-Nov-2025 23:51:16 Asia/Ho_Chi_Minh] PHP Deprecated:  rtrim(): Passing null to parameter #1 ($string) of type string is deprecated in C:\xampp\htdocs\bookstore\resources\views\layout\header.php on line 7
[30-Nov-2025 23:51:16 Asia/Ho_Chi_Minh] PHP Warning:  Undefined variable $appName in C:\xampp\htdocs\bookstore\resources\views\layout\header.php on line 8
[30-Nov-2025 23:51:16 Asia/Ho_Chi_Minh] PHP Warning:  Undefined variable $baseUrl in C:\xampp\htdocs\bookstore\resources\views\layout\header.php on line 9
[30-Nov-2025 23:51:16 Asia/Ho_Chi_Minh] PHP Warning:  Undefined variable $baseUrl in C:\xampp\htdocs\bookstore\resources\views\layout\header.php on line 11
[30-Nov-2025 23:51:16 Asia/Ho_Chi_Minh] PHP Warning:  Undefined variable $baseUrl in C:\xampp\htdocs\bookstore\resources\views\layout\header.php on line 21
[30-Nov-2025 23:51:16 Asia/Ho_Chi_Minh] PHP Warning:  Undefined variable $appName in C:\xampp\htdocs\bookstore\resources\views\layout\header.php on line 23
[30-Nov-2025 23:51:16 Asia/Ho_Chi_Minh] PHP Deprecated:  htmlspecialchars(): Passing null to parameter #1 ($string) of type string is deprecated in C:\xampp\htdocs\bookstore\resources\views\layout\header.php on line 23
[30-Nov-2025 23:51:16 Asia/Ho_Chi_Minh] PHP Warning:  Undefined variable $baseUrl in C:\xampp\htdocs\bookstore\resources\views\layout\header.php on line 29
[30-Nov-2025 23:51:16 Asia/Ho_Chi_Minh] PHP Warning:  Undefined variable $baseUrl in C:\xampp\htdocs\bookstore\resources\views\layout\header.php on line 37
[30-Nov-2025 23:51:16 Asia/Ho_Chi_Minh] PHP Warning:  Undefined variable $baseUrl in C:\xampp\htdocs\bookstore\resources\views\layout\header.php on line 96
[30-Nov-2025 23:51:16 Asia/Ho_Chi_Minh] PHP Warning:  Undefined variable $baseUrl in C:\xampp\htdocs\bookstore\resources\views\layout\header.php on line 110
[30-Nov-2025 23:51:16 Asia/Ho_Chi_Minh] PHP Warning:  Undefined variable $baseUrl in C:\xampp\htdocs\bookstore\resources\views\layout\header.php on line 112
[30-Nov-2025 23:51:16 Asia/Ho_Chi_Minh] PHP Warning:  Undefined variable $baseUrl in C:\xampp\htdocs\bookstore\resources\views\layout\header.php on line 115
[30-Nov-2025 23:51:16 Asia/Ho_Chi_Minh] PHP Warning:  Undefined variable $baseUrl in C:\xampp\htdocs\bookstore\resources\views\layout\header.php on line 116
[30-Nov-2025 23:51:16 Asia/Ho_Chi_Minh] PHP Warning:  Undefined variable $baseUrl in C:\xampp\htdocs\bookstore\resources\views\layout\header.php on line 117
[30-Nov-2025 23:51:16 Asia/Ho_Chi_Minh] PHP Warning:  Undefined variable $baseUrl in C:\xampp\htdocs\bookstore\resources\views\layout\header.php on line 118
[30-Nov-2025 23:51:16 Asia/Ho_Chi_Minh] PHP Warning:  Undefined variable $baseUrl in C:\xampp\htdocs\bookstore\resources\views\layout\header.php on line 120
[30-Nov-2025 23:51:16 Asia/Ho_Chi_Minh] PHP Warning:  Undefined variable $baseUrl in C:\xampp\htdocs\bookstore\resources\views\layout\header.php on line 121
[30-Nov-2025 23:51:16 Asia/Ho_Chi_Minh] PHP Warning:  Undefined variable $baseUrl in C:\xampp\htdocs\bookstore\resources\views\layout\header.php on line 122
[30-Nov-2025 23:51:16 Asia/Ho_Chi_Minh] PHP Warning:  Undefined variable $baseUrl in C:\xampp\htdocs\bookstore\resources\views\layout\header.php on line 123
[30-Nov-2025 23:51:16 Asia/Ho_Chi_Minh] PHP Warning:  Undefined variable $baseUrl in C:\xampp\htdocs\bookstore\resources\views\layout\header.php on line 127
[30-Nov-2025 23:51:16 Asia/Ho_Chi_Minh] PHP Warning:  Undefined variable $baseUrl in C:\xampp\htdocs\bookstore\resources\views\layout\header.php on line 129
[30-Nov-2025 23:51:16 Asia/Ho_Chi_Minh] PHP Warning:  Undefined variable $baseUrl in C:\xampp\htdocs\bookstore\resources\views\layout\header.php on line 130
[30-Nov-2025 23:51:16 Asia/Ho_Chi_Minh] PHP Warning:  Undefined variable $baseUrl in C:\xampp\htdocs\bookstore\resources\views\layout\header.php on line 131
[30-Nov-2025 23:51:16 Asia/Ho_Chi_Minh] PHP Warning:  Undefined variable $baseUrl in C:\xampp\htdocs\bookstore\resources\views\layout\header.php on line 132
[30-Nov-2025 23:51:16 Asia/Ho_Chi_Minh] PHP Warning:  Undefined variable $baseUrl in C:\xampp\htdocs\bookstore\resources\views\layout\header.php on line 136
[30-Nov-2025 23:51:16 Asia/Ho_Chi_Minh] PHP Warning:  Undefined variable $baseUrl in C:\xampp\htdocs\bookstore\resources\views\layout\header.php on line 138
[30-Nov-2025 23:51:16 Asia/Ho_Chi_Minh] PHP Warning:  Undefined variable $baseUrl in C:\xampp\htdocs\bookstore\resources\views\layout\header.php on line 139
[30-Nov-2025 23:51:16 Asia/Ho_Chi_Minh] PHP Warning:  Undefined variable $baseUrl in C:\xampp\htdocs\bookstore\resources\views\layout\header.php on line 140
[30-Nov-2025 23:51:16 Asia/Ho_Chi_Minh] PHP Warning:  Undefined variable $baseUrl in C:\xampp\htdocs\bookstore\resources\views\layout\header.php on line 141
[30-Nov-2025 23:51:16 Asia/Ho_Chi_Minh] PHP Warning:  Undefined variable $baseUrl in C:\xampp\htdocs\bookstore\resources\views\layout\header.php on line 144
[30-Nov-2025 23:51:16 Asia/Ho_Chi_Minh] PHP Warning:  Undefined variable $baseUrl in C:\xampp\htdocs\bookstore\resources\views\layout\header.php on line 145
[30-Nov-2025 23:51:16 Asia/Ho_Chi_Minh] PHP Warning:  Undefined variable $baseUrl in C:\xampp\htdocs\bookstore\resources\views\layout\header.php on line 146
[30-Nov-2025 23:51:16 Asia/Ho_Chi_Minh] PHP Warning:  Undefined variable $baseUrl in C:\xampp\htdocs\bookstore\resources\views\layout\header.php on line 147
[30-Nov-2025 23:51:16 Asia/Ho_Chi_Minh] PHP Warning:  Undefined variable $appName in C:\xampp\htdocs\bookstore\resources\views\layout\footer.php on line 9
[30-Nov-2025 23:51:16 Asia/Ho_Chi_Minh] PHP Deprecated:  htmlspecialchars(): Passing null to parameter #1 ($string) of type string is deprecated in C:\xampp\htdocs\bookstore\resources\views\layout\footer.php on line 9
[30-Nov-2025 23:51:16 Asia/Ho_Chi_Minh] PHP Warning:  Undefined variable $baseUrl in C:\xampp\htdocs\bookstore\resources\views\layout\footer.php on line 21
[30-Nov-2025 23:51:16 Asia/Ho_Chi_Minh] PHP Warning:  Undefined variable $baseUrl in C:\xampp\htdocs\bookstore\resources\views\layout\footer.php on line 22
[30-Nov-2025 23:51:16 Asia/Ho_Chi_Minh] PHP Warning:  Undefined variable $baseUrl in C:\xampp\htdocs\bookstore\resources\views\layout\footer.php on line 23
[30-Nov-2025 23:51:16 Asia/Ho_Chi_Minh] PHP Warning:  Undefined variable $baseUrl in C:\xampp\htdocs\bookstore\resources\views\layout\footer.php on line 24
[30-Nov-2025 23:51:16 Asia/Ho_Chi_Minh] PHP Warning:  Undefined variable $baseUrl in C:\xampp\htdocs\bookstore\resources\views\layout\footer.php on line 25
[30-Nov-2025 23:51:16 Asia/Ho_Chi_Minh] PHP Warning:  Undefined variable $baseUrl in C:\xampp\htdocs\bookstore\resources\views\layout\footer.php on line 26
[30-Nov-2025 23:51:16 Asia/Ho_Chi_Minh] PHP Warning:  Undefined variable $baseUrl in C:\xampp\htdocs\bookstore\resources\views\layout\footer.php on line 27
[30-Nov-2025 23:51:16 Asia/Ho_Chi_Minh] PHP Warning:  Undefined variable $baseUrl in C:\xampp\htdocs\bookstore\resources\views\layout\footer.php on line 73
[30-Nov-2025 23:51:16 Asia/Ho_Chi_Minh] PHP Warning:  Undefined variable $appName in C:\xampp\htdocs\bookstore\resources\views\layout\footer.php on line 97
[30-Nov-2025 23:51:16 Asia/Ho_Chi_Minh] PHP Deprecated:  htmlspecialchars(): Passing null to parameter #1 ($string) of type string is deprecated in C:\xampp\htdocs\bookstore\resources\views\layout\footer.php on line 97
[30-Nov-2025 23:51:16 Asia/Ho_Chi_Minh] PHP Warning:  Undefined variable $baseUrl in C:\xampp\htdocs\bookstore\resources\views\layout\footer.php on line 100
[30-Nov-2025 23:51:16 Asia/Ho_Chi_Minh] PHP Warning:  Undefined variable $baseUrl in C:\xampp\htdocs\bookstore\resources\views\layout\footer.php on line 101
[30-Nov-2025 23:51:16 Asia/Ho_Chi_Minh] PHP Warning:  Undefined variable $baseUrl in C:\xampp\htdocs\bookstore\resources\views\layout\footer.php on line 102
[30-Nov-2025 23:51:16 Asia/Ho_Chi_Minh] PHP Warning:  Undefined variable $baseUrl in C:\xampp\htdocs\bookstore\resources\views\layout\footer.php on line 158
[30-Nov-2025 23:51:16 Asia/Ho_Chi_Minh] PHP Warning:  Undefined variable $baseUrl in C:\xampp\htdocs\bookstore\resources\views\pages\home.php on line 6
[30-Nov-2025 23:51:16 Asia/Ho_Chi_Minh] PHP Deprecated:  rtrim(): Passing null to parameter #1 ($string) of type string is deprecated in C:\xampp\htdocs\bookstore\resources\views\pages\home.php on line 6
[30-Nov-2025 23:51:16 Asia/Ho_Chi_Minh] PHP Warning:  Undefined variable $appName in C:\xampp\htdocs\bookstore\resources\views\pages\home.php on line 7
[30-Nov-2025 23:51:16 Asia/Ho_Chi_Minh] PHP Deprecated:  htmlspecialchars(): Passing null to parameter #1 ($string) of type string is deprecated in C:\xampp\htdocs\bookstore\resources\views\pages\home.php on line 7
[30-Nov-2025 23:51:16 Asia/Ho_Chi_Minh] PHP Warning:  Undefined variable $baseUrl in C:\xampp\htdocs\bookstore\resources\views\pages\home.php on line 10
[30-Nov-2025 23:51:16 Asia/Ho_Chi_Minh] PHP Warning:  Undefined variable $baseUrl in C:\xampp\htdocs\bookstore\resources\views\pages\home.php on line 11
[30-Nov-2025 23:51:16 Asia/Ho_Chi_Minh] PHP Warning:  Undefined variable $baseUrl in C:\xampp\htdocs\bookstore\resources\views\pages\home.php on line 18
[30-Nov-2025 23:51:16 Asia/Ho_Chi_Minh] PHP Warning:  Undefined variable $baseUrl in C:\xampp\htdocs\bookstore\resources\views\pages\home.php on line 22
[30-Nov-2025 23:51:16 Asia/Ho_Chi_Minh] PHP Warning:  Undefined variable $baseUrl in C:\xampp\htdocs\bookstore\resources\views\pages\home.php on line 171
[30-Nov-2025 23:51:16 Asia/Ho_Chi_Minh] PHP Warning:  Undefined variable $baseUrl in C:\xampp\htdocs\bookstore\resources\views\pages\home.php on line 186
[30-Nov-2025 23:51:16 Asia/Ho_Chi_Minh] PHP Warning:  Undefined variable $baseUrl in C:\xampp\htdocs\bookstore\resources\views\pages\home.php on line 201
[30-Nov-2025 23:51:16 Asia/Ho_Chi_Minh] PHP Warning:  Undefined variable $baseUrl in C:\xampp\htdocs\bookstore\resources\views\pages\home.php on line 233
[30-Nov-2025 23:51:16 Asia/Ho_Chi_Minh] PHP Warning:  Undefined variable $baseUrl in C:\xampp\htdocs\bookstore\resources\views\pages\home.php on line 234
[30-Nov-2025 23:51:16 Asia/Ho_Chi_Minh] PHP Warning:  Undefined variable $baseUrl in C:\xampp\htdocs\bookstore\resources\views\pages\home.php on line 235
[30-Nov-2025 23:51:16 Asia/Ho_Chi_Minh] PHP Warning:  Undefined variable $baseUrl in C:\xampp\htdocs\bookstore\resources\views\pages\home.php on line 236
[30-Nov-2025 23:51:16 Asia/Ho_Chi_Minh] PHP Warning:  Undefined variable $baseUrl in C:\xampp\htdocs\bookstore\resources\views\pages\home.php on line 237
[30-Nov-2025 23:51:16 Asia/Ho_Chi_Minh] PHP Warning:  Undefined variable $baseUrl in C:\xampp\htdocs\bookstore\resources\views\pages\home.php on line 238
[30-Nov-2025 23:51:16 Asia/Ho_Chi_Minh] PHP Warning:  Undefined variable $baseUrl in C:\xampp\htdocs\bookstore\resources\views\pages\home.php on line 239
[30-Nov-2025 23:51:16 Asia/Ho_Chi_Minh] PHP Warning:  Undefined variable $baseUrl in C:\xampp\htdocs\bookstore\resources\views\pages\home.php on line 240
[30-Nov-2025 23:51:16 Asia/Ho_Chi_Minh] PHP Warning:  Undefined variable $baseUrl in C:\xampp\htdocs\bookstore\resources\views\pages\home.php on line 241
[30-Nov-2025 23:51:16 Asia/Ho_Chi_Minh] PHP Warning:  Undefined variable $baseUrl in C:\xampp\htdocs\bookstore\resources\views\pages\home.php on line 242
[30-Nov-2025 23:51:16 Asia/Ho_Chi_Minh] PHP Warning:  Undefined variable $baseUrl in C:\xampp\htdocs\bookstore\resources\views\pages\home.php on line 249
[30-Nov-2025 23:51:16 Asia/Ho_Chi_Minh] PHP Warning:  Undefined variable $baseUrl in C:\xampp\htdocs\bookstore\resources\views\pages\home.php on line 276
[30-Nov-2025 23:51:16 Asia/Ho_Chi_Minh] PHP Warning:  Undefined variable $baseUrl in C:\xampp\htdocs\bookstore\resources\views\pages\home.php on line 282
[30-Nov-2025 23:51:16 Asia/Ho_Chi_Minh] PHP Warning:  Undefined variable $baseUrl in C:\xampp\htdocs\bookstore\resources\views\pages\home.php on line 308
[30-Nov-2025 23:51:16 Asia/Ho_Chi_Minh] PHP Warning:  Undefined variable $baseUrl in C:\xampp\htdocs\bookstore\resources\views\pages\home.php on line 282
[30-Nov-2025 23:51:16 Asia/Ho_Chi_Minh] PHP Warning:  Undefined variable $baseUrl in C:\xampp\htdocs\bookstore\resources\views\pages\home.php on line 308
[30-Nov-2025 23:51:16 Asia/Ho_Chi_Minh] PHP Warning:  Undefined variable $baseUrl in C:\xampp\htdocs\bookstore\resources\views\pages\home.php on line 282
[30-Nov-2025 23:51:16 Asia/Ho_Chi_Minh] PHP Warning:  Undefined variable $baseUrl in C:\xampp\htdocs\bookstore\resources\views\pages\home.php on line 308
[30-Nov-2025 23:51:16 Asia/Ho_Chi_Minh] PHP Warning:  Undefined variable $baseUrl in C:\xampp\htdocs\bookstore\resources\views\pages\home.php on line 282
[30-Nov-2025 23:51:16 Asia/Ho_Chi_Minh] PHP Warning:  Undefined variable $baseUrl in C:\xampp\htdocs\bookstore\resources\views\pages\home.php on line 308
[30-Nov-2025 23:51:16 Asia/Ho_Chi_Minh] PHP Warning:  Undefined variable $baseUrl in C:\xampp\htdocs\bookstore\resources\views\pages\home.php on line 326
[30-Nov-2025 23:51:16 Asia/Ho_Chi_Minh] PHP Warning:  Undefined variable $baseUrl in C:\xampp\htdocs\bookstore\resources\views\pages\home.php on line 331
[30-Nov-2025 23:51:16 Asia/Ho_Chi_Minh] PHP Warning:  Undefined variable $baseUrl in C:\xampp\htdocs\bookstore\resources\views\pages\home.php on line 357
[30-Nov-2025 23:51:16 Asia/Ho_Chi_Minh] PHP Warning:  Undefined variable $baseUrl in C:\xampp\htdocs\bookstore\resources\views\pages\home.php on line 331
[30-Nov-2025 23:51:16 Asia/Ho_Chi_Minh] PHP Warning:  Undefined variable $baseUrl in C:\xampp\htdocs\bookstore\resources\views\pages\home.php on line 357
[30-Nov-2025 23:51:16 Asia/Ho_Chi_Minh] PHP Warning:  Undefined variable $baseUrl in C:\xampp\htdocs\bookstore\resources\views\pages\home.php on line 331
[30-Nov-2025 23:51:16 Asia/Ho_Chi_Minh] PHP Warning:  Undefined variable $baseUrl in C:\xampp\htdocs\bookstore\resources\views\pages\home.php on line 357
[30-Nov-2025 23:51:16 Asia/Ho_Chi_Minh] PHP Warning:  Undefined variable $baseUrl in C:\xampp\htdocs\bookstore\resources\views\pages\home.php on line 331
[30-Nov-2025 23:51:16 Asia/Ho_Chi_Minh] PHP Warning:  Undefined variable $baseUrl in C:\xampp\htdocs\bookstore\resources\views\pages\home.php on line 357
[30-Nov-2025 23:51:16 Asia/Ho_Chi_Minh] PHP Warning:  Undefined variable $baseUrl in C:\xampp\htdocs\bookstore\resources\views\pages\home.php on line 375
[30-Nov-2025 23:51:16 Asia/Ho_Chi_Minh] PHP Warning:  Undefined variable $baseUrl in C:\xampp\htdocs\bookstore\resources\views\pages\home.php on line 380
[30-Nov-2025 23:51:16 Asia/Ho_Chi_Minh] PHP Warning:  Undefined variable $baseUrl in C:\xampp\htdocs\bookstore\resources\views\pages\home.php on line 406
[30-Nov-2025 23:51:16 Asia/Ho_Chi_Minh] PHP Warning:  Undefined variable $baseUrl in C:\xampp\htdocs\bookstore\resources\views\pages\home.php on line 380
[30-Nov-2025 23:51:16 Asia/Ho_Chi_Minh] PHP Warning:  Undefined variable $baseUrl in C:\xampp\htdocs\bookstore\resources\views\pages\home.php on line 406
[30-Nov-2025 23:51:16 Asia/Ho_Chi_Minh] PHP Warning:  Undefined variable $baseUrl in C:\xampp\htdocs\bookstore\resources\views\pages\home.php on line 380
[30-Nov-2025 23:51:16 Asia/Ho_Chi_Minh] PHP Warning:  Undefined variable $baseUrl in C:\xampp\htdocs\bookstore\resources\views\pages\home.php on line 406
[30-Nov-2025 23:51:16 Asia/Ho_Chi_Minh] PHP Warning:  Undefined variable $baseUrl in C:\xampp\htdocs\bookstore\resources\views\pages\home.php on line 380
[30-Nov-2025 23:51:16 Asia/Ho_Chi_Minh] PHP Warning:  Undefined variable $baseUrl in C:\xampp\htdocs\bookstore\resources\views\pages\home.php on line 406
[30-Nov-2025 23:51:16 Asia/Ho_Chi_Minh] PHP Warning:  Undefined variable $baseUrl in C:\xampp\htdocs\bookstore\resources\views\pages\home.php on line 428
[30-Nov-2025 23:51:16 Asia/Ho_Chi_Minh] PHP Warning:  Undefined variable $baseUrl in C:\xampp\htdocs\bookstore\resources\views\layout\header.php on line 7
[30-Nov-2025 23:51:16 Asia/Ho_Chi_Minh] PHP Deprecated:  rtrim(): Passing null to parameter #1 ($string) of type string is deprecated in C:\xampp\htdocs\bookstore\resources\views\layout\header.php on line 7
[30-Nov-2025 23:51:16 Asia/Ho_Chi_Minh] PHP Warning:  Undefined variable $appName in C:\xampp\htdocs\bookstore\resources\views\layout\header.php on line 8
[30-Nov-2025 23:51:16 Asia/Ho_Chi_Minh] PHP Warning:  Undefined variable $baseUrl in C:\xampp\htdocs\bookstore\resources\views\layout\header.php on line 9
[30-Nov-2025 23:51:16 Asia/Ho_Chi_Minh] PHP Warning:  Undefined variable $baseUrl in C:\xampp\htdocs\bookstore\resources\views\layout\header.php on line 11
[30-Nov-2025 23:51:16 Asia/Ho_Chi_Minh] PHP Warning:  Undefined variable $baseUrl in C:\xampp\htdocs\bookstore\resources\views\layout\header.php on line 21
[30-Nov-2025 23:51:16 Asia/Ho_Chi_Minh] PHP Warning:  Undefined variable $appName in C:\xampp\htdocs\bookstore\resources\views\layout\header.php on line 23
[30-Nov-2025 23:51:16 Asia/Ho_Chi_Minh] PHP Deprecated:  htmlspecialchars(): Passing null to parameter #1 ($string) of type string is deprecated in C:\xampp\htdocs\bookstore\resources\views\layout\header.php on line 23
[30-Nov-2025 23:51:16 Asia/Ho_Chi_Minh] PHP Warning:  Undefined variable $baseUrl in C:\xampp\htdocs\bookstore\resources\views\layout\header.php on line 29
[30-Nov-2025 23:51:16 Asia/Ho_Chi_Minh] PHP Warning:  Undefined variable $baseUrl in C:\xampp\htdocs\bookstore\resources\views\layout\header.php on line 37
[30-Nov-2025 23:51:16 Asia/Ho_Chi_Minh] PHP Warning:  Undefined variable $baseUrl in C:\xampp\htdocs\bookstore\resources\views\layout\header.php on line 96
[30-Nov-2025 23:51:16 Asia/Ho_Chi_Minh] PHP Warning:  Undefined variable $baseUrl in C:\xampp\htdocs\bookstore\resources\views\layout\header.php on line 110
[30-Nov-2025 23:51:16 Asia/Ho_Chi_Minh] PHP Warning:  Undefined variable $baseUrl in C:\xampp\htdocs\bookstore\resources\views\layout\header.php on line 112
[30-Nov-2025 23:51:16 Asia/Ho_Chi_Minh] PHP Warning:  Undefined variable $baseUrl in C:\xampp\htdocs\bookstore\resources\views\layout\header.php on line 115
[30-Nov-2025 23:51:16 Asia/Ho_Chi_Minh] PHP Warning:  Undefined variable $baseUrl in C:\xampp\htdocs\bookstore\resources\views\layout\header.php on line 116
[30-Nov-2025 23:51:16 Asia/Ho_Chi_Minh] PHP Warning:  Undefined variable $baseUrl in C:\xampp\htdocs\bookstore\resources\views\layout\header.php on line 117
[30-Nov-2025 23:51:16 Asia/Ho_Chi_Minh] PHP Warning:  Undefined variable $baseUrl in C:\xampp\htdocs\bookstore\resources\views\layout\header.php on line 118
[30-Nov-2025 23:51:16 Asia/Ho_Chi_Minh] PHP Warning:  Undefined variable $baseUrl in C:\xampp\htdocs\bookstore\resources\views\layout\header.php on line 120
[30-Nov-2025 23:51:16 Asia/Ho_Chi_Minh] PHP Warning:  Undefined variable $baseUrl in C:\xampp\htdocs\bookstore\resources\views\layout\header.php on line 121
[30-Nov-2025 23:51:16 Asia/Ho_Chi_Minh] PHP Warning:  Undefined variable $baseUrl in C:\xampp\htdocs\bookstore\resources\views\layout\header.php on line 122
[30-Nov-2025 23:51:16 Asia/Ho_Chi_Minh] PHP Warning:  Undefined variable $baseUrl in C:\xampp\htdocs\bookstore\resources\views\layout\header.php on line 123
[30-Nov-2025 23:51:16 Asia/Ho_Chi_Minh] PHP Warning:  Undefined variable $baseUrl in C:\xampp\htdocs\bookstore\resources\views\layout\header.php on line 127
[30-Nov-2025 23:51:16 Asia/Ho_Chi_Minh] PHP Warning:  Undefined variable $baseUrl in C:\xampp\htdocs\bookstore\resources\views\layout\header.php on line 129
[30-Nov-2025 23:51:16 Asia/Ho_Chi_Minh] PHP Warning:  Undefined variable $baseUrl in C:\xampp\htdocs\bookstore\resources\views\layout\header.php on line 130
[30-Nov-2025 23:51:16 Asia/Ho_Chi_Minh] PHP Warning:  Undefined variable $baseUrl in C:\xampp\htdocs\bookstore\resources\views\layout\header.php on line 131
[30-Nov-2025 23:51:16 Asia/Ho_Chi_Minh] PHP Warning:  Undefined variable $baseUrl in C:\xampp\htdocs\bookstore\resources\views\layout\header.php on line 132
[30-Nov-2025 23:51:16 Asia/Ho_Chi_Minh] PHP Warning:  Undefined variable $baseUrl in C:\xampp\htdocs\bookstore\resources\views\layout\header.php on line 136
[30-Nov-2025 23:51:16 Asia/Ho_Chi_Minh] PHP Warning:  Undefined variable $baseUrl in C:\xampp\htdocs\bookstore\resources\views\layout\header.php on line 138
[30-Nov-2025 23:51:16 Asia/Ho_Chi_Minh] PHP Warning:  Undefined variable $baseUrl in C:\xampp\htdocs\bookstore\resources\views\layout\header.php on line 139
[30-Nov-2025 23:51:16 Asia/Ho_Chi_Minh] PHP Warning:  Undefined variable $baseUrl in C:\xampp\htdocs\bookstore\resources\views\layout\header.php on line 140
[30-Nov-2025 23:51:16 Asia/Ho_Chi_Minh] PHP Warning:  Undefined variable $baseUrl in C:\xampp\htdocs\bookstore\resources\views\layout\header.php on line 141
[30-Nov-2025 23:51:16 Asia/Ho_Chi_Minh] PHP Warning:  Undefined variable $baseUrl in C:\xampp\htdocs\bookstore\resources\views\layout\header.php on line 144
[30-Nov-2025 23:51:16 Asia/Ho_Chi_Minh] PHP Warning:  Undefined variable $baseUrl in C:\xampp\htdocs\bookstore\resources\views\layout\header.php on line 145
[30-Nov-2025 23:51:16 Asia/Ho_Chi_Minh] PHP Warning:  Undefined variable $baseUrl in C:\xampp\htdocs\bookstore\resources\views\layout\header.php on line 146
[30-Nov-2025 23:51:16 Asia/Ho_Chi_Minh] PHP Warning:  Undefined variable $baseUrl in C:\xampp\htdocs\bookstore\resources\views\layout\header.php on line 147
[30-Nov-2025 23:51:16 Asia/Ho_Chi_Minh] PHP Warning:  Undefined variable $appName in C:\xampp\htdocs\bookstore\resources\views\layout\footer.php on line 9
[30-Nov-2025 23:51:16 Asia/Ho_Chi_Minh] PHP Deprecated:  htmlspecialchars(): Passing null to parameter #1 ($string) of type string is deprecated in C:\xampp\htdocs\bookstore\resources\views\layout\footer.php on line 9
[30-Nov-2025 23:51:16 Asia/Ho_Chi_Minh] PHP Warning:  Undefined variable $baseUrl in C:\xampp\htdocs\bookstore\resources\views\layout\footer.php on line 21
[30-Nov-2025 23:51:16 Asia/Ho_Chi_Minh] PHP Warning:  Undefined variable $baseUrl in C:\xampp\htdocs\bookstore\resources\views\layout\footer.php on line 22
[30-Nov-2025 23:51:16 Asia/Ho_Chi_Minh] PHP Warning:  Undefined variable $baseUrl in C:\xampp\htdocs\bookstore\resources\views\layout\footer.php on line 23
[30-Nov-2025 23:51:16 Asia/Ho_Chi_Minh] PHP Warning:  Undefined variable $baseUrl in C:\xampp\htdocs\bookstore\resources\views\layout\footer.php on line 24
[30-Nov-2025 23:51:16 Asia/Ho_Chi_Minh] PHP Warning:  Undefined variable $baseUrl in C:\xampp\htdocs\bookstore\resources\views\layout\footer.php on line 25
[30-Nov-2025 23:51:16 Asia/Ho_Chi_Minh] PHP Warning:  Undefined variable $baseUrl in C:\xampp\htdocs\bookstore\resources\views\layout\footer.php on line 26
[30-Nov-2025 23:51:16 Asia/Ho_Chi_Minh] PHP Warning:  Undefined variable $baseUrl in C:\xampp\htdocs\bookstore\resources\views\layout\footer.php on line 27
[30-Nov-2025 23:51:16 Asia/Ho_Chi_Minh] PHP Warning:  Undefined variable $baseUrl in C:\xampp\htdocs\bookstore\resources\views\layout\footer.php on line 73
[30-Nov-2025 23:51:16 Asia/Ho_Chi_Minh] PHP Warning:  Undefined variable $appName in C:\xampp\htdocs\bookstore\resources\views\layout\footer.php on line 97
[30-Nov-2025 23:51:16 Asia/Ho_Chi_Minh] PHP Deprecated:  htmlspecialchars(): Passing null to parameter #1 ($string) of type string is deprecated in C:\xampp\htdocs\bookstore\resources\views\layout\footer.php on line 97
[30-Nov-2025 23:51:16 Asia/Ho_Chi_Minh] PHP Warning:  Undefined variable $baseUrl in C:\xampp\htdocs\bookstore\resources\views\layout\footer.php on line 100
[30-Nov-2025 23:51:16 Asia/Ho_Chi_Minh] PHP Warning:  Undefined variable $baseUrl in C:\xampp\htdocs\bookstore\resources\views\layout\footer.php on line 101
[30-Nov-2025 23:51:16 Asia/Ho_Chi_Minh] PHP Warning:  Undefined variable $baseUrl in C:\xampp\htdocs\bookstore\resources\views\layout\footer.php on line 102
[30-Nov-2025 23:51:16 Asia/Ho_Chi_Minh] PHP Warning:  Undefined variable $baseUrl in C:\xampp\htdocs\bookstore\resources\views\layout\footer.php on line 158
[30-Nov-2025 23:51:59 Asia/Ho_Chi_Minh] Database connection failed: SQLSTATE[HY000] [1049] Unknown database 'bookstore'
[30-Nov-2025 23:51:59 Asia/Ho_Chi_Minh] Database connection failed: SQLSTATE[HY000] [1049] Unknown database 'bookstore'
[30-Nov-2025 23:51:59 Asia/Ho_Chi_Minh] Database connection failed: SQLSTATE[HY000] [1049] Unknown database 'bookstore'
[30-Nov-2025 23:51:59 Asia/Ho_Chi_Minh] PHP Warning:  Undefined variable $baseUrl in C:\xampp\htdocs\bookstore\resources\views\pages\home.php on line 6
[30-Nov-2025 23:51:59 Asia/Ho_Chi_Minh] PHP Deprecated:  rtrim(): Passing null to parameter #1 ($string) of type string is deprecated in C:\xampp\htdocs\bookstore\resources\views\pages\home.php on line 6
[30-Nov-2025 23:51:59 Asia/Ho_Chi_Minh] PHP Warning:  Undefined variable $appName in C:\xampp\htdocs\bookstore\resources\views\pages\home.php on line 7
[30-Nov-2025 23:51:59 Asia/Ho_Chi_Minh] PHP Deprecated:  htmlspecialchars(): Passing null to parameter #1 ($string) of type string is deprecated in C:\xampp\htdocs\bookstore\resources\views\pages\home.php on line 7
[30-Nov-2025 23:51:59 Asia/Ho_Chi_Minh] PHP Warning:  Undefined variable $baseUrl in C:\xampp\htdocs\bookstore\resources\views\pages\home.php on line 10
[30-Nov-2025 23:51:59 Asia/Ho_Chi_Minh] PHP Warning:  Undefined variable $baseUrl in C:\xampp\htdocs\bookstore\resources\views\pages\home.php on line 11
[30-Nov-2025 23:51:59 Asia/Ho_Chi_Minh] PHP Warning:  Undefined variable $baseUrl in C:\xampp\htdocs\bookstore\resources\views\pages\home.php on line 18
[30-Nov-2025 23:51:59 Asia/Ho_Chi_Minh] PHP Warning:  Undefined variable $baseUrl in C:\xampp\htdocs\bookstore\resources\views\pages\home.php on line 22
[30-Nov-2025 23:51:59 Asia/Ho_Chi_Minh] PHP Warning:  Undefined variable $baseUrl in C:\xampp\htdocs\bookstore\resources\views\pages\home.php on line 171
[30-Nov-2025 23:51:59 Asia/Ho_Chi_Minh] PHP Warning:  Undefined variable $baseUrl in C:\xampp\htdocs\bookstore\resources\views\pages\home.php on line 186
[30-Nov-2025 23:51:59 Asia/Ho_Chi_Minh] PHP Warning:  Undefined variable $baseUrl in C:\xampp\htdocs\bookstore\resources\views\pages\home.php on line 201
[30-Nov-2025 23:51:59 Asia/Ho_Chi_Minh] PHP Warning:  Undefined variable $baseUrl in C:\xampp\htdocs\bookstore\resources\views\pages\home.php on line 233
[30-Nov-2025 23:51:59 Asia/Ho_Chi_Minh] PHP Warning:  Undefined variable $baseUrl in C:\xampp\htdocs\bookstore\resources\views\pages\home.php on line 234
[30-Nov-2025 23:51:59 Asia/Ho_Chi_Minh] PHP Warning:  Undefined variable $baseUrl in C:\xampp\htdocs\bookstore\resources\views\pages\home.php on line 235
[30-Nov-2025 23:51:59 Asia/Ho_Chi_Minh] PHP Warning:  Undefined variable $baseUrl in C:\xampp\htdocs\bookstore\resources\views\pages\home.php on line 236
[30-Nov-2025 23:51:59 Asia/Ho_Chi_Minh] PHP Warning:  Undefined variable $baseUrl in C:\xampp\htdocs\bookstore\resources\views\pages\home.php on line 237
[30-Nov-2025 23:51:59 Asia/Ho_Chi_Minh] PHP Warning:  Undefined variable $baseUrl in C:\xampp\htdocs\bookstore\resources\views\pages\home.php on line 238
[30-Nov-2025 23:51:59 Asia/Ho_Chi_Minh] PHP Warning:  Undefined variable $baseUrl in C:\xampp\htdocs\bookstore\resources\views\pages\home.php on line 239
[30-Nov-2025 23:51:59 Asia/Ho_Chi_Minh] PHP Warning:  Undefined variable $baseUrl in C:\xampp\htdocs\bookstore\resources\views\pages\home.php on line 240
[30-Nov-2025 23:51:59 Asia/Ho_Chi_Minh] PHP Warning:  Undefined variable $baseUrl in C:\xampp\htdocs\bookstore\resources\views\pages\home.php on line 241
[30-Nov-2025 23:51:59 Asia/Ho_Chi_Minh] PHP Warning:  Undefined variable $baseUrl in C:\xampp\htdocs\bookstore\resources\views\pages\home.php on line 242
[30-Nov-2025 23:51:59 Asia/Ho_Chi_Minh] PHP Warning:  Undefined variable $baseUrl in C:\xampp\htdocs\bookstore\resources\views\pages\home.php on line 249
[30-Nov-2025 23:51:59 Asia/Ho_Chi_Minh] PHP Warning:  Undefined variable $baseUrl in C:\xampp\htdocs\bookstore\resources\views\pages\home.php on line 266
[30-Nov-2025 23:51:59 Asia/Ho_Chi_Minh] PHP Warning:  Undefined variable $baseUrl in C:\xampp\htdocs\bookstore\resources\views\pages\home.php on line 428
[30-Nov-2025 23:51:59 Asia/Ho_Chi_Minh] PHP Warning:  Undefined variable $baseUrl in C:\xampp\htdocs\bookstore\resources\views\layout\header.php on line 7
[30-Nov-2025 23:51:59 Asia/Ho_Chi_Minh] PHP Deprecated:  rtrim(): Passing null to parameter #1 ($string) of type string is deprecated in C:\xampp\htdocs\bookstore\resources\views\layout\header.php on line 7
[30-Nov-2025 23:51:59 Asia/Ho_Chi_Minh] PHP Warning:  Undefined variable $appName in C:\xampp\htdocs\bookstore\resources\views\layout\header.php on line 8
[30-Nov-2025 23:51:59 Asia/Ho_Chi_Minh] PHP Warning:  Undefined variable $baseUrl in C:\xampp\htdocs\bookstore\resources\views\layout\header.php on line 9
[30-Nov-2025 23:51:59 Asia/Ho_Chi_Minh] PHP Warning:  Undefined variable $baseUrl in C:\xampp\htdocs\bookstore\resources\views\layout\header.php on line 11
[30-Nov-2025 23:51:59 Asia/Ho_Chi_Minh] PHP Warning:  Undefined variable $baseUrl in C:\xampp\htdocs\bookstore\resources\views\layout\header.php on line 21
[30-Nov-2025 23:51:59 Asia/Ho_Chi_Minh] PHP Warning:  Undefined variable $appName in C:\xampp\htdocs\bookstore\resources\views\layout\header.php on line 23
[30-Nov-2025 23:51:59 Asia/Ho_Chi_Minh] PHP Deprecated:  htmlspecialchars(): Passing null to parameter #1 ($string) of type string is deprecated in C:\xampp\htdocs\bookstore\resources\views\layout\header.php on line 23
[30-Nov-2025 23:51:59 Asia/Ho_Chi_Minh] PHP Warning:  Undefined variable $baseUrl in C:\xampp\htdocs\bookstore\resources\views\layout\header.php on line 29
[30-Nov-2025 23:51:59 Asia/Ho_Chi_Minh] PHP Warning:  Undefined variable $baseUrl in C:\xampp\htdocs\bookstore\resources\views\layout\header.php on line 37
[30-Nov-2025 23:51:59 Asia/Ho_Chi_Minh] PHP Warning:  Undefined variable $baseUrl in C:\xampp\htdocs\bookstore\resources\views\layout\header.php on line 96
[30-Nov-2025 23:51:59 Asia/Ho_Chi_Minh] PHP Warning:  Undefined variable $baseUrl in C:\xampp\htdocs\bookstore\resources\views\layout\header.php on line 110
[30-Nov-2025 23:51:59 Asia/Ho_Chi_Minh] PHP Warning:  Undefined variable $baseUrl in C:\xampp\htdocs\bookstore\resources\views\layout\header.php on line 112
[30-Nov-2025 23:51:59 Asia/Ho_Chi_Minh] PHP Warning:  Undefined variable $baseUrl in C:\xampp\htdocs\bookstore\resources\views\layout\header.php on line 115
[30-Nov-2025 23:51:59 Asia/Ho_Chi_Minh] PHP Warning:  Undefined variable $baseUrl in C:\xampp\htdocs\bookstore\resources\views\layout\header.php on line 116
[30-Nov-2025 23:51:59 Asia/Ho_Chi_Minh] PHP Warning:  Undefined variable $baseUrl in C:\xampp\htdocs\bookstore\resources\views\layout\header.php on line 117
[30-Nov-2025 23:51:59 Asia/Ho_Chi_Minh] PHP Warning:  Undefined variable $baseUrl in C:\xampp\htdocs\bookstore\resources\views\layout\header.php on line 118
[30-Nov-2025 23:51:59 Asia/Ho_Chi_Minh] PHP Warning:  Undefined variable $baseUrl in C:\xampp\htdocs\bookstore\resources\views\layout\header.php on line 120
[30-Nov-2025 23:51:59 Asia/Ho_Chi_Minh] PHP Warning:  Undefined variable $baseUrl in C:\xampp\htdocs\bookstore\resources\views\layout\header.php on line 121
[30-Nov-2025 23:51:59 Asia/Ho_Chi_Minh] PHP Warning:  Undefined variable $baseUrl in C:\xampp\htdocs\bookstore\resources\views\layout\header.php on line 122
[30-Nov-2025 23:51:59 Asia/Ho_Chi_Minh] PHP Warning:  Undefined variable $baseUrl in C:\xampp\htdocs\bookstore\resources\views\layout\header.php on line 123
[30-Nov-2025 23:51:59 Asia/Ho_Chi_Minh] PHP Warning:  Undefined variable $baseUrl in C:\xampp\htdocs\bookstore\resources\views\layout\header.php on line 127
[30-Nov-2025 23:51:59 Asia/Ho_Chi_Minh] PHP Warning:  Undefined variable $baseUrl in C:\xampp\htdocs\bookstore\resources\views\layout\header.php on line 129
[30-Nov-2025 23:51:59 Asia/Ho_Chi_Minh] PHP Warning:  Undefined variable $baseUrl in C:\xampp\htdocs\bookstore\resources\views\layout\header.php on line 130
[30-Nov-2025 23:51:59 Asia/Ho_Chi_Minh] PHP Warning:  Undefined variable $baseUrl in C:\xampp\htdocs\bookstore\resources\views\layout\header.php on line 131
[30-Nov-2025 23:51:59 Asia/Ho_Chi_Minh] PHP Warning:  Undefined variable $baseUrl in C:\xampp\htdocs\bookstore\resources\views\layout\header.php on line 132
[30-Nov-2025 23:51:59 Asia/Ho_Chi_Minh] PHP Warning:  Undefined variable $baseUrl in C:\xampp\htdocs\bookstore\resources\views\layout\header.php on line 136
[30-Nov-2025 23:51:59 Asia/Ho_Chi_Minh] PHP Warning:  Undefined variable $baseUrl in C:\xampp\htdocs\bookstore\resources\views\layout\header.php on line 138
[30-Nov-2025 23:51:59 Asia/Ho_Chi_Minh] PHP Warning:  Undefined variable $baseUrl in C:\xampp\htdocs\bookstore\resources\views\layout\header.php on line 139
[30-Nov-2025 23:51:59 Asia/Ho_Chi_Minh] PHP Warning:  Undefined variable $baseUrl in C:\xampp\htdocs\bookstore\resources\views\layout\header.php on line 140
[30-Nov-2025 23:51:59 Asia/Ho_Chi_Minh] PHP Warning:  Undefined variable $baseUrl in C:\xampp\htdocs\bookstore\resources\views\layout\header.php on line 141
[30-Nov-2025 23:51:59 Asia/Ho_Chi_Minh] PHP Warning:  Undefined variable $baseUrl in C:\xampp\htdocs\bookstore\resources\views\layout\header.php on line 144
[30-Nov-2025 23:51:59 Asia/Ho_Chi_Minh] PHP Warning:  Undefined variable $baseUrl in C:\xampp\htdocs\bookstore\resources\views\layout\header.php on line 145
[30-Nov-2025 23:51:59 Asia/Ho_Chi_Minh] PHP Warning:  Undefined variable $baseUrl in C:\xampp\htdocs\bookstore\resources\views\layout\header.php on line 146
[30-Nov-2025 23:51:59 Asia/Ho_Chi_Minh] PHP Warning:  Undefined variable $baseUrl in C:\xampp\htdocs\bookstore\resources\views\layout\header.php on line 147
[30-Nov-2025 23:51:59 Asia/Ho_Chi_Minh] PHP Warning:  Undefined variable $appName in C:\xampp\htdocs\bookstore\resources\views\layout\footer.php on line 9
[30-Nov-2025 23:51:59 Asia/Ho_Chi_Minh] PHP Deprecated:  htmlspecialchars(): Passing null to parameter #1 ($string) of type string is deprecated in C:\xampp\htdocs\bookstore\resources\views\layout\footer.php on line 9
[30-Nov-2025 23:51:59 Asia/Ho_Chi_Minh] PHP Warning:  Undefined variable $baseUrl in C:\xampp\htdocs\bookstore\resources\views\layout\footer.php on line 21
[30-Nov-2025 23:51:59 Asia/Ho_Chi_Minh] PHP Warning:  Undefined variable $baseUrl in C:\xampp\htdocs\bookstore\resources\views\layout\footer.php on line 22
[30-Nov-2025 23:51:59 Asia/Ho_Chi_Minh] PHP Warning:  Undefined variable $baseUrl in C:\xampp\htdocs\bookstore\resources\views\layout\footer.php on line 23
[30-Nov-2025 23:51:59 Asia/Ho_Chi_Minh] PHP Warning:  Undefined variable $baseUrl in C:\xampp\htdocs\bookstore\resources\views\layout\footer.php on line 24
[30-Nov-2025 23:51:59 Asia/Ho_Chi_Minh] PHP Warning:  Undefined variable $baseUrl in C:\xampp\htdocs\bookstore\resources\views\layout\footer.php on line 25
[30-Nov-2025 23:51:59 Asia/Ho_Chi_Minh] PHP Warning:  Undefined variable $baseUrl in C:\xampp\htdocs\bookstore\resources\views\layout\footer.php on line 26
[30-Nov-2025 23:51:59 Asia/Ho_Chi_Minh] PHP Warning:  Undefined variable $baseUrl in C:\xampp\htdocs\bookstore\resources\views\layout\footer.php on line 27
[30-Nov-2025 23:51:59 Asia/Ho_Chi_Minh] PHP Warning:  Undefined variable $baseUrl in C:\xampp\htdocs\bookstore\resources\views\layout\footer.php on line 73
[30-Nov-2025 23:51:59 Asia/Ho_Chi_Minh] PHP Warning:  Undefined variable $appName in C:\xampp\htdocs\bookstore\resources\views\layout\footer.php on line 97
[30-Nov-2025 23:51:59 Asia/Ho_Chi_Minh] PHP Deprecated:  htmlspecialchars(): Passing null to parameter #1 ($string) of type string is deprecated in C:\xampp\htdocs\bookstore\resources\views\layout\footer.php on line 97
[30-Nov-2025 23:51:59 Asia/Ho_Chi_Minh] PHP Warning:  Undefined variable $baseUrl in C:\xampp\htdocs\bookstore\resources\views\layout\footer.php on line 100
[30-Nov-2025 23:51:59 Asia/Ho_Chi_Minh] PHP Warning:  Undefined variable $baseUrl in C:\xampp\htdocs\bookstore\resources\views\layout\footer.php on line 101
[30-Nov-2025 23:51:59 Asia/Ho_Chi_Minh] PHP Warning:  Undefined variable $baseUrl in C:\xampp\htdocs\bookstore\resources\views\layout\footer.php on line 102
[30-Nov-2025 23:51:59 Asia/Ho_Chi_Minh] PHP Warning:  Undefined variable $baseUrl in C:\xampp\htdocs\bookstore\resources\views\layout\footer.php on line 158
[30-Nov-2025 23:51:59 Asia/Ho_Chi_Minh] Database connection failed: SQLSTATE[HY000] [1049] Unknown database 'bookstore'
[30-Nov-2025 23:51:59 Asia/Ho_Chi_Minh] Database connection failed: SQLSTATE[HY000] [1049] Unknown database 'bookstore'
[30-Nov-2025 23:51:59 Asia/Ho_Chi_Minh] Database connection failed: SQLSTATE[HY000] [1049] Unknown database 'bookstore'
[30-Nov-2025 23:51:59 Asia/Ho_Chi_Minh] PHP Warning:  Undefined variable $baseUrl in C:\xampp\htdocs\bookstore\resources\views\pages\home.php on line 6
[30-Nov-2025 23:51:59 Asia/Ho_Chi_Minh] PHP Deprecated:  rtrim(): Passing null to parameter #1 ($string) of type string is deprecated in C:\xampp\htdocs\bookstore\resources\views\pages\home.php on line 6
[30-Nov-2025 23:51:59 Asia/Ho_Chi_Minh] PHP Warning:  Undefined variable $appName in C:\xampp\htdocs\bookstore\resources\views\pages\home.php on line 7
[30-Nov-2025 23:51:59 Asia/Ho_Chi_Minh] PHP Deprecated:  htmlspecialchars(): Passing null to parameter #1 ($string) of type string is deprecated in C:\xampp\htdocs\bookstore\resources\views\pages\home.php on line 7
[30-Nov-2025 23:51:59 Asia/Ho_Chi_Minh] PHP Warning:  Undefined variable $baseUrl in C:\xampp\htdocs\bookstore\resources\views\pages\home.php on line 10
[30-Nov-2025 23:51:59 Asia/Ho_Chi_Minh] PHP Warning:  Undefined variable $baseUrl in C:\xampp\htdocs\bookstore\resources\views\pages\home.php on line 11
[30-Nov-2025 23:51:59 Asia/Ho_Chi_Minh] PHP Warning:  Undefined variable $baseUrl in C:\xampp\htdocs\bookstore\resources\views\pages\home.php on line 18
[30-Nov-2025 23:51:59 Asia/Ho_Chi_Minh] PHP Warning:  Undefined variable $baseUrl in C:\xampp\htdocs\bookstore\resources\views\pages\home.php on line 22
[30-Nov-2025 23:51:59 Asia/Ho_Chi_Minh] PHP Warning:  Undefined variable $baseUrl in C:\xampp\htdocs\bookstore\resources\views\pages\home.php on line 171
[30-Nov-2025 23:51:59 Asia/Ho_Chi_Minh] PHP Warning:  Undefined variable $baseUrl in C:\xampp\htdocs\bookstore\resources\views\pages\home.php on line 186
[30-Nov-2025 23:51:59 Asia/Ho_Chi_Minh] PHP Warning:  Undefined variable $baseUrl in C:\xampp\htdocs\bookstore\resources\views\pages\home.php on line 201
[30-Nov-2025 23:51:59 Asia/Ho_Chi_Minh] PHP Warning:  Undefined variable $baseUrl in C:\xampp\htdocs\bookstore\resources\views\pages\home.php on line 233
[30-Nov-2025 23:51:59 Asia/Ho_Chi_Minh] PHP Warning:  Undefined variable $baseUrl in C:\xampp\htdocs\bookstore\resources\views\pages\home.php on line 234
[30-Nov-2025 23:51:59 Asia/Ho_Chi_Minh] PHP Warning:  Undefined variable $baseUrl in C:\xampp\htdocs\bookstore\resources\views\pages\home.php on line 235
[30-Nov-2025 23:51:59 Asia/Ho_Chi_Minh] PHP Warning:  Undefined variable $baseUrl in C:\xampp\htdocs\bookstore\resources\views\pages\home.php on line 236
[30-Nov-2025 23:51:59 Asia/Ho_Chi_Minh] PHP Warning:  Undefined variable $baseUrl in C:\xampp\htdocs\bookstore\resources\views\pages\home.php on line 237
[30-Nov-2025 23:51:59 Asia/Ho_Chi_Minh] PHP Warning:  Undefined variable $baseUrl in C:\xampp\htdocs\bookstore\resources\views\pages\home.php on line 238
[30-Nov-2025 23:51:59 Asia/Ho_Chi_Minh] PHP Warning:  Undefined variable $baseUrl in C:\xampp\htdocs\bookstore\resources\views\pages\home.php on line 239
[30-Nov-2025 23:51:59 Asia/Ho_Chi_Minh] PHP Warning:  Undefined variable $baseUrl in C:\xampp\htdocs\bookstore\resources\views\pages\home.php on line 240
[30-Nov-2025 23:51:59 Asia/Ho_Chi_Minh] PHP Warning:  Undefined variable $baseUrl in C:\xampp\htdocs\bookstore\resources\views\pages\home.php on line 241
[30-Nov-2025 23:51:59 Asia/Ho_Chi_Minh] PHP Warning:  Undefined variable $baseUrl in C:\xampp\htdocs\bookstore\resources\views\pages\home.php on line 242
[30-Nov-2025 23:51:59 Asia/Ho_Chi_Minh] PHP Warning:  Undefined variable $baseUrl in C:\xampp\htdocs\bookstore\resources\views\pages\home.php on line 249
[30-Nov-2025 23:51:59 Asia/Ho_Chi_Minh] PHP Warning:  Undefined variable $baseUrl in C:\xampp\htdocs\bookstore\resources\views\pages\home.php on line 266
[30-Nov-2025 23:51:59 Asia/Ho_Chi_Minh] PHP Warning:  Undefined variable $baseUrl in C:\xampp\htdocs\bookstore\resources\views\pages\home.php on line 428
[30-Nov-2025 23:51:59 Asia/Ho_Chi_Minh] PHP Warning:  Undefined variable $baseUrl in C:\xampp\htdocs\bookstore\resources\views\layout\header.php on line 7
[30-Nov-2025 23:51:59 Asia/Ho_Chi_Minh] PHP Deprecated:  rtrim(): Passing null to parameter #1 ($string) of type string is deprecated in C:\xampp\htdocs\bookstore\resources\views\layout\header.php on line 7
[30-Nov-2025 23:51:59 Asia/Ho_Chi_Minh] PHP Warning:  Undefined variable $appName in C:\xampp\htdocs\bookstore\resources\views\layout\header.php on line 8
[30-Nov-2025 23:51:59 Asia/Ho_Chi_Minh] PHP Warning:  Undefined variable $baseUrl in C:\xampp\htdocs\bookstore\resources\views\layout\header.php on line 9
[30-Nov-2025 23:51:59 Asia/Ho_Chi_Minh] PHP Warning:  Undefined variable $baseUrl in C:\xampp\htdocs\bookstore\resources\views\layout\header.php on line 11
[30-Nov-2025 23:51:59 Asia/Ho_Chi_Minh] PHP Warning:  Undefined variable $baseUrl in C:\xampp\htdocs\bookstore\resources\views\layout\header.php on line 21
[30-Nov-2025 23:51:59 Asia/Ho_Chi_Minh] PHP Warning:  Undefined variable $appName in C:\xampp\htdocs\bookstore\resources\views\layout\header.php on line 23
[30-Nov-2025 23:51:59 Asia/Ho_Chi_Minh] PHP Deprecated:  htmlspecialchars(): Passing null to parameter #1 ($string) of type string is deprecated in C:\xampp\htdocs\bookstore\resources\views\layout\header.php on line 23
[30-Nov-2025 23:51:59 Asia/Ho_Chi_Minh] PHP Warning:  Undefined variable $baseUrl in C:\xampp\htdocs\bookstore\resources\views\layout\header.php on line 29
[30-Nov-2025 23:51:59 Asia/Ho_Chi_Minh] PHP Warning:  Undefined variable $baseUrl in C:\xampp\htdocs\bookstore\resources\views\layout\header.php on line 37
[30-Nov-2025 23:51:59 Asia/Ho_Chi_Minh] PHP Warning:  Undefined variable $baseUrl in C:\xampp\htdocs\bookstore\resources\views\layout\header.php on line 96
[30-Nov-2025 23:51:59 Asia/Ho_Chi_Minh] PHP Warning:  Undefined variable $baseUrl in C:\xampp\htdocs\bookstore\resources\views\layout\header.php on line 110
[30-Nov-2025 23:51:59 Asia/Ho_Chi_Minh] PHP Warning:  Undefined variable $baseUrl in C:\xampp\htdocs\bookstore\resources\views\layout\header.php on line 112
[30-Nov-2025 23:51:59 Asia/Ho_Chi_Minh] PHP Warning:  Undefined variable $baseUrl in C:\xampp\htdocs\bookstore\resources\views\layout\header.php on line 115
[30-Nov-2025 23:51:59 Asia/Ho_Chi_Minh] PHP Warning:  Undefined variable $baseUrl in C:\xampp\htdocs\bookstore\resources\views\layout\header.php on line 116
[30-Nov-2025 23:51:59 Asia/Ho_Chi_Minh] PHP Warning:  Undefined variable $baseUrl in C:\xampp\htdocs\bookstore\resources\views\layout\header.php on line 117
[30-Nov-2025 23:51:59 Asia/Ho_Chi_Minh] PHP Warning:  Undefined variable $baseUrl in C:\xampp\htdocs\bookstore\resources\views\layout\header.php on line 118
[30-Nov-2025 23:51:59 Asia/Ho_Chi_Minh] PHP Warning:  Undefined variable $baseUrl in C:\xampp\htdocs\bookstore\resources\views\layout\header.php on line 120
[30-Nov-2025 23:51:59 Asia/Ho_Chi_Minh] PHP Warning:  Undefined variable $baseUrl in C:\xampp\htdocs\bookstore\resources\views\layout\header.php on line 121
[30-Nov-2025 23:51:59 Asia/Ho_Chi_Minh] PHP Warning:  Undefined variable $baseUrl in C:\xampp\htdocs\bookstore\resources\views\layout\header.php on line 122
[30-Nov-2025 23:51:59 Asia/Ho_Chi_Minh] PHP Warning:  Undefined variable $baseUrl in C:\xampp\htdocs\bookstore\resources\views\layout\header.php on line 123
[30-Nov-2025 23:51:59 Asia/Ho_Chi_Minh] PHP Warning:  Undefined variable $baseUrl in C:\xampp\htdocs\bookstore\resources\views\layout\header.php on line 127
[30-Nov-2025 23:51:59 Asia/Ho_Chi_Minh] PHP Warning:  Undefined variable $baseUrl in C:\xampp\htdocs\bookstore\resources\views\layout\header.php on line 129
[30-Nov-2025 23:51:59 Asia/Ho_Chi_Minh] PHP Warning:  Undefined variable $baseUrl in C:\xampp\htdocs\bookstore\resources\views\layout\header.php on line 130
[30-Nov-2025 23:51:59 Asia/Ho_Chi_Minh] PHP Warning:  Undefined variable $baseUrl in C:\xampp\htdocs\bookstore\resources\views\layout\header.php on line 131
[30-Nov-2025 23:51:59 Asia/Ho_Chi_Minh] PHP Warning:  Undefined variable $baseUrl in C:\xampp\htdocs\bookstore\resources\views\layout\header.php on line 132
[30-Nov-2025 23:51:59 Asia/Ho_Chi_Minh] PHP Warning:  Undefined variable $baseUrl in C:\xampp\htdocs\bookstore\resources\views\layout\header.php on line 136
[30-Nov-2025 23:51:59 Asia/Ho_Chi_Minh] PHP Warning:  Undefined variable $baseUrl in C:\xampp\htdocs\bookstore\resources\views\layout\header.php on line 138
[30-Nov-2025 23:51:59 Asia/Ho_Chi_Minh] PHP Warning:  Undefined variable $baseUrl in C:\xampp\htdocs\bookstore\resources\views\layout\header.php on line 139
[30-Nov-2025 23:51:59 Asia/Ho_Chi_Minh] PHP Warning:  Undefined variable $baseUrl in C:\xampp\htdocs\bookstore\resources\views\layout\header.php on line 140
[30-Nov-2025 23:51:59 Asia/Ho_Chi_Minh] PHP Warning:  Undefined variable $baseUrl in C:\xampp\htdocs\bookstore\resources\views\layout\header.php on line 141
[30-Nov-2025 23:51:59 Asia/Ho_Chi_Minh] PHP Warning:  Undefined variable $baseUrl in C:\xampp\htdocs\bookstore\resources\views\layout\header.php on line 144
[30-Nov-2025 23:51:59 Asia/Ho_Chi_Minh] PHP Warning:  Undefined variable $baseUrl in C:\xampp\htdocs\bookstore\resources\views\layout\header.php on line 145
[30-Nov-2025 23:51:59 Asia/Ho_Chi_Minh] PHP Warning:  Undefined variable $baseUrl in C:\xampp\htdocs\bookstore\resources\views\layout\header.php on line 146
[30-Nov-2025 23:51:59 Asia/Ho_Chi_Minh] PHP Warning:  Undefined variable $baseUrl in C:\xampp\htdocs\bookstore\resources\views\layout\header.php on line 147
[30-Nov-2025 23:51:59 Asia/Ho_Chi_Minh] PHP Warning:  Undefined variable $appName in C:\xampp\htdocs\bookstore\resources\views\layout\footer.php on line 9
[30-Nov-2025 23:51:59 Asia/Ho_Chi_Minh] PHP Deprecated:  htmlspecialchars(): Passing null to parameter #1 ($string) of type string is deprecated in C:\xampp\htdocs\bookstore\resources\views\layout\footer.php on line 9
[30-Nov-2025 23:51:59 Asia/Ho_Chi_Minh] PHP Warning:  Undefined variable $baseUrl in C:\xampp\htdocs\bookstore\resources\views\layout\footer.php on line 21
[30-Nov-2025 23:51:59 Asia/Ho_Chi_Minh] PHP Warning:  Undefined variable $baseUrl in C:\xampp\htdocs\bookstore\resources\views\layout\footer.php on line 22
[30-Nov-2025 23:51:59 Asia/Ho_Chi_Minh] PHP Warning:  Undefined variable $baseUrl in C:\xampp\htdocs\bookstore\resources\views\layout\footer.php on line 23
[30-Nov-2025 23:51:59 Asia/Ho_Chi_Minh] PHP Warning:  Undefined variable $baseUrl in C:\xampp\htdocs\bookstore\resources\views\layout\footer.php on line 24
[30-Nov-2025 23:51:59 Asia/Ho_Chi_Minh] PHP Warning:  Undefined variable $baseUrl in C:\xampp\htdocs\bookstore\resources\views\layout\footer.php on line 25
[30-Nov-2025 23:51:59 Asia/Ho_Chi_Minh] PHP Warning:  Undefined variable $baseUrl in C:\xampp\htdocs\bookstore\resources\views\layout\footer.php on line 26
[30-Nov-2025 23:51:59 Asia/Ho_Chi_Minh] PHP Warning:  Undefined variable $baseUrl in C:\xampp\htdocs\bookstore\resources\views\layout\footer.php on line 27
[30-Nov-2025 23:51:59 Asia/Ho_Chi_Minh] PHP Warning:  Undefined variable $baseUrl in C:\xampp\htdocs\bookstore\resources\views\layout\footer.php on line 73
[30-Nov-2025 23:51:59 Asia/Ho_Chi_Minh] PHP Warning:  Undefined variable $appName in C:\xampp\htdocs\bookstore\resources\views\layout\footer.php on line 97
[30-Nov-2025 23:51:59 Asia/Ho_Chi_Minh] PHP Deprecated:  htmlspecialchars(): Passing null to parameter #1 ($string) of type string is deprecated in C:\xampp\htdocs\bookstore\resources\views\layout\footer.php on line 97
[30-Nov-2025 23:51:59 Asia/Ho_Chi_Minh] PHP Warning:  Undefined variable $baseUrl in C:\xampp\htdocs\bookstore\resources\views\layout\footer.php on line 100
[30-Nov-2025 23:51:59 Asia/Ho_Chi_Minh] PHP Warning:  Undefined variable $baseUrl in C:\xampp\htdocs\bookstore\resources\views\layout\footer.php on line 101
[30-Nov-2025 23:51:59 Asia/Ho_Chi_Minh] PHP Warning:  Undefined variable $baseUrl in C:\xampp\htdocs\bookstore\resources\views\layout\footer.php on line 102
[30-Nov-2025 23:51:59 Asia/Ho_Chi_Minh] PHP Warning:  Undefined variable $baseUrl in C:\xampp\htdocs\bookstore\resources\views\layout\footer.php on line 158
[30-Nov-2025 23:52:00 Asia/Ho_Chi_Minh] Database connection failed: SQLSTATE[HY000] [1049] Unknown database 'bookstore'
[30-Nov-2025 23:52:00 Asia/Ho_Chi_Minh] Database connection failed: SQLSTATE[HY000] [1049] Unknown database 'bookstore'
[30-Nov-2025 23:52:00 Asia/Ho_Chi_Minh] Database connection failed: SQLSTATE[HY000] [1049] Unknown database 'bookstore'
[30-Nov-2025 23:52:00 Asia/Ho_Chi_Minh] PHP Warning:  Undefined variable $baseUrl in C:\xampp\htdocs\bookstore\resources\views\pages\home.php on line 6
[30-Nov-2025 23:52:00 Asia/Ho_Chi_Minh] PHP Deprecated:  rtrim(): Passing null to parameter #1 ($string) of type string is deprecated in C:\xampp\htdocs\bookstore\resources\views\pages\home.php on line 6
[30-Nov-2025 23:52:00 Asia/Ho_Chi_Minh] PHP Warning:  Undefined variable $appName in C:\xampp\htdocs\bookstore\resources\views\pages\home.php on line 7
[30-Nov-2025 23:52:00 Asia/Ho_Chi_Minh] PHP Deprecated:  htmlspecialchars(): Passing null to parameter #1 ($string) of type string is deprecated in C:\xampp\htdocs\bookstore\resources\views\pages\home.php on line 7
[30-Nov-2025 23:52:00 Asia/Ho_Chi_Minh] PHP Warning:  Undefined variable $baseUrl in C:\xampp\htdocs\bookstore\resources\views\pages\home.php on line 10
[30-Nov-2025 23:52:00 Asia/Ho_Chi_Minh] PHP Warning:  Undefined variable $baseUrl in C:\xampp\htdocs\bookstore\resources\views\pages\home.php on line 11
[30-Nov-2025 23:52:00 Asia/Ho_Chi_Minh] PHP Warning:  Undefined variable $baseUrl in C:\xampp\htdocs\bookstore\resources\views\pages\home.php on line 18
[30-Nov-2025 23:52:00 Asia/Ho_Chi_Minh] PHP Warning:  Undefined variable $baseUrl in C:\xampp\htdocs\bookstore\resources\views\pages\home.php on line 22
[30-Nov-2025 23:52:00 Asia/Ho_Chi_Minh] PHP Warning:  Undefined variable $baseUrl in C:\xampp\htdocs\bookstore\resources\views\pages\home.php on line 171
[30-Nov-2025 23:52:00 Asia/Ho_Chi_Minh] PHP Warning:  Undefined variable $baseUrl in C:\xampp\htdocs\bookstore\resources\views\pages\home.php on line 186
[30-Nov-2025 23:52:00 Asia/Ho_Chi_Minh] PHP Warning:  Undefined variable $baseUrl in C:\xampp\htdocs\bookstore\resources\views\pages\home.php on line 201
[30-Nov-2025 23:52:00 Asia/Ho_Chi_Minh] PHP Warning:  Undefined variable $baseUrl in C:\xampp\htdocs\bookstore\resources\views\pages\home.php on line 233
[30-Nov-2025 23:52:00 Asia/Ho_Chi_Minh] PHP Warning:  Undefined variable $baseUrl in C:\xampp\htdocs\bookstore\resources\views\pages\home.php on line 234
[30-Nov-2025 23:52:00 Asia/Ho_Chi_Minh] PHP Warning:  Undefined variable $baseUrl in C:\xampp\htdocs\bookstore\resources\views\pages\home.php on line 235
[30-Nov-2025 23:52:00 Asia/Ho_Chi_Minh] PHP Warning:  Undefined variable $baseUrl in C:\xampp\htdocs\bookstore\resources\views\pages\home.php on line 236
[30-Nov-2025 23:52:00 Asia/Ho_Chi_Minh] PHP Warning:  Undefined variable $baseUrl in C:\xampp\htdocs\bookstore\resources\views\pages\home.php on line 237
[30-Nov-2025 23:52:00 Asia/Ho_Chi_Minh] PHP Warning:  Undefined variable $baseUrl in C:\xampp\htdocs\bookstore\resources\views\pages\home.php on line 238
[30-Nov-2025 23:52:00 Asia/Ho_Chi_Minh] PHP Warning:  Undefined variable $baseUrl in C:\xampp\htdocs\bookstore\resources\views\pages\home.php on line 239
[30-Nov-2025 23:52:00 Asia/Ho_Chi_Minh] PHP Warning:  Undefined variable $baseUrl in C:\xampp\htdocs\bookstore\resources\views\pages\home.php on line 240
[30-Nov-2025 23:52:00 Asia/Ho_Chi_Minh] PHP Warning:  Undefined variable $baseUrl in C:\xampp\htdocs\bookstore\resources\views\pages\home.php on line 241
[30-Nov-2025 23:52:00 Asia/Ho_Chi_Minh] PHP Warning:  Undefined variable $baseUrl in C:\xampp\htdocs\bookstore\resources\views\pages\home.php on line 242
[30-Nov-2025 23:52:00 Asia/Ho_Chi_Minh] PHP Warning:  Undefined variable $baseUrl in C:\xampp\htdocs\bookstore\resources\views\pages\home.php on line 249
[30-Nov-2025 23:52:00 Asia/Ho_Chi_Minh] PHP Warning:  Undefined variable $baseUrl in C:\xampp\htdocs\bookstore\resources\views\pages\home.php on line 266
[30-Nov-2025 23:52:00 Asia/Ho_Chi_Minh] PHP Warning:  Undefined variable $baseUrl in C:\xampp\htdocs\bookstore\resources\views\pages\home.php on line 428
[30-Nov-2025 23:52:00 Asia/Ho_Chi_Minh] PHP Warning:  Undefined variable $baseUrl in C:\xampp\htdocs\bookstore\resources\views\layout\header.php on line 7
[30-Nov-2025 23:52:00 Asia/Ho_Chi_Minh] PHP Deprecated:  rtrim(): Passing null to parameter #1 ($string) of type string is deprecated in C:\xampp\htdocs\bookstore\resources\views\layout\header.php on line 7
[30-Nov-2025 23:52:00 Asia/Ho_Chi_Minh] PHP Warning:  Undefined variable $appName in C:\xampp\htdocs\bookstore\resources\views\layout\header.php on line 8
[30-Nov-2025 23:52:00 Asia/Ho_Chi_Minh] PHP Warning:  Undefined variable $baseUrl in C:\xampp\htdocs\bookstore\resources\views\layout\header.php on line 9
[30-Nov-2025 23:52:00 Asia/Ho_Chi_Minh] PHP Warning:  Undefined variable $baseUrl in C:\xampp\htdocs\bookstore\resources\views\layout\header.php on line 11
[30-Nov-2025 23:52:00 Asia/Ho_Chi_Minh] PHP Warning:  Undefined variable $baseUrl in C:\xampp\htdocs\bookstore\resources\views\layout\header.php on line 21
[30-Nov-2025 23:52:00 Asia/Ho_Chi_Minh] PHP Warning:  Undefined variable $appName in C:\xampp\htdocs\bookstore\resources\views\layout\header.php on line 23
[30-Nov-2025 23:52:00 Asia/Ho_Chi_Minh] PHP Deprecated:  htmlspecialchars(): Passing null to parameter #1 ($string) of type string is deprecated in C:\xampp\htdocs\bookstore\resources\views\layout\header.php on line 23
[30-Nov-2025 23:52:00 Asia/Ho_Chi_Minh] PHP Warning:  Undefined variable $baseUrl in C:\xampp\htdocs\bookstore\resources\views\layout\header.php on line 29
[30-Nov-2025 23:52:00 Asia/Ho_Chi_Minh] PHP Warning:  Undefined variable $baseUrl in C:\xampp\htdocs\bookstore\resources\views\layout\header.php on line 37
[30-Nov-2025 23:52:00 Asia/Ho_Chi_Minh] PHP Warning:  Undefined variable $baseUrl in C:\xampp\htdocs\bookstore\resources\views\layout\header.php on line 96
[30-Nov-2025 23:52:00 Asia/Ho_Chi_Minh] PHP Warning:  Undefined variable $baseUrl in C:\xampp\htdocs\bookstore\resources\views\layout\header.php on line 110
[30-Nov-2025 23:52:00 Asia/Ho_Chi_Minh] PHP Warning:  Undefined variable $baseUrl in C:\xampp\htdocs\bookstore\resources\views\layout\header.php on line 112
[30-Nov-2025 23:52:00 Asia/Ho_Chi_Minh] PHP Warning:  Undefined variable $baseUrl in C:\xampp\htdocs\bookstore\resources\views\layout\header.php on line 115
[30-Nov-2025 23:52:00 Asia/Ho_Chi_Minh] PHP Warning:  Undefined variable $baseUrl in C:\xampp\htdocs\bookstore\resources\views\layout\header.php on line 116
[30-Nov-2025 23:52:00 Asia/Ho_Chi_Minh] PHP Warning:  Undefined variable $baseUrl in C:\xampp\htdocs\bookstore\resources\views\layout\header.php on line 117
[30-Nov-2025 23:52:00 Asia/Ho_Chi_Minh] PHP Warning:  Undefined variable $baseUrl in C:\xampp\htdocs\bookstore\resources\views\layout\header.php on line 118
[30-Nov-2025 23:52:00 Asia/Ho_Chi_Minh] PHP Warning:  Undefined variable $baseUrl in C:\xampp\htdocs\bookstore\resources\views\layout\header.php on line 120
[30-Nov-2025 23:52:00 Asia/Ho_Chi_Minh] PHP Warning:  Undefined variable $baseUrl in C:\xampp\htdocs\bookstore\resources\views\layout\header.php on line 121
[30-Nov-2025 23:52:00 Asia/Ho_Chi_Minh] PHP Warning:  Undefined variable $baseUrl in C:\xampp\htdocs\bookstore\resources\views\layout\header.php on line 122
[30-Nov-2025 23:52:00 Asia/Ho_Chi_Minh] PHP Warning:  Undefined variable $baseUrl in C:\xampp\htdocs\bookstore\resources\views\layout\header.php on line 123
[30-Nov-2025 23:52:00 Asia/Ho_Chi_Minh] PHP Warning:  Undefined variable $baseUrl in C:\xampp\htdocs\bookstore\resources\views\layout\header.php on line 127
[30-Nov-2025 23:52:00 Asia/Ho_Chi_Minh] PHP Warning:  Undefined variable $baseUrl in C:\xampp\htdocs\bookstore\resources\views\layout\header.php on line 129
[30-Nov-2025 23:52:00 Asia/Ho_Chi_Minh] PHP Warning:  Undefined variable $baseUrl in C:\xampp\htdocs\bookstore\resources\views\layout\header.php on line 130
[30-Nov-2025 23:52:00 Asia/Ho_Chi_Minh] PHP Warning:  Undefined variable $baseUrl in C:\xampp\htdocs\bookstore\resources\views\layout\header.php on line 131
[30-Nov-2025 23:52:00 Asia/Ho_Chi_Minh] PHP Warning:  Undefined variable $baseUrl in C:\xampp\htdocs\bookstore\resources\views\layout\header.php on line 132
[30-Nov-2025 23:52:00 Asia/Ho_Chi_Minh] PHP Warning:  Undefined variable $baseUrl in C:\xampp\htdocs\bookstore\resources\views\layout\header.php on line 136
[30-Nov-2025 23:52:00 Asia/Ho_Chi_Minh] PHP Warning:  Undefined variable $baseUrl in C:\xampp\htdocs\bookstore\resources\views\layout\header.php on line 138
[30-Nov-2025 23:52:00 Asia/Ho_Chi_Minh] PHP Warning:  Undefined variable $baseUrl in C:\xampp\htdocs\bookstore\resources\views\layout\header.php on line 139
[30-Nov-2025 23:52:00 Asia/Ho_Chi_Minh] PHP Warning:  Undefined variable $baseUrl in C:\xampp\htdocs\bookstore\resources\views\layout\header.php on line 140
[30-Nov-2025 23:52:00 Asia/Ho_Chi_Minh] PHP Warning:  Undefined variable $baseUrl in C:\xampp\htdocs\bookstore\resources\views\layout\header.php on line 141
[30-Nov-2025 23:52:00 Asia/Ho_Chi_Minh] PHP Warning:  Undefined variable $baseUrl in C:\xampp\htdocs\bookstore\resources\views\layout\header.php on line 144
[30-Nov-2025 23:52:00 Asia/Ho_Chi_Minh] PHP Warning:  Undefined variable $baseUrl in C:\xampp\htdocs\bookstore\resources\views\layout\header.php on line 145
[30-Nov-2025 23:52:00 Asia/Ho_Chi_Minh] PHP Warning:  Undefined variable $baseUrl in C:\xampp\htdocs\bookstore\resources\views\layout\header.php on line 146
[30-Nov-2025 23:52:00 Asia/Ho_Chi_Minh] PHP Warning:  Undefined variable $baseUrl in C:\xampp\htdocs\bookstore\resources\views\layout\header.php on line 147
[30-Nov-2025 23:52:00 Asia/Ho_Chi_Minh] PHP Warning:  Undefined variable $appName in C:\xampp\htdocs\bookstore\resources\views\layout\footer.php on line 9
[30-Nov-2025 23:52:00 Asia/Ho_Chi_Minh] PHP Deprecated:  htmlspecialchars(): Passing null to parameter #1 ($string) of type string is deprecated in C:\xampp\htdocs\bookstore\resources\views\layout\footer.php on line 9
[30-Nov-2025 23:52:00 Asia/Ho_Chi_Minh] PHP Warning:  Undefined variable $baseUrl in C:\xampp\htdocs\bookstore\resources\views\layout\footer.php on line 21
[30-Nov-2025 23:52:00 Asia/Ho_Chi_Minh] PHP Warning:  Undefined variable $baseUrl in C:\xampp\htdocs\bookstore\resources\views\layout\footer.php on line 22
[30-Nov-2025 23:52:00 Asia/Ho_Chi_Minh] PHP Warning:  Undefined variable $baseUrl in C:\xampp\htdocs\bookstore\resources\views\layout\footer.php on line 23
[30-Nov-2025 23:52:00 Asia/Ho_Chi_Minh] PHP Warning:  Undefined variable $baseUrl in C:\xampp\htdocs\bookstore\resources\views\layout\footer.php on line 24
[30-Nov-2025 23:52:00 Asia/Ho_Chi_Minh] PHP Warning:  Undefined variable $baseUrl in C:\xampp\htdocs\bookstore\resources\views\layout\footer.php on line 25
[30-Nov-2025 23:52:00 Asia/Ho_Chi_Minh] PHP Warning:  Undefined variable $baseUrl in C:\xampp\htdocs\bookstore\resources\views\layout\footer.php on line 26
[30-Nov-2025 23:52:00 Asia/Ho_Chi_Minh] PHP Warning:  Undefined variable $baseUrl in C:\xampp\htdocs\bookstore\resources\views\layout\footer.php on line 27
[30-Nov-2025 23:52:00 Asia/Ho_Chi_Minh] PHP Warning:  Undefined variable $baseUrl in C:\xampp\htdocs\bookstore\resources\views\layout\footer.php on line 73
[30-Nov-2025 23:52:00 Asia/Ho_Chi_Minh] PHP Warning:  Undefined variable $appName in C:\xampp\htdocs\bookstore\resources\views\layout\footer.php on line 97
[30-Nov-2025 23:52:00 Asia/Ho_Chi_Minh] PHP Deprecated:  htmlspecialchars(): Passing null to parameter #1 ($string) of type string is deprecated in C:\xampp\htdocs\bookstore\resources\views\layout\footer.php on line 97
[30-Nov-2025 23:52:00 Asia/Ho_Chi_Minh] PHP Warning:  Undefined variable $baseUrl in C:\xampp\htdocs\bookstore\resources\views\layout\footer.php on line 100
[30-Nov-2025 23:52:00 Asia/Ho_Chi_Minh] PHP Warning:  Undefined variable $baseUrl in C:\xampp\htdocs\bookstore\resources\views\layout\footer.php on line 101
[30-Nov-2025 23:52:00 Asia/Ho_Chi_Minh] PHP Warning:  Undefined variable $baseUrl in C:\xampp\htdocs\bookstore\resources\views\layout\footer.php on line 102
[30-Nov-2025 23:52:00 Asia/Ho_Chi_Minh] PHP Warning:  Undefined variable $baseUrl in C:\xampp\htdocs\bookstore\resources\views\layout\footer.php on line 158
[30-Nov-2025 23:53:33 Asia/Ho_Chi_Minh] Database connection failed: SQLSTATE[HY000] [1049] Unknown database 'bookstore'
[30-Nov-2025 23:53:33 Asia/Ho_Chi_Minh] Database connection failed: SQLSTATE[HY000] [1049] Unknown database 'bookstore'
[30-Nov-2025 23:53:33 Asia/Ho_Chi_Minh] Database connection failed: SQLSTATE[HY000] [1049] Unknown database 'bookstore'
[30-Nov-2025 23:53:33 Asia/Ho_Chi_Minh] PHP Warning:  Undefined variable $baseUrl in C:\xampp\htdocs\bookstore\resources\views\pages\home.php on line 6
[30-Nov-2025 23:53:33 Asia/Ho_Chi_Minh] PHP Deprecated:  rtrim(): Passing null to parameter #1 ($string) of type string is deprecated in C:\xampp\htdocs\bookstore\resources\views\pages\home.php on line 6
[30-Nov-2025 23:53:33 Asia/Ho_Chi_Minh] PHP Warning:  Undefined variable $appName in C:\xampp\htdocs\bookstore\resources\views\pages\home.php on line 7
[30-Nov-2025 23:53:33 Asia/Ho_Chi_Minh] PHP Deprecated:  htmlspecialchars(): Passing null to parameter #1 ($string) of type string is deprecated in C:\xampp\htdocs\bookstore\resources\views\pages\home.php on line 7
[30-Nov-2025 23:53:33 Asia/Ho_Chi_Minh] PHP Warning:  Undefined variable $baseUrl in C:\xampp\htdocs\bookstore\resources\views\pages\home.php on line 10
[30-Nov-2025 23:53:33 Asia/Ho_Chi_Minh] PHP Warning:  Undefined variable $baseUrl in C:\xampp\htdocs\bookstore\resources\views\pages\home.php on line 11
[30-Nov-2025 23:53:33 Asia/Ho_Chi_Minh] PHP Warning:  Undefined variable $baseUrl in C:\xampp\htdocs\bookstore\resources\views\pages\home.php on line 18
[30-Nov-2025 23:53:33 Asia/Ho_Chi_Minh] PHP Warning:  Undefined variable $baseUrl in C:\xampp\htdocs\bookstore\resources\views\pages\home.php on line 22
[30-Nov-2025 23:53:33 Asia/Ho_Chi_Minh] PHP Warning:  Undefined variable $baseUrl in C:\xampp\htdocs\bookstore\resources\views\pages\home.php on line 171
[30-Nov-2025 23:53:33 Asia/Ho_Chi_Minh] PHP Warning:  Undefined variable $baseUrl in C:\xampp\htdocs\bookstore\resources\views\pages\home.php on line 186
[30-Nov-2025 23:53:33 Asia/Ho_Chi_Minh] PHP Warning:  Undefined variable $baseUrl in C:\xampp\htdocs\bookstore\resources\views\pages\home.php on line 201
[30-Nov-2025 23:53:33 Asia/Ho_Chi_Minh] PHP Warning:  Undefined variable $baseUrl in C:\xampp\htdocs\bookstore\resources\views\pages\home.php on line 233
[30-Nov-2025 23:53:33 Asia/Ho_Chi_Minh] PHP Warning:  Undefined variable $baseUrl in C:\xampp\htdocs\bookstore\resources\views\pages\home.php on line 234
[30-Nov-2025 23:53:33 Asia/Ho_Chi_Minh] PHP Warning:  Undefined variable $baseUrl in C:\xampp\htdocs\bookstore\resources\views\pages\home.php on line 235
[30-Nov-2025 23:53:33 Asia/Ho_Chi_Minh] PHP Warning:  Undefined variable $baseUrl in C:\xampp\htdocs\bookstore\resources\views\pages\home.php on line 236
[30-Nov-2025 23:53:33 Asia/Ho_Chi_Minh] PHP Warning:  Undefined variable $baseUrl in C:\xampp\htdocs\bookstore\resources\views\pages\home.php on line 237
[30-Nov-2025 23:53:33 Asia/Ho_Chi_Minh] PHP Warning:  Undefined variable $baseUrl in C:\xampp\htdocs\bookstore\resources\views\pages\home.php on line 238
[30-Nov-2025 23:53:33 Asia/Ho_Chi_Minh] PHP Warning:  Undefined variable $baseUrl in C:\xampp\htdocs\bookstore\resources\views\pages\home.php on line 239
[30-Nov-2025 23:53:33 Asia/Ho_Chi_Minh] PHP Warning:  Undefined variable $baseUrl in C:\xampp\htdocs\bookstore\resources\views\pages\home.php on line 240
[30-Nov-2025 23:53:33 Asia/Ho_Chi_Minh] PHP Warning:  Undefined variable $baseUrl in C:\xampp\htdocs\bookstore\resources\views\pages\home.php on line 241
[30-Nov-2025 23:53:33 Asia/Ho_Chi_Minh] PHP Warning:  Undefined variable $baseUrl in C:\xampp\htdocs\bookstore\resources\views\pages\home.php on line 242
[30-Nov-2025 23:53:33 Asia/Ho_Chi_Minh] PHP Warning:  Undefined variable $baseUrl in C:\xampp\htdocs\bookstore\resources\views\pages\home.php on line 249
[30-Nov-2025 23:53:33 Asia/Ho_Chi_Minh] PHP Warning:  Undefined variable $baseUrl in C:\xampp\htdocs\bookstore\resources\views\pages\home.php on line 266
[30-Nov-2025 23:53:33 Asia/Ho_Chi_Minh] PHP Warning:  Undefined variable $baseUrl in C:\xampp\htdocs\bookstore\resources\views\pages\home.php on line 428
[30-Nov-2025 23:53:33 Asia/Ho_Chi_Minh] PHP Warning:  Undefined variable $baseUrl in C:\xampp\htdocs\bookstore\resources\views\layout\header.php on line 7
[30-Nov-2025 23:53:33 Asia/Ho_Chi_Minh] PHP Deprecated:  rtrim(): Passing null to parameter #1 ($string) of type string is deprecated in C:\xampp\htdocs\bookstore\resources\views\layout\header.php on line 7
[30-Nov-2025 23:53:33 Asia/Ho_Chi_Minh] PHP Warning:  Undefined variable $appName in C:\xampp\htdocs\bookstore\resources\views\layout\header.php on line 8
[30-Nov-2025 23:53:33 Asia/Ho_Chi_Minh] PHP Warning:  Undefined variable $baseUrl in C:\xampp\htdocs\bookstore\resources\views\layout\header.php on line 9
[30-Nov-2025 23:53:33 Asia/Ho_Chi_Minh] PHP Warning:  Undefined variable $baseUrl in C:\xampp\htdocs\bookstore\resources\views\layout\header.php on line 11
[30-Nov-2025 23:53:33 Asia/Ho_Chi_Minh] PHP Warning:  Undefined variable $baseUrl in C:\xampp\htdocs\bookstore\resources\views\layout\header.php on line 21
[30-Nov-2025 23:53:33 Asia/Ho_Chi_Minh] PHP Warning:  Undefined variable $appName in C:\xampp\htdocs\bookstore\resources\views\layout\header.php on line 23
[30-Nov-2025 23:53:33 Asia/Ho_Chi_Minh] PHP Deprecated:  htmlspecialchars(): Passing null to parameter #1 ($string) of type string is deprecated in C:\xampp\htdocs\bookstore\resources\views\layout\header.php on line 23
[30-Nov-2025 23:53:33 Asia/Ho_Chi_Minh] PHP Warning:  Undefined variable $baseUrl in C:\xampp\htdocs\bookstore\resources\views\layout\header.php on line 29
[30-Nov-2025 23:53:33 Asia/Ho_Chi_Minh] PHP Warning:  Undefined variable $baseUrl in C:\xampp\htdocs\bookstore\resources\views\layout\header.php on line 37
[30-Nov-2025 23:53:33 Asia/Ho_Chi_Minh] PHP Warning:  Undefined variable $baseUrl in C:\xampp\htdocs\bookstore\resources\views\layout\header.php on line 96
[30-Nov-2025 23:53:33 Asia/Ho_Chi_Minh] PHP Warning:  Undefined variable $baseUrl in C:\xampp\htdocs\bookstore\resources\views\layout\header.php on line 110
[30-Nov-2025 23:53:33 Asia/Ho_Chi_Minh] PHP Warning:  Undefined variable $baseUrl in C:\xampp\htdocs\bookstore\resources\views\layout\header.php on line 112
[30-Nov-2025 23:53:33 Asia/Ho_Chi_Minh] PHP Warning:  Undefined variable $baseUrl in C:\xampp\htdocs\bookstore\resources\views\layout\header.php on line 115
[30-Nov-2025 23:53:33 Asia/Ho_Chi_Minh] PHP Warning:  Undefined variable $baseUrl in C:\xampp\htdocs\bookstore\resources\views\layout\header.php on line 116
[30-Nov-2025 23:53:33 Asia/Ho_Chi_Minh] PHP Warning:  Undefined variable $baseUrl in C:\xampp\htdocs\bookstore\resources\views\layout\header.php on line 117
[30-Nov-2025 23:53:33 Asia/Ho_Chi_Minh] PHP Warning:  Undefined variable $baseUrl in C:\xampp\htdocs\bookstore\resources\views\layout\header.php on line 118
[30-Nov-2025 23:53:33 Asia/Ho_Chi_Minh] PHP Warning:  Undefined variable $baseUrl in C:\xampp\htdocs\bookstore\resources\views\layout\header.php on line 120
[30-Nov-2025 23:53:33 Asia/Ho_Chi_Minh] PHP Warning:  Undefined variable $baseUrl in C:\xampp\htdocs\bookstore\resources\views\layout\header.php on line 121
[30-Nov-2025 23:53:33 Asia/Ho_Chi_Minh] PHP Warning:  Undefined variable $baseUrl in C:\xampp\htdocs\bookstore\resources\views\layout\header.php on line 122
[30-Nov-2025 23:53:33 Asia/Ho_Chi_Minh] PHP Warning:  Undefined variable $baseUrl in C:\xampp\htdocs\bookstore\resources\views\layout\header.php on line 123
[30-Nov-2025 23:53:33 Asia/Ho_Chi_Minh] PHP Warning:  Undefined variable $baseUrl in C:\xampp\htdocs\bookstore\resources\views\layout\header.php on line 127
[30-Nov-2025 23:53:33 Asia/Ho_Chi_Minh] PHP Warning:  Undefined variable $baseUrl in C:\xampp\htdocs\bookstore\resources\views\layout\header.php on line 129
[30-Nov-2025 23:53:33 Asia/Ho_Chi_Minh] PHP Warning:  Undefined variable $baseUrl in C:\xampp\htdocs\bookstore\resources\views\layout\header.php on line 130
[30-Nov-2025 23:53:33 Asia/Ho_Chi_Minh] PHP Warning:  Undefined variable $baseUrl in C:\xampp\htdocs\bookstore\resources\views\layout\header.php on line 131
[30-Nov-2025 23:53:33 Asia/Ho_Chi_Minh] PHP Warning:  Undefined variable $baseUrl in C:\xampp\htdocs\bookstore\resources\views\layout\header.php on line 132
[30-Nov-2025 23:53:33 Asia/Ho_Chi_Minh] PHP Warning:  Undefined variable $baseUrl in C:\xampp\htdocs\bookstore\resources\views\layout\header.php on line 136
[30-Nov-2025 23:53:33 Asia/Ho_Chi_Minh] PHP Warning:  Undefined variable $baseUrl in C:\xampp\htdocs\bookstore\resources\views\layout\header.php on line 138
[30-Nov-2025 23:53:33 Asia/Ho_Chi_Minh] PHP Warning:  Undefined variable $baseUrl in C:\xampp\htdocs\bookstore\resources\views\layout\header.php on line 139
[30-Nov-2025 23:53:33 Asia/Ho_Chi_Minh] PHP Warning:  Undefined variable $baseUrl in C:\xampp\htdocs\bookstore\resources\views\layout\header.php on line 140
[30-Nov-2025 23:53:33 Asia/Ho_Chi_Minh] PHP Warning:  Undefined variable $baseUrl in C:\xampp\htdocs\bookstore\resources\views\layout\header.php on line 141
[30-Nov-2025 23:53:33 Asia/Ho_Chi_Minh] PHP Warning:  Undefined variable $baseUrl in C:\xampp\htdocs\bookstore\resources\views\layout\header.php on line 144
[30-Nov-2025 23:53:33 Asia/Ho_Chi_Minh] PHP Warning:  Undefined variable $baseUrl in C:\xampp\htdocs\bookstore\resources\views\layout\header.php on line 145
[30-Nov-2025 23:53:33 Asia/Ho_Chi_Minh] PHP Warning:  Undefined variable $baseUrl in C:\xampp\htdocs\bookstore\resources\views\layout\header.php on line 146
[30-Nov-2025 23:53:33 Asia/Ho_Chi_Minh] PHP Warning:  Undefined variable $baseUrl in C:\xampp\htdocs\bookstore\resources\views\layout\header.php on line 147
[30-Nov-2025 23:53:33 Asia/Ho_Chi_Minh] PHP Warning:  Undefined variable $appName in C:\xampp\htdocs\bookstore\resources\views\layout\footer.php on line 9
[30-Nov-2025 23:53:33 Asia/Ho_Chi_Minh] PHP Deprecated:  htmlspecialchars(): Passing null to parameter #1 ($string) of type string is deprecated in C:\xampp\htdocs\bookstore\resources\views\layout\footer.php on line 9
[30-Nov-2025 23:53:33 Asia/Ho_Chi_Minh] PHP Warning:  Undefined variable $baseUrl in C:\xampp\htdocs\bookstore\resources\views\layout\footer.php on line 21
[30-Nov-2025 23:53:33 Asia/Ho_Chi_Minh] PHP Warning:  Undefined variable $baseUrl in C:\xampp\htdocs\bookstore\resources\views\layout\footer.php on line 22
[30-Nov-2025 23:53:33 Asia/Ho_Chi_Minh] PHP Warning:  Undefined variable $baseUrl in C:\xampp\htdocs\bookstore\resources\views\layout\footer.php on line 23
[30-Nov-2025 23:53:33 Asia/Ho_Chi_Minh] PHP Warning:  Undefined variable $baseUrl in C:\xampp\htdocs\bookstore\resources\views\layout\footer.php on line 24
[30-Nov-2025 23:53:33 Asia/Ho_Chi_Minh] PHP Warning:  Undefined variable $baseUrl in C:\xampp\htdocs\bookstore\resources\views\layout\footer.php on line 25
[30-Nov-2025 23:53:33 Asia/Ho_Chi_Minh] PHP Warning:  Undefined variable $baseUrl in C:\xampp\htdocs\bookstore\resources\views\layout\footer.php on line 26
[30-Nov-2025 23:53:33 Asia/Ho_Chi_Minh] PHP Warning:  Undefined variable $baseUrl in C:\xampp\htdocs\bookstore\resources\views\layout\footer.php on line 27
[30-Nov-2025 23:53:33 Asia/Ho_Chi_Minh] PHP Warning:  Undefined variable $baseUrl in C:\xampp\htdocs\bookstore\resources\views\layout\footer.php on line 73
[30-Nov-2025 23:53:33 Asia/Ho_Chi_Minh] PHP Warning:  Undefined variable $appName in C:\xampp\htdocs\bookstore\resources\views\layout\footer.php on line 97
[30-Nov-2025 23:53:33 Asia/Ho_Chi_Minh] PHP Deprecated:  htmlspecialchars(): Passing null to parameter #1 ($string) of type string is deprecated in C:\xampp\htdocs\bookstore\resources\views\layout\footer.php on line 97
[30-Nov-2025 23:53:33 Asia/Ho_Chi_Minh] PHP Warning:  Undefined variable $baseUrl in C:\xampp\htdocs\bookstore\resources\views\layout\footer.php on line 100
[30-Nov-2025 23:53:33 Asia/Ho_Chi_Minh] PHP Warning:  Undefined variable $baseUrl in C:\xampp\htdocs\bookstore\resources\views\layout\footer.php on line 101
[30-Nov-2025 23:53:33 Asia/Ho_Chi_Minh] PHP Warning:  Undefined variable $baseUrl in C:\xampp\htdocs\bookstore\resources\views\layout\footer.php on line 102
[30-Nov-2025 23:53:33 Asia/Ho_Chi_Minh] PHP Warning:  Undefined variable $baseUrl in C:\xampp\htdocs\bookstore\resources\views\layout\footer.php on line 158
[30-Nov-2025 23:53:33 Asia/Ho_Chi_Minh] Database connection failed: SQLSTATE[HY000] [1049] Unknown database 'bookstore'
[30-Nov-2025 23:53:33 Asia/Ho_Chi_Minh] Database connection failed: SQLSTATE[HY000] [1049] Unknown database 'bookstore'
[30-Nov-2025 23:53:33 Asia/Ho_Chi_Minh] Database connection failed: SQLSTATE[HY000] [1049] Unknown database 'bookstore'
[30-Nov-2025 23:53:33 Asia/Ho_Chi_Minh] PHP Warning:  Undefined variable $baseUrl in C:\xampp\htdocs\bookstore\resources\views\pages\home.php on line 6
[30-Nov-2025 23:53:33 Asia/Ho_Chi_Minh] PHP Deprecated:  rtrim(): Passing null to parameter #1 ($string) of type string is deprecated in C:\xampp\htdocs\bookstore\resources\views\pages\home.php on line 6
[30-Nov-2025 23:53:33 Asia/Ho_Chi_Minh] PHP Warning:  Undefined variable $appName in C:\xampp\htdocs\bookstore\resources\views\pages\home.php on line 7
[30-Nov-2025 23:53:33 Asia/Ho_Chi_Minh] PHP Deprecated:  htmlspecialchars(): Passing null to parameter #1 ($string) of type string is deprecated in C:\xampp\htdocs\bookstore\resources\views\pages\home.php on line 7
[30-Nov-2025 23:53:33 Asia/Ho_Chi_Minh] PHP Warning:  Undefined variable $baseUrl in C:\xampp\htdocs\bookstore\resources\views\pages\home.php on line 10
[30-Nov-2025 23:53:33 Asia/Ho_Chi_Minh] PHP Warning:  Undefined variable $baseUrl in C:\xampp\htdocs\bookstore\resources\views\pages\home.php on line 11
[30-Nov-2025 23:53:33 Asia/Ho_Chi_Minh] PHP Warning:  Undefined variable $baseUrl in C:\xampp\htdocs\bookstore\resources\views\pages\home.php on line 18
[30-Nov-2025 23:53:33 Asia/Ho_Chi_Minh] PHP Warning:  Undefined variable $baseUrl in C:\xampp\htdocs\bookstore\resources\views\pages\home.php on line 22
[30-Nov-2025 23:53:33 Asia/Ho_Chi_Minh] PHP Warning:  Undefined variable $baseUrl in C:\xampp\htdocs\bookstore\resources\views\pages\home.php on line 171
[30-Nov-2025 23:53:33 Asia/Ho_Chi_Minh] PHP Warning:  Undefined variable $baseUrl in C:\xampp\htdocs\bookstore\resources\views\pages\home.php on line 186
[30-Nov-2025 23:53:33 Asia/Ho_Chi_Minh] PHP Warning:  Undefined variable $baseUrl in C:\xampp\htdocs\bookstore\resources\views\pages\home.php on line 201
[30-Nov-2025 23:53:33 Asia/Ho_Chi_Minh] PHP Warning:  Undefined variable $baseUrl in C:\xampp\htdocs\bookstore\resources\views\pages\home.php on line 233
[30-Nov-2025 23:53:33 Asia/Ho_Chi_Minh] PHP Warning:  Undefined variable $baseUrl in C:\xampp\htdocs\bookstore\resources\views\pages\home.php on line 234
[30-Nov-2025 23:53:33 Asia/Ho_Chi_Minh] PHP Warning:  Undefined variable $baseUrl in C:\xampp\htdocs\bookstore\resources\views\pages\home.php on line 235
[30-Nov-2025 23:53:33 Asia/Ho_Chi_Minh] PHP Warning:  Undefined variable $baseUrl in C:\xampp\htdocs\bookstore\resources\views\pages\home.php on line 236
[30-Nov-2025 23:53:33 Asia/Ho_Chi_Minh] PHP Warning:  Undefined variable $baseUrl in C:\xampp\htdocs\bookstore\resources\views\pages\home.php on line 237
[30-Nov-2025 23:53:33 Asia/Ho_Chi_Minh] PHP Warning:  Undefined variable $baseUrl in C:\xampp\htdocs\bookstore\resources\views\pages\home.php on line 238
[30-Nov-2025 23:53:33 Asia/Ho_Chi_Minh] PHP Warning:  Undefined variable $baseUrl in C:\xampp\htdocs\bookstore\resources\views\pages\home.php on line 239
[30-Nov-2025 23:53:33 Asia/Ho_Chi_Minh] PHP Warning:  Undefined variable $baseUrl in C:\xampp\htdocs\bookstore\resources\views\pages\home.php on line 240
[30-Nov-2025 23:53:33 Asia/Ho_Chi_Minh] PHP Warning:  Undefined variable $baseUrl in C:\xampp\htdocs\bookstore\resources\views\pages\home.php on line 241
[30-Nov-2025 23:53:33 Asia/Ho_Chi_Minh] PHP Warning:  Undefined variable $baseUrl in C:\xampp\htdocs\bookstore\resources\views\pages\home.php on line 242
[30-Nov-2025 23:53:33 Asia/Ho_Chi_Minh] PHP Warning:  Undefined variable $baseUrl in C:\xampp\htdocs\bookstore\resources\views\pages\home.php on line 249
[30-Nov-2025 23:53:33 Asia/Ho_Chi_Minh] PHP Warning:  Undefined variable $baseUrl in C:\xampp\htdocs\bookstore\resources\views\pages\home.php on line 266
[30-Nov-2025 23:53:33 Asia/Ho_Chi_Minh] PHP Warning:  Undefined variable $baseUrl in C:\xampp\htdocs\bookstore\resources\views\pages\home.php on line 428
[30-Nov-2025 23:53:33 Asia/Ho_Chi_Minh] PHP Warning:  Undefined variable $baseUrl in C:\xampp\htdocs\bookstore\resources\views\layout\header.php on line 7
[30-Nov-2025 23:53:33 Asia/Ho_Chi_Minh] PHP Deprecated:  rtrim(): Passing null to parameter #1 ($string) of type string is deprecated in C:\xampp\htdocs\bookstore\resources\views\layout\header.php on line 7
[30-Nov-2025 23:53:33 Asia/Ho_Chi_Minh] PHP Warning:  Undefined variable $appName in C:\xampp\htdocs\bookstore\resources\views\layout\header.php on line 8
[30-Nov-2025 23:53:33 Asia/Ho_Chi_Minh] PHP Warning:  Undefined variable $baseUrl in C:\xampp\htdocs\bookstore\resources\views\layout\header.php on line 9
[30-Nov-2025 23:53:33 Asia/Ho_Chi_Minh] PHP Warning:  Undefined variable $baseUrl in C:\xampp\htdocs\bookstore\resources\views\layout\header.php on line 11
[30-Nov-2025 23:53:33 Asia/Ho_Chi_Minh] PHP Warning:  Undefined variable $baseUrl in C:\xampp\htdocs\bookstore\resources\views\layout\header.php on line 21
[30-Nov-2025 23:53:33 Asia/Ho_Chi_Minh] PHP Warning:  Undefined variable $appName in C:\xampp\htdocs\bookstore\resources\views\layout\header.php on line 23
[30-Nov-2025 23:53:33 Asia/Ho_Chi_Minh] PHP Deprecated:  htmlspecialchars(): Passing null to parameter #1 ($string) of type string is deprecated in C:\xampp\htdocs\bookstore\resources\views\layout\header.php on line 23
[30-Nov-2025 23:53:33 Asia/Ho_Chi_Minh] PHP Warning:  Undefined variable $baseUrl in C:\xampp\htdocs\bookstore\resources\views\layout\header.php on line 29
[30-Nov-2025 23:53:33 Asia/Ho_Chi_Minh] PHP Warning:  Undefined variable $baseUrl in C:\xampp\htdocs\bookstore\resources\views\layout\header.php on line 37
[30-Nov-2025 23:53:33 Asia/Ho_Chi_Minh] PHP Warning:  Undefined variable $baseUrl in C:\xampp\htdocs\bookstore\resources\views\layout\header.php on line 96
[30-Nov-2025 23:53:33 Asia/Ho_Chi_Minh] PHP Warning:  Undefined variable $baseUrl in C:\xampp\htdocs\bookstore\resources\views\layout\header.php on line 110
[30-Nov-2025 23:53:33 Asia/Ho_Chi_Minh] PHP Warning:  Undefined variable $baseUrl in C:\xampp\htdocs\bookstore\resources\views\layout\header.php on line 112
[30-Nov-2025 23:53:33 Asia/Ho_Chi_Minh] PHP Warning:  Undefined variable $baseUrl in C:\xampp\htdocs\bookstore\resources\views\layout\header.php on line 115
[30-Nov-2025 23:53:33 Asia/Ho_Chi_Minh] PHP Warning:  Undefined variable $baseUrl in C:\xampp\htdocs\bookstore\resources\views\layout\header.php on line 116
[30-Nov-2025 23:53:33 Asia/Ho_Chi_Minh] PHP Warning:  Undefined variable $baseUrl in C:\xampp\htdocs\bookstore\resources\views\layout\header.php on line 117
[30-Nov-2025 23:53:33 Asia/Ho_Chi_Minh] PHP Warning:  Undefined variable $baseUrl in C:\xampp\htdocs\bookstore\resources\views\layout\header.php on line 118
[30-Nov-2025 23:53:33 Asia/Ho_Chi_Minh] PHP Warning:  Undefined variable $baseUrl in C:\xampp\htdocs\bookstore\resources\views\layout\header.php on line 120
[30-Nov-2025 23:53:33 Asia/Ho_Chi_Minh] PHP Warning:  Undefined variable $baseUrl in C:\xampp\htdocs\bookstore\resources\views\layout\header.php on line 121
[30-Nov-2025 23:53:33 Asia/Ho_Chi_Minh] PHP Warning:  Undefined variable $baseUrl in C:\xampp\htdocs\bookstore\resources\views\layout\header.php on line 122
[30-Nov-2025 23:53:33 Asia/Ho_Chi_Minh] PHP Warning:  Undefined variable $baseUrl in C:\xampp\htdocs\bookstore\resources\views\layout\header.php on line 123
[30-Nov-2025 23:53:33 Asia/Ho_Chi_Minh] PHP Warning:  Undefined variable $baseUrl in C:\xampp\htdocs\bookstore\resources\views\layout\header.php on line 127
[30-Nov-2025 23:53:33 Asia/Ho_Chi_Minh] PHP Warning:  Undefined variable $baseUrl in C:\xampp\htdocs\bookstore\resources\views\layout\header.php on line 129
[30-Nov-2025 23:53:33 Asia/Ho_Chi_Minh] PHP Warning:  Undefined variable $baseUrl in C:\xampp\htdocs\bookstore\resources\views\layout\header.php on line 130
[30-Nov-2025 23:53:33 Asia/Ho_Chi_Minh] PHP Warning:  Undefined variable $baseUrl in C:\xampp\htdocs\bookstore\resources\views\layout\header.php on line 131
[30-Nov-2025 23:53:33 Asia/Ho_Chi_Minh] PHP Warning:  Undefined variable $baseUrl in C:\xampp\htdocs\bookstore\resources\views\layout\header.php on line 132
[30-Nov-2025 23:53:33 Asia/Ho_Chi_Minh] PHP Warning:  Undefined variable $baseUrl in C:\xampp\htdocs\bookstore\resources\views\layout\header.php on line 136
[30-Nov-2025 23:53:33 Asia/Ho_Chi_Minh] PHP Warning:  Undefined variable $baseUrl in C:\xampp\htdocs\bookstore\resources\views\layout\header.php on line 138
[30-Nov-2025 23:53:33 Asia/Ho_Chi_Minh] PHP Warning:  Undefined variable $baseUrl in C:\xampp\htdocs\bookstore\resources\views\layout\header.php on line 139
[30-Nov-2025 23:53:33 Asia/Ho_Chi_Minh] PHP Warning:  Undefined variable $baseUrl in C:\xampp\htdocs\bookstore\resources\views\layout\header.php on line 140
[30-Nov-2025 23:53:33 Asia/Ho_Chi_Minh] PHP Warning:  Undefined variable $baseUrl in C:\xampp\htdocs\bookstore\resources\views\layout\header.php on line 141
[30-Nov-2025 23:53:33 Asia/Ho_Chi_Minh] PHP Warning:  Undefined variable $baseUrl in C:\xampp\htdocs\bookstore\resources\views\layout\header.php on line 144
[30-Nov-2025 23:53:33 Asia/Ho_Chi_Minh] PHP Warning:  Undefined variable $baseUrl in C:\xampp\htdocs\bookstore\resources\views\layout\header.php on line 145
[30-Nov-2025 23:53:33 Asia/Ho_Chi_Minh] PHP Warning:  Undefined variable $baseUrl in C:\xampp\htdocs\bookstore\resources\views\layout\header.php on line 146
[30-Nov-2025 23:53:33 Asia/Ho_Chi_Minh] PHP Warning:  Undefined variable $baseUrl in C:\xampp\htdocs\bookstore\resources\views\layout\header.php on line 147
[30-Nov-2025 23:53:33 Asia/Ho_Chi_Minh] PHP Warning:  Undefined variable $appName in C:\xampp\htdocs\bookstore\resources\views\layout\footer.php on line 9
[30-Nov-2025 23:53:33 Asia/Ho_Chi_Minh] PHP Deprecated:  htmlspecialchars(): Passing null to parameter #1 ($string) of type string is deprecated in C:\xampp\htdocs\bookstore\resources\views\layout\footer.php on line 9
[30-Nov-2025 23:53:33 Asia/Ho_Chi_Minh] PHP Warning:  Undefined variable $baseUrl in C:\xampp\htdocs\bookstore\resources\views\layout\footer.php on line 21
[30-Nov-2025 23:53:33 Asia/Ho_Chi_Minh] PHP Warning:  Undefined variable $baseUrl in C:\xampp\htdocs\bookstore\resources\views\layout\footer.php on line 22
[30-Nov-2025 23:53:33 Asia/Ho_Chi_Minh] PHP Warning:  Undefined variable $baseUrl in C:\xampp\htdocs\bookstore\resources\views\layout\footer.php on line 23
[30-Nov-2025 23:53:33 Asia/Ho_Chi_Minh] PHP Warning:  Undefined variable $baseUrl in C:\xampp\htdocs\bookstore\resources\views\layout\footer.php on line 24
[30-Nov-2025 23:53:33 Asia/Ho_Chi_Minh] PHP Warning:  Undefined variable $baseUrl in C:\xampp\htdocs\bookstore\resources\views\layout\footer.php on line 25
[30-Nov-2025 23:53:33 Asia/Ho_Chi_Minh] PHP Warning:  Undefined variable $baseUrl in C:\xampp\htdocs\bookstore\resources\views\layout\footer.php on line 26
[30-Nov-2025 23:53:33 Asia/Ho_Chi_Minh] PHP Warning:  Undefined variable $baseUrl in C:\xampp\htdocs\bookstore\resources\views\layout\footer.php on line 27
[30-Nov-2025 23:53:33 Asia/Ho_Chi_Minh] PHP Warning:  Undefined variable $baseUrl in C:\xampp\htdocs\bookstore\resources\views\layout\footer.php on line 73
[30-Nov-2025 23:53:33 Asia/Ho_Chi_Minh] PHP Warning:  Undefined variable $appName in C:\xampp\htdocs\bookstore\resources\views\layout\footer.php on line 97
[30-Nov-2025 23:53:33 Asia/Ho_Chi_Minh] PHP Deprecated:  htmlspecialchars(): Passing null to parameter #1 ($string) of type string is deprecated in C:\xampp\htdocs\bookstore\resources\views\layout\footer.php on line 97
[30-Nov-2025 23:53:33 Asia/Ho_Chi_Minh] PHP Warning:  Undefined variable $baseUrl in C:\xampp\htdocs\bookstore\resources\views\layout\footer.php on line 100
[30-Nov-2025 23:53:33 Asia/Ho_Chi_Minh] PHP Warning:  Undefined variable $baseUrl in C:\xampp\htdocs\bookstore\resources\views\layout\footer.php on line 101
[30-Nov-2025 23:53:33 Asia/Ho_Chi_Minh] PHP Warning:  Undefined variable $baseUrl in C:\xampp\htdocs\bookstore\resources\views\layout\footer.php on line 102
[30-Nov-2025 23:53:33 Asia/Ho_Chi_Minh] PHP Warning:  Undefined variable $baseUrl in C:\xampp\htdocs\bookstore\resources\views\layout\footer.php on line 158
[30-Nov-2025 23:53:33 Asia/Ho_Chi_Minh] Database connection failed: SQLSTATE[HY000] [1049] Unknown database 'bookstore'
[30-Nov-2025 23:53:33 Asia/Ho_Chi_Minh] Database connection failed: SQLSTATE[HY000] [1049] Unknown database 'bookstore'
[30-Nov-2025 23:53:33 Asia/Ho_Chi_Minh] Database connection failed: SQLSTATE[HY000] [1049] Unknown database 'bookstore'
[30-Nov-2025 23:53:33 Asia/Ho_Chi_Minh] PHP Warning:  Undefined variable $baseUrl in C:\xampp\htdocs\bookstore\resources\views\pages\home.php on line 6
[30-Nov-2025 23:53:33 Asia/Ho_Chi_Minh] PHP Deprecated:  rtrim(): Passing null to parameter #1 ($string) of type string is deprecated in C:\xampp\htdocs\bookstore\resources\views\pages\home.php on line 6
[30-Nov-2025 23:53:33 Asia/Ho_Chi_Minh] PHP Warning:  Undefined variable $appName in C:\xampp\htdocs\bookstore\resources\views\pages\home.php on line 7
[30-Nov-2025 23:53:33 Asia/Ho_Chi_Minh] PHP Deprecated:  htmlspecialchars(): Passing null to parameter #1 ($string) of type string is deprecated in C:\xampp\htdocs\bookstore\resources\views\pages\home.php on line 7
[30-Nov-2025 23:53:33 Asia/Ho_Chi_Minh] PHP Warning:  Undefined variable $baseUrl in C:\xampp\htdocs\bookstore\resources\views\pages\home.php on line 10
[30-Nov-2025 23:53:33 Asia/Ho_Chi_Minh] PHP Warning:  Undefined variable $baseUrl in C:\xampp\htdocs\bookstore\resources\views\pages\home.php on line 11
[30-Nov-2025 23:53:33 Asia/Ho_Chi_Minh] PHP Warning:  Undefined variable $baseUrl in C:\xampp\htdocs\bookstore\resources\views\pages\home.php on line 18
[30-Nov-2025 23:53:33 Asia/Ho_Chi_Minh] PHP Warning:  Undefined variable $baseUrl in C:\xampp\htdocs\bookstore\resources\views\pages\home.php on line 22
[30-Nov-2025 23:53:33 Asia/Ho_Chi_Minh] PHP Warning:  Undefined variable $baseUrl in C:\xampp\htdocs\bookstore\resources\views\pages\home.php on line 171
[30-Nov-2025 23:53:33 Asia/Ho_Chi_Minh] PHP Warning:  Undefined variable $baseUrl in C:\xampp\htdocs\bookstore\resources\views\pages\home.php on line 186
[30-Nov-2025 23:53:33 Asia/Ho_Chi_Minh] PHP Warning:  Undefined variable $baseUrl in C:\xampp\htdocs\bookstore\resources\views\pages\home.php on line 201
[30-Nov-2025 23:53:33 Asia/Ho_Chi_Minh] PHP Warning:  Undefined variable $baseUrl in C:\xampp\htdocs\bookstore\resources\views\pages\home.php on line 233
[30-Nov-2025 23:53:33 Asia/Ho_Chi_Minh] PHP Warning:  Undefined variable $baseUrl in C:\xampp\htdocs\bookstore\resources\views\pages\home.php on line 234
[30-Nov-2025 23:53:33 Asia/Ho_Chi_Minh] PHP Warning:  Undefined variable $baseUrl in C:\xampp\htdocs\bookstore\resources\views\pages\home.php on line 235
[30-Nov-2025 23:53:33 Asia/Ho_Chi_Minh] PHP Warning:  Undefined variable $baseUrl in C:\xampp\htdocs\bookstore\resources\views\pages\home.php on line 236
[30-Nov-2025 23:53:33 Asia/Ho_Chi_Minh] PHP Warning:  Undefined variable $baseUrl in C:\xampp\htdocs\bookstore\resources\views\pages\home.php on line 237
[30-Nov-2025 23:53:33 Asia/Ho_Chi_Minh] PHP Warning:  Undefined variable $baseUrl in C:\xampp\htdocs\bookstore\resources\views\pages\home.php on line 238
[30-Nov-2025 23:53:33 Asia/Ho_Chi_Minh] PHP Warning:  Undefined variable $baseUrl in C:\xampp\htdocs\bookstore\resources\views\pages\home.php on line 239
[30-Nov-2025 23:53:33 Asia/Ho_Chi_Minh] PHP Warning:  Undefined variable $baseUrl in C:\xampp\htdocs\bookstore\resources\views\pages\home.php on line 240
[30-Nov-2025 23:53:33 Asia/Ho_Chi_Minh] PHP Warning:  Undefined variable $baseUrl in C:\xampp\htdocs\bookstore\resources\views\pages\home.php on line 241
[30-Nov-2025 23:53:33 Asia/Ho_Chi_Minh] PHP Warning:  Undefined variable $baseUrl in C:\xampp\htdocs\bookstore\resources\views\pages\home.php on line 242
[30-Nov-2025 23:53:33 Asia/Ho_Chi_Minh] PHP Warning:  Undefined variable $baseUrl in C:\xampp\htdocs\bookstore\resources\views\pages\home.php on line 249
[30-Nov-2025 23:53:33 Asia/Ho_Chi_Minh] PHP Warning:  Undefined variable $baseUrl in C:\xampp\htdocs\bookstore\resources\views\pages\home.php on line 266
[30-Nov-2025 23:53:33 Asia/Ho_Chi_Minh] PHP Warning:  Undefined variable $baseUrl in C:\xampp\htdocs\bookstore\resources\views\pages\home.php on line 428
[30-Nov-2025 23:53:33 Asia/Ho_Chi_Minh] PHP Warning:  Undefined variable $baseUrl in C:\xampp\htdocs\bookstore\resources\views\layout\header.php on line 7
[30-Nov-2025 23:53:33 Asia/Ho_Chi_Minh] PHP Deprecated:  rtrim(): Passing null to parameter #1 ($string) of type string is deprecated in C:\xampp\htdocs\bookstore\resources\views\layout\header.php on line 7
[30-Nov-2025 23:53:33 Asia/Ho_Chi_Minh] PHP Warning:  Undefined variable $appName in C:\xampp\htdocs\bookstore\resources\views\layout\header.php on line 8
[30-Nov-2025 23:53:33 Asia/Ho_Chi_Minh] PHP Warning:  Undefined variable $baseUrl in C:\xampp\htdocs\bookstore\resources\views\layout\header.php on line 9
[30-Nov-2025 23:53:33 Asia/Ho_Chi_Minh] PHP Warning:  Undefined variable $baseUrl in C:\xampp\htdocs\bookstore\resources\views\layout\header.php on line 11
[30-Nov-2025 23:53:33 Asia/Ho_Chi_Minh] PHP Warning:  Undefined variable $baseUrl in C:\xampp\htdocs\bookstore\resources\views\layout\header.php on line 21
[30-Nov-2025 23:53:33 Asia/Ho_Chi_Minh] PHP Warning:  Undefined variable $appName in C:\xampp\htdocs\bookstore\resources\views\layout\header.php on line 23
[30-Nov-2025 23:53:33 Asia/Ho_Chi_Minh] PHP Deprecated:  htmlspecialchars(): Passing null to parameter #1 ($string) of type string is deprecated in C:\xampp\htdocs\bookstore\resources\views\layout\header.php on line 23
[30-Nov-2025 23:53:33 Asia/Ho_Chi_Minh] PHP Warning:  Undefined variable $baseUrl in C:\xampp\htdocs\bookstore\resources\views\layout\header.php on line 29
[30-Nov-2025 23:53:33 Asia/Ho_Chi_Minh] PHP Warning:  Undefined variable $baseUrl in C:\xampp\htdocs\bookstore\resources\views\layout\header.php on line 37
[30-Nov-2025 23:53:33 Asia/Ho_Chi_Minh] PHP Warning:  Undefined variable $baseUrl in C:\xampp\htdocs\bookstore\resources\views\layout\header.php on line 96
[30-Nov-2025 23:53:33 Asia/Ho_Chi_Minh] PHP Warning:  Undefined variable $baseUrl in C:\xampp\htdocs\bookstore\resources\views\layout\header.php on line 110
[30-Nov-2025 23:53:33 Asia/Ho_Chi_Minh] PHP Warning:  Undefined variable $baseUrl in C:\xampp\htdocs\bookstore\resources\views\layout\header.php on line 112
[30-Nov-2025 23:53:33 Asia/Ho_Chi_Minh] PHP Warning:  Undefined variable $baseUrl in C:\xampp\htdocs\bookstore\resources\views\layout\header.php on line 115
[30-Nov-2025 23:53:33 Asia/Ho_Chi_Minh] PHP Warning:  Undefined variable $baseUrl in C:\xampp\htdocs\bookstore\resources\views\layout\header.php on line 116
[30-Nov-2025 23:53:33 Asia/Ho_Chi_Minh] PHP Warning:  Undefined variable $baseUrl in C:\xampp\htdocs\bookstore\resources\views\layout\header.php on line 117
[30-Nov-2025 23:53:33 Asia/Ho_Chi_Minh] PHP Warning:  Undefined variable $baseUrl in C:\xampp\htdocs\bookstore\resources\views\layout\header.php on line 118
[30-Nov-2025 23:53:33 Asia/Ho_Chi_Minh] PHP Warning:  Undefined variable $baseUrl in C:\xampp\htdocs\bookstore\resources\views\layout\header.php on line 120
[30-Nov-2025 23:53:33 Asia/Ho_Chi_Minh] PHP Warning:  Undefined variable $baseUrl in C:\xampp\htdocs\bookstore\resources\views\layout\header.php on line 121
[30-Nov-2025 23:53:33 Asia/Ho_Chi_Minh] PHP Warning:  Undefined variable $baseUrl in C:\xampp\htdocs\bookstore\resources\views\layout\header.php on line 122
[30-Nov-2025 23:53:33 Asia/Ho_Chi_Minh] PHP Warning:  Undefined variable $baseUrl in C:\xampp\htdocs\bookstore\resources\views\layout\header.php on line 123
[30-Nov-2025 23:53:33 Asia/Ho_Chi_Minh] PHP Warning:  Undefined variable $baseUrl in C:\xampp\htdocs\bookstore\resources\views\layout\header.php on line 127
[30-Nov-2025 23:53:33 Asia/Ho_Chi_Minh] PHP Warning:  Undefined variable $baseUrl in C:\xampp\htdocs\bookstore\resources\views\layout\header.php on line 129
[30-Nov-2025 23:53:33 Asia/Ho_Chi_Minh] PHP Warning:  Undefined variable $baseUrl in C:\xampp\htdocs\bookstore\resources\views\layout\header.php on line 130
[30-Nov-2025 23:53:33 Asia/Ho_Chi_Minh] PHP Warning:  Undefined variable $baseUrl in C:\xampp\htdocs\bookstore\resources\views\layout\header.php on line 131
[30-Nov-2025 23:53:33 Asia/Ho_Chi_Minh] PHP Warning:  Undefined variable $baseUrl in C:\xampp\htdocs\bookstore\resources\views\layout\header.php on line 132
[30-Nov-2025 23:53:33 Asia/Ho_Chi_Minh] PHP Warning:  Undefined variable $baseUrl in C:\xampp\htdocs\bookstore\resources\views\layout\header.php on line 136
[30-Nov-2025 23:53:33 Asia/Ho_Chi_Minh] PHP Warning:  Undefined variable $baseUrl in C:\xampp\htdocs\bookstore\resources\views\layout\header.php on line 138
[30-Nov-2025 23:53:33 Asia/Ho_Chi_Minh] PHP Warning:  Undefined variable $baseUrl in C:\xampp\htdocs\bookstore\resources\views\layout\header.php on line 139
[30-Nov-2025 23:53:33 Asia/Ho_Chi_Minh] PHP Warning:  Undefined variable $baseUrl in C:\xampp\htdocs\bookstore\resources\views\layout\header.php on line 140
[30-Nov-2025 23:53:33 Asia/Ho_Chi_Minh] PHP Warning:  Undefined variable $baseUrl in C:\xampp\htdocs\bookstore\resources\views\layout\header.php on line 141
[30-Nov-2025 23:53:33 Asia/Ho_Chi_Minh] PHP Warning:  Undefined variable $baseUrl in C:\xampp\htdocs\bookstore\resources\views\layout\header.php on line 144
[30-Nov-2025 23:53:33 Asia/Ho_Chi_Minh] PHP Warning:  Undefined variable $baseUrl in C:\xampp\htdocs\bookstore\resources\views\layout\header.php on line 145
[30-Nov-2025 23:53:33 Asia/Ho_Chi_Minh] PHP Warning:  Undefined variable $baseUrl in C:\xampp\htdocs\bookstore\resources\views\layout\header.php on line 146
[30-Nov-2025 23:53:33 Asia/Ho_Chi_Minh] PHP Warning:  Undefined variable $baseUrl in C:\xampp\htdocs\bookstore\resources\views\layout\header.php on line 147
[30-Nov-2025 23:53:33 Asia/Ho_Chi_Minh] PHP Warning:  Undefined variable $appName in C:\xampp\htdocs\bookstore\resources\views\layout\footer.php on line 9
[30-Nov-2025 23:53:33 Asia/Ho_Chi_Minh] PHP Deprecated:  htmlspecialchars(): Passing null to parameter #1 ($string) of type string is deprecated in C:\xampp\htdocs\bookstore\resources\views\layout\footer.php on line 9
[30-Nov-2025 23:53:33 Asia/Ho_Chi_Minh] PHP Warning:  Undefined variable $baseUrl in C:\xampp\htdocs\bookstore\resources\views\layout\footer.php on line 21
[30-Nov-2025 23:53:33 Asia/Ho_Chi_Minh] PHP Warning:  Undefined variable $baseUrl in C:\xampp\htdocs\bookstore\resources\views\layout\footer.php on line 22
[30-Nov-2025 23:53:33 Asia/Ho_Chi_Minh] PHP Warning:  Undefined variable $baseUrl in C:\xampp\htdocs\bookstore\resources\views\layout\footer.php on line 23
[30-Nov-2025 23:53:33 Asia/Ho_Chi_Minh] PHP Warning:  Undefined variable $baseUrl in C:\xampp\htdocs\bookstore\resources\views\layout\footer.php on line 24
[30-Nov-2025 23:53:33 Asia/Ho_Chi_Minh] PHP Warning:  Undefined variable $baseUrl in C:\xampp\htdocs\bookstore\resources\views\layout\footer.php on line 25
[30-Nov-2025 23:53:33 Asia/Ho_Chi_Minh] PHP Warning:  Undefined variable $baseUrl in C:\xampp\htdocs\bookstore\resources\views\layout\footer.php on line 26
[30-Nov-2025 23:53:33 Asia/Ho_Chi_Minh] PHP Warning:  Undefined variable $baseUrl in C:\xampp\htdocs\bookstore\resources\views\layout\footer.php on line 27
[30-Nov-2025 23:53:33 Asia/Ho_Chi_Minh] PHP Warning:  Undefined variable $baseUrl in C:\xampp\htdocs\bookstore\resources\views\layout\footer.php on line 73
[30-Nov-2025 23:53:33 Asia/Ho_Chi_Minh] PHP Warning:  Undefined variable $appName in C:\xampp\htdocs\bookstore\resources\views\layout\footer.php on line 97
[30-Nov-2025 23:53:33 Asia/Ho_Chi_Minh] PHP Deprecated:  htmlspecialchars(): Passing null to parameter #1 ($string) of type string is deprecated in C:\xampp\htdocs\bookstore\resources\views\layout\footer.php on line 97
[30-Nov-2025 23:53:33 Asia/Ho_Chi_Minh] PHP Warning:  Undefined variable $baseUrl in C:\xampp\htdocs\bookstore\resources\views\layout\footer.php on line 100
[30-Nov-2025 23:53:33 Asia/Ho_Chi_Minh] PHP Warning:  Undefined variable $baseUrl in C:\xampp\htdocs\bookstore\resources\views\layout\footer.php on line 101
[30-Nov-2025 23:53:33 Asia/Ho_Chi_Minh] PHP Warning:  Undefined variable $baseUrl in C:\xampp\htdocs\bookstore\resources\views\layout\footer.php on line 102
[30-Nov-2025 23:53:33 Asia/Ho_Chi_Minh] PHP Warning:  Undefined variable $baseUrl in C:\xampp\htdocs\bookstore\resources\views\layout\footer.php on line 158
[30-Nov-2025 23:54:49 Asia/Ho_Chi_Minh] Database connection failed: SQLSTATE[HY000] [1049] Unknown database 'bookstore'
[30-Nov-2025 23:54:49 Asia/Ho_Chi_Minh] Database connection failed: SQLSTATE[HY000] [1049] Unknown database 'bookstore'
[30-Nov-2025 23:54:49 Asia/Ho_Chi_Minh] Database connection failed: SQLSTATE[HY000] [1049] Unknown database 'bookstore'
[30-Nov-2025 23:54:49 Asia/Ho_Chi_Minh] PHP Warning:  Undefined variable $baseUrl in C:\xampp\htdocs\bookstore\resources\views\pages\home.php on line 6
[30-Nov-2025 23:54:49 Asia/Ho_Chi_Minh] PHP Deprecated:  rtrim(): Passing null to parameter #1 ($string) of type string is deprecated in C:\xampp\htdocs\bookstore\resources\views\pages\home.php on line 6
[30-Nov-2025 23:54:49 Asia/Ho_Chi_Minh] PHP Warning:  Undefined variable $appName in C:\xampp\htdocs\bookstore\resources\views\pages\home.php on line 7
[30-Nov-2025 23:54:49 Asia/Ho_Chi_Minh] PHP Deprecated:  htmlspecialchars(): Passing null to parameter #1 ($string) of type string is deprecated in C:\xampp\htdocs\bookstore\resources\views\pages\home.php on line 7
[30-Nov-2025 23:54:49 Asia/Ho_Chi_Minh] PHP Warning:  Undefined variable $baseUrl in C:\xampp\htdocs\bookstore\resources\views\pages\home.php on line 10
[30-Nov-2025 23:54:49 Asia/Ho_Chi_Minh] PHP Warning:  Undefined variable $baseUrl in C:\xampp\htdocs\bookstore\resources\views\pages\home.php on line 11
[30-Nov-2025 23:54:49 Asia/Ho_Chi_Minh] PHP Warning:  Undefined variable $baseUrl in C:\xampp\htdocs\bookstore\resources\views\pages\home.php on line 18
[30-Nov-2025 23:54:49 Asia/Ho_Chi_Minh] PHP Warning:  Undefined variable $baseUrl in C:\xampp\htdocs\bookstore\resources\views\pages\home.php on line 22
[30-Nov-2025 23:54:49 Asia/Ho_Chi_Minh] PHP Warning:  Undefined variable $baseUrl in C:\xampp\htdocs\bookstore\resources\views\pages\home.php on line 171
[30-Nov-2025 23:54:49 Asia/Ho_Chi_Minh] PHP Warning:  Undefined variable $baseUrl in C:\xampp\htdocs\bookstore\resources\views\pages\home.php on line 186
[30-Nov-2025 23:54:49 Asia/Ho_Chi_Minh] PHP Warning:  Undefined variable $baseUrl in C:\xampp\htdocs\bookstore\resources\views\pages\home.php on line 201
[30-Nov-2025 23:54:49 Asia/Ho_Chi_Minh] PHP Warning:  Undefined variable $baseUrl in C:\xampp\htdocs\bookstore\resources\views\pages\home.php on line 233
[30-Nov-2025 23:54:49 Asia/Ho_Chi_Minh] PHP Warning:  Undefined variable $baseUrl in C:\xampp\htdocs\bookstore\resources\views\pages\home.php on line 234
[30-Nov-2025 23:54:49 Asia/Ho_Chi_Minh] PHP Warning:  Undefined variable $baseUrl in C:\xampp\htdocs\bookstore\resources\views\pages\home.php on line 235
[30-Nov-2025 23:54:49 Asia/Ho_Chi_Minh] PHP Warning:  Undefined variable $baseUrl in C:\xampp\htdocs\bookstore\resources\views\pages\home.php on line 236
[30-Nov-2025 23:54:49 Asia/Ho_Chi_Minh] PHP Warning:  Undefined variable $baseUrl in C:\xampp\htdocs\bookstore\resources\views\pages\home.php on line 237
[30-Nov-2025 23:54:49 Asia/Ho_Chi_Minh] PHP Warning:  Undefined variable $baseUrl in C:\xampp\htdocs\bookstore\resources\views\pages\home.php on line 238
[30-Nov-2025 23:54:49 Asia/Ho_Chi_Minh] PHP Warning:  Undefined variable $baseUrl in C:\xampp\htdocs\bookstore\resources\views\pages\home.php on line 239
[30-Nov-2025 23:54:49 Asia/Ho_Chi_Minh] PHP Warning:  Undefined variable $baseUrl in C:\xampp\htdocs\bookstore\resources\views\pages\home.php on line 240
[30-Nov-2025 23:54:49 Asia/Ho_Chi_Minh] PHP Warning:  Undefined variable $baseUrl in C:\xampp\htdocs\bookstore\resources\views\pages\home.php on line 241
[30-Nov-2025 23:54:49 Asia/Ho_Chi_Minh] PHP Warning:  Undefined variable $baseUrl in C:\xampp\htdocs\bookstore\resources\views\pages\home.php on line 242
[30-Nov-2025 23:54:49 Asia/Ho_Chi_Minh] PHP Warning:  Undefined variable $baseUrl in C:\xampp\htdocs\bookstore\resources\views\pages\home.php on line 249
[30-Nov-2025 23:54:49 Asia/Ho_Chi_Minh] PHP Warning:  Undefined variable $baseUrl in C:\xampp\htdocs\bookstore\resources\views\pages\home.php on line 266
[30-Nov-2025 23:54:49 Asia/Ho_Chi_Minh] PHP Warning:  Undefined variable $baseUrl in C:\xampp\htdocs\bookstore\resources\views\pages\home.php on line 428
[30-Nov-2025 23:54:49 Asia/Ho_Chi_Minh] PHP Warning:  Undefined variable $baseUrl in C:\xampp\htdocs\bookstore\resources\views\layout\header.php on line 7
[30-Nov-2025 23:54:49 Asia/Ho_Chi_Minh] PHP Deprecated:  rtrim(): Passing null to parameter #1 ($string) of type string is deprecated in C:\xampp\htdocs\bookstore\resources\views\layout\header.php on line 7
[30-Nov-2025 23:54:49 Asia/Ho_Chi_Minh] PHP Warning:  Undefined variable $appName in C:\xampp\htdocs\bookstore\resources\views\layout\header.php on line 8
[30-Nov-2025 23:54:49 Asia/Ho_Chi_Minh] PHP Warning:  Undefined variable $baseUrl in C:\xampp\htdocs\bookstore\resources\views\layout\header.php on line 9
[30-Nov-2025 23:54:49 Asia/Ho_Chi_Minh] PHP Warning:  Undefined variable $baseUrl in C:\xampp\htdocs\bookstore\resources\views\layout\header.php on line 11
[30-Nov-2025 23:54:49 Asia/Ho_Chi_Minh] PHP Warning:  Undefined variable $baseUrl in C:\xampp\htdocs\bookstore\resources\views\layout\header.php on line 21
[30-Nov-2025 23:54:49 Asia/Ho_Chi_Minh] PHP Warning:  Undefined variable $appName in C:\xampp\htdocs\bookstore\resources\views\layout\header.php on line 23
[30-Nov-2025 23:54:49 Asia/Ho_Chi_Minh] PHP Deprecated:  htmlspecialchars(): Passing null to parameter #1 ($string) of type string is deprecated in C:\xampp\htdocs\bookstore\resources\views\layout\header.php on line 23
[30-Nov-2025 23:54:49 Asia/Ho_Chi_Minh] PHP Warning:  Undefined variable $baseUrl in C:\xampp\htdocs\bookstore\resources\views\layout\header.php on line 29
[30-Nov-2025 23:54:49 Asia/Ho_Chi_Minh] PHP Warning:  Undefined variable $baseUrl in C:\xampp\htdocs\bookstore\resources\views\layout\header.php on line 37
[30-Nov-2025 23:54:49 Asia/Ho_Chi_Minh] PHP Warning:  Undefined variable $baseUrl in C:\xampp\htdocs\bookstore\resources\views\layout\header.php on line 96
[30-Nov-2025 23:54:49 Asia/Ho_Chi_Minh] PHP Warning:  Undefined variable $baseUrl in C:\xampp\htdocs\bookstore\resources\views\layout\header.php on line 110
[30-Nov-2025 23:54:49 Asia/Ho_Chi_Minh] PHP Warning:  Undefined variable $baseUrl in C:\xampp\htdocs\bookstore\resources\views\layout\header.php on line 112
[30-Nov-2025 23:54:49 Asia/Ho_Chi_Minh] PHP Warning:  Undefined variable $baseUrl in C:\xampp\htdocs\bookstore\resources\views\layout\header.php on line 115
[30-Nov-2025 23:54:49 Asia/Ho_Chi_Minh] PHP Warning:  Undefined variable $baseUrl in C:\xampp\htdocs\bookstore\resources\views\layout\header.php on line 116
[30-Nov-2025 23:54:49 Asia/Ho_Chi_Minh] PHP Warning:  Undefined variable $baseUrl in C:\xampp\htdocs\bookstore\resources\views\layout\header.php on line 117
[30-Nov-2025 23:54:49 Asia/Ho_Chi_Minh] PHP Warning:  Undefined variable $baseUrl in C:\xampp\htdocs\bookstore\resources\views\layout\header.php on line 118
[30-Nov-2025 23:54:49 Asia/Ho_Chi_Minh] PHP Warning:  Undefined variable $baseUrl in C:\xampp\htdocs\bookstore\resources\views\layout\header.php on line 120
[30-Nov-2025 23:54:49 Asia/Ho_Chi_Minh] PHP Warning:  Undefined variable $baseUrl in C:\xampp\htdocs\bookstore\resources\views\layout\header.php on line 121
[30-Nov-2025 23:54:49 Asia/Ho_Chi_Minh] PHP Warning:  Undefined variable $baseUrl in C:\xampp\htdocs\bookstore\resources\views\layout\header.php on line 122
[30-Nov-2025 23:54:49 Asia/Ho_Chi_Minh] PHP Warning:  Undefined variable $baseUrl in C:\xampp\htdocs\bookstore\resources\views\layout\header.php on line 123
[30-Nov-2025 23:54:49 Asia/Ho_Chi_Minh] PHP Warning:  Undefined variable $baseUrl in C:\xampp\htdocs\bookstore\resources\views\layout\header.php on line 127
[30-Nov-2025 23:54:49 Asia/Ho_Chi_Minh] PHP Warning:  Undefined variable $baseUrl in C:\xampp\htdocs\bookstore\resources\views\layout\header.php on line 129
[30-Nov-2025 23:54:49 Asia/Ho_Chi_Minh] PHP Warning:  Undefined variable $baseUrl in C:\xampp\htdocs\bookstore\resources\views\layout\header.php on line 130
[30-Nov-2025 23:54:49 Asia/Ho_Chi_Minh] PHP Warning:  Undefined variable $baseUrl in C:\xampp\htdocs\bookstore\resources\views\layout\header.php on line 131
[30-Nov-2025 23:54:49 Asia/Ho_Chi_Minh] PHP Warning:  Undefined variable $baseUrl in C:\xampp\htdocs\bookstore\resources\views\layout\header.php on line 132
[30-Nov-2025 23:54:49 Asia/Ho_Chi_Minh] PHP Warning:  Undefined variable $baseUrl in C:\xampp\htdocs\bookstore\resources\views\layout\header.php on line 136
[30-Nov-2025 23:54:49 Asia/Ho_Chi_Minh] PHP Warning:  Undefined variable $baseUrl in C:\xampp\htdocs\bookstore\resources\views\layout\header.php on line 138
[30-Nov-2025 23:54:49 Asia/Ho_Chi_Minh] PHP Warning:  Undefined variable $baseUrl in C:\xampp\htdocs\bookstore\resources\views\layout\header.php on line 139
[30-Nov-2025 23:54:49 Asia/Ho_Chi_Minh] PHP Warning:  Undefined variable $baseUrl in C:\xampp\htdocs\bookstore\resources\views\layout\header.php on line 140
[30-Nov-2025 23:54:49 Asia/Ho_Chi_Minh] PHP Warning:  Undefined variable $baseUrl in C:\xampp\htdocs\bookstore\resources\views\layout\header.php on line 141
[30-Nov-2025 23:54:49 Asia/Ho_Chi_Minh] PHP Warning:  Undefined variable $baseUrl in C:\xampp\htdocs\bookstore\resources\views\layout\header.php on line 144
[30-Nov-2025 23:54:49 Asia/Ho_Chi_Minh] PHP Warning:  Undefined variable $baseUrl in C:\xampp\htdocs\bookstore\resources\views\layout\header.php on line 145
[30-Nov-2025 23:54:49 Asia/Ho_Chi_Minh] PHP Warning:  Undefined variable $baseUrl in C:\xampp\htdocs\bookstore\resources\views\layout\header.php on line 146
[30-Nov-2025 23:54:49 Asia/Ho_Chi_Minh] PHP Warning:  Undefined variable $baseUrl in C:\xampp\htdocs\bookstore\resources\views\layout\header.php on line 147
[30-Nov-2025 23:54:49 Asia/Ho_Chi_Minh] PHP Warning:  Undefined variable $appName in C:\xampp\htdocs\bookstore\resources\views\layout\footer.php on line 9
[30-Nov-2025 23:54:49 Asia/Ho_Chi_Minh] PHP Deprecated:  htmlspecialchars(): Passing null to parameter #1 ($string) of type string is deprecated in C:\xampp\htdocs\bookstore\resources\views\layout\footer.php on line 9
[30-Nov-2025 23:54:49 Asia/Ho_Chi_Minh] PHP Warning:  Undefined variable $baseUrl in C:\xampp\htdocs\bookstore\resources\views\layout\footer.php on line 21
[30-Nov-2025 23:54:49 Asia/Ho_Chi_Minh] PHP Warning:  Undefined variable $baseUrl in C:\xampp\htdocs\bookstore\resources\views\layout\footer.php on line 22
[30-Nov-2025 23:54:49 Asia/Ho_Chi_Minh] PHP Warning:  Undefined variable $baseUrl in C:\xampp\htdocs\bookstore\resources\views\layout\footer.php on line 23
[30-Nov-2025 23:54:49 Asia/Ho_Chi_Minh] PHP Warning:  Undefined variable $baseUrl in C:\xampp\htdocs\bookstore\resources\views\layout\footer.php on line 24
[30-Nov-2025 23:54:49 Asia/Ho_Chi_Minh] PHP Warning:  Undefined variable $baseUrl in C:\xampp\htdocs\bookstore\resources\views\layout\footer.php on line 25
[30-Nov-2025 23:54:49 Asia/Ho_Chi_Minh] PHP Warning:  Undefined variable $baseUrl in C:\xampp\htdocs\bookstore\resources\views\layout\footer.php on line 26
[30-Nov-2025 23:54:49 Asia/Ho_Chi_Minh] PHP Warning:  Undefined variable $baseUrl in C:\xampp\htdocs\bookstore\resources\views\layout\footer.php on line 27
[30-Nov-2025 23:54:49 Asia/Ho_Chi_Minh] PHP Warning:  Undefined variable $baseUrl in C:\xampp\htdocs\bookstore\resources\views\layout\footer.php on line 73
[30-Nov-2025 23:54:49 Asia/Ho_Chi_Minh] PHP Warning:  Undefined variable $appName in C:\xampp\htdocs\bookstore\resources\views\layout\footer.php on line 97
[30-Nov-2025 23:54:49 Asia/Ho_Chi_Minh] PHP Deprecated:  htmlspecialchars(): Passing null to parameter #1 ($string) of type string is deprecated in C:\xampp\htdocs\bookstore\resources\views\layout\footer.php on line 97
[30-Nov-2025 23:54:49 Asia/Ho_Chi_Minh] PHP Warning:  Undefined variable $baseUrl in C:\xampp\htdocs\bookstore\resources\views\layout\footer.php on line 100
[30-Nov-2025 23:54:49 Asia/Ho_Chi_Minh] PHP Warning:  Undefined variable $baseUrl in C:\xampp\htdocs\bookstore\resources\views\layout\footer.php on line 101
[30-Nov-2025 23:54:49 Asia/Ho_Chi_Minh] PHP Warning:  Undefined variable $baseUrl in C:\xampp\htdocs\bookstore\resources\views\layout\footer.php on line 102
[30-Nov-2025 23:54:49 Asia/Ho_Chi_Minh] PHP Warning:  Undefined variable $baseUrl in C:\xampp\htdocs\bookstore\resources\views\layout\footer.php on line 158
[30-Nov-2025 23:54:49 Asia/Ho_Chi_Minh] Database connection failed: SQLSTATE[HY000] [1049] Unknown database 'bookstore'
[30-Nov-2025 23:54:49 Asia/Ho_Chi_Minh] Database connection failed: SQLSTATE[HY000] [1049] Unknown database 'bookstore'
[30-Nov-2025 23:54:49 Asia/Ho_Chi_Minh] Database connection failed: SQLSTATE[HY000] [1049] Unknown database 'bookstore'
[30-Nov-2025 23:54:49 Asia/Ho_Chi_Minh] PHP Warning:  Undefined variable $baseUrl in C:\xampp\htdocs\bookstore\resources\views\pages\home.php on line 6
[30-Nov-2025 23:54:49 Asia/Ho_Chi_Minh] PHP Deprecated:  rtrim(): Passing null to parameter #1 ($string) of type string is deprecated in C:\xampp\htdocs\bookstore\resources\views\pages\home.php on line 6
[30-Nov-2025 23:54:49 Asia/Ho_Chi_Minh] PHP Warning:  Undefined variable $appName in C:\xampp\htdocs\bookstore\resources\views\pages\home.php on line 7
[30-Nov-2025 23:54:49 Asia/Ho_Chi_Minh] PHP Deprecated:  htmlspecialchars(): Passing null to parameter #1 ($string) of type string is deprecated in C:\xampp\htdocs\bookstore\resources\views\pages\home.php on line 7
[30-Nov-2025 23:54:49 Asia/Ho_Chi_Minh] PHP Warning:  Undefined variable $baseUrl in C:\xampp\htdocs\bookstore\resources\views\pages\home.php on line 10
[30-Nov-2025 23:54:49 Asia/Ho_Chi_Minh] PHP Warning:  Undefined variable $baseUrl in C:\xampp\htdocs\bookstore\resources\views\pages\home.php on line 11
[30-Nov-2025 23:54:49 Asia/Ho_Chi_Minh] PHP Warning:  Undefined variable $baseUrl in C:\xampp\htdocs\bookstore\resources\views\pages\home.php on line 18
[30-Nov-2025 23:54:49 Asia/Ho_Chi_Minh] PHP Warning:  Undefined variable $baseUrl in C:\xampp\htdocs\bookstore\resources\views\pages\home.php on line 22
[30-Nov-2025 23:54:49 Asia/Ho_Chi_Minh] PHP Warning:  Undefined variable $baseUrl in C:\xampp\htdocs\bookstore\resources\views\pages\home.php on line 171
[30-Nov-2025 23:54:49 Asia/Ho_Chi_Minh] PHP Warning:  Undefined variable $baseUrl in C:\xampp\htdocs\bookstore\resources\views\pages\home.php on line 186
[30-Nov-2025 23:54:49 Asia/Ho_Chi_Minh] PHP Warning:  Undefined variable $baseUrl in C:\xampp\htdocs\bookstore\resources\views\pages\home.php on line 201
[30-Nov-2025 23:54:49 Asia/Ho_Chi_Minh] PHP Warning:  Undefined variable $baseUrl in C:\xampp\htdocs\bookstore\resources\views\pages\home.php on line 233
[30-Nov-2025 23:54:49 Asia/Ho_Chi_Minh] PHP Warning:  Undefined variable $baseUrl in C:\xampp\htdocs\bookstore\resources\views\pages\home.php on line 234
[30-Nov-2025 23:54:49 Asia/Ho_Chi_Minh] PHP Warning:  Undefined variable $baseUrl in C:\xampp\htdocs\bookstore\resources\views\pages\home.php on line 235
[30-Nov-2025 23:54:49 Asia/Ho_Chi_Minh] PHP Warning:  Undefined variable $baseUrl in C:\xampp\htdocs\bookstore\resources\views\pages\home.php on line 236
[30-Nov-2025 23:54:49 Asia/Ho_Chi_Minh] PHP Warning:  Undefined variable $baseUrl in C:\xampp\htdocs\bookstore\resources\views\pages\home.php on line 237
[30-Nov-2025 23:54:49 Asia/Ho_Chi_Minh] PHP Warning:  Undefined variable $baseUrl in C:\xampp\htdocs\bookstore\resources\views\pages\home.php on line 238
[30-Nov-2025 23:54:49 Asia/Ho_Chi_Minh] PHP Warning:  Undefined variable $baseUrl in C:\xampp\htdocs\bookstore\resources\views\pages\home.php on line 239
[30-Nov-2025 23:54:49 Asia/Ho_Chi_Minh] PHP Warning:  Undefined variable $baseUrl in C:\xampp\htdocs\bookstore\resources\views\pages\home.php on line 240
[30-Nov-2025 23:54:49 Asia/Ho_Chi_Minh] PHP Warning:  Undefined variable $baseUrl in C:\xampp\htdocs\bookstore\resources\views\pages\home.php on line 241
[30-Nov-2025 23:54:49 Asia/Ho_Chi_Minh] PHP Warning:  Undefined variable $baseUrl in C:\xampp\htdocs\bookstore\resources\views\pages\home.php on line 242
[30-Nov-2025 23:54:49 Asia/Ho_Chi_Minh] PHP Warning:  Undefined variable $baseUrl in C:\xampp\htdocs\bookstore\resources\views\pages\home.php on line 249
[30-Nov-2025 23:54:49 Asia/Ho_Chi_Minh] PHP Warning:  Undefined variable $baseUrl in C:\xampp\htdocs\bookstore\resources\views\pages\home.php on line 266
[30-Nov-2025 23:54:49 Asia/Ho_Chi_Minh] PHP Warning:  Undefined variable $baseUrl in C:\xampp\htdocs\bookstore\resources\views\pages\home.php on line 428
[30-Nov-2025 23:54:49 Asia/Ho_Chi_Minh] PHP Warning:  Undefined variable $baseUrl in C:\xampp\htdocs\bookstore\resources\views\layout\header.php on line 7
[30-Nov-2025 23:54:49 Asia/Ho_Chi_Minh] PHP Deprecated:  rtrim(): Passing null to parameter #1 ($string) of type string is deprecated in C:\xampp\htdocs\bookstore\resources\views\layout\header.php on line 7
[30-Nov-2025 23:54:49 Asia/Ho_Chi_Minh] PHP Warning:  Undefined variable $appName in C:\xampp\htdocs\bookstore\resources\views\layout\header.php on line 8
[30-Nov-2025 23:54:49 Asia/Ho_Chi_Minh] PHP Warning:  Undefined variable $baseUrl in C:\xampp\htdocs\bookstore\resources\views\layout\header.php on line 9
[30-Nov-2025 23:54:49 Asia/Ho_Chi_Minh] PHP Warning:  Undefined variable $baseUrl in C:\xampp\htdocs\bookstore\resources\views\layout\header.php on line 11
[30-Nov-2025 23:54:49 Asia/Ho_Chi_Minh] PHP Warning:  Undefined variable $baseUrl in C:\xampp\htdocs\bookstore\resources\views\layout\header.php on line 21
[30-Nov-2025 23:54:49 Asia/Ho_Chi_Minh] PHP Warning:  Undefined variable $appName in C:\xampp\htdocs\bookstore\resources\views\layout\header.php on line 23
[30-Nov-2025 23:54:49 Asia/Ho_Chi_Minh] PHP Deprecated:  htmlspecialchars(): Passing null to parameter #1 ($string) of type string is deprecated in C:\xampp\htdocs\bookstore\resources\views\layout\header.php on line 23
[30-Nov-2025 23:54:49 Asia/Ho_Chi_Minh] PHP Warning:  Undefined variable $baseUrl in C:\xampp\htdocs\bookstore\resources\views\layout\header.php on line 29
[30-Nov-2025 23:54:49 Asia/Ho_Chi_Minh] PHP Warning:  Undefined variable $baseUrl in C:\xampp\htdocs\bookstore\resources\views\layout\header.php on line 37
[30-Nov-2025 23:54:49 Asia/Ho_Chi_Minh] PHP Warning:  Undefined variable $baseUrl in C:\xampp\htdocs\bookstore\resources\views\layout\header.php on line 96
[30-Nov-2025 23:54:49 Asia/Ho_Chi_Minh] PHP Warning:  Undefined variable $baseUrl in C:\xampp\htdocs\bookstore\resources\views\layout\header.php on line 110
[30-Nov-2025 23:54:49 Asia/Ho_Chi_Minh] PHP Warning:  Undefined variable $baseUrl in C:\xampp\htdocs\bookstore\resources\views\layout\header.php on line 112
[30-Nov-2025 23:54:49 Asia/Ho_Chi_Minh] PHP Warning:  Undefined variable $baseUrl in C:\xampp\htdocs\bookstore\resources\views\layout\header.php on line 115
[30-Nov-2025 23:54:49 Asia/Ho_Chi_Minh] PHP Warning:  Undefined variable $baseUrl in C:\xampp\htdocs\bookstore\resources\views\layout\header.php on line 116
[30-Nov-2025 23:54:49 Asia/Ho_Chi_Minh] PHP Warning:  Undefined variable $baseUrl in C:\xampp\htdocs\bookstore\resources\views\layout\header.php on line 117
[30-Nov-2025 23:54:49 Asia/Ho_Chi_Minh] PHP Warning:  Undefined variable $baseUrl in C:\xampp\htdocs\bookstore\resources\views\layout\header.php on line 118
[30-Nov-2025 23:54:49 Asia/Ho_Chi_Minh] PHP Warning:  Undefined variable $baseUrl in C:\xampp\htdocs\bookstore\resources\views\layout\header.php on line 120
[30-Nov-2025 23:54:49 Asia/Ho_Chi_Minh] PHP Warning:  Undefined variable $baseUrl in C:\xampp\htdocs\bookstore\resources\views\layout\header.php on line 121
[30-Nov-2025 23:54:49 Asia/Ho_Chi_Minh] PHP Warning:  Undefined variable $baseUrl in C:\xampp\htdocs\bookstore\resources\views\layout\header.php on line 122
[30-Nov-2025 23:54:49 Asia/Ho_Chi_Minh] PHP Warning:  Undefined variable $baseUrl in C:\xampp\htdocs\bookstore\resources\views\layout\header.php on line 123
[30-Nov-2025 23:54:49 Asia/Ho_Chi_Minh] PHP Warning:  Undefined variable $baseUrl in C:\xampp\htdocs\bookstore\resources\views\layout\header.php on line 127
[30-Nov-2025 23:54:49 Asia/Ho_Chi_Minh] PHP Warning:  Undefined variable $baseUrl in C:\xampp\htdocs\bookstore\resources\views\layout\header.php on line 129
[30-Nov-2025 23:54:49 Asia/Ho_Chi_Minh] PHP Warning:  Undefined variable $baseUrl in C:\xampp\htdocs\bookstore\resources\views\layout\header.php on line 130
[30-Nov-2025 23:54:49 Asia/Ho_Chi_Minh] PHP Warning:  Undefined variable $baseUrl in C:\xampp\htdocs\bookstore\resources\views\layout\header.php on line 131
[30-Nov-2025 23:54:49 Asia/Ho_Chi_Minh] PHP Warning:  Undefined variable $baseUrl in C:\xampp\htdocs\bookstore\resources\views\layout\header.php on line 132
[30-Nov-2025 23:54:49 Asia/Ho_Chi_Minh] PHP Warning:  Undefined variable $baseUrl in C:\xampp\htdocs\bookstore\resources\views\layout\header.php on line 136
[30-Nov-2025 23:54:49 Asia/Ho_Chi_Minh] PHP Warning:  Undefined variable $baseUrl in C:\xampp\htdocs\bookstore\resources\views\layout\header.php on line 138
[30-Nov-2025 23:54:49 Asia/Ho_Chi_Minh] PHP Warning:  Undefined variable $baseUrl in C:\xampp\htdocs\bookstore\resources\views\layout\header.php on line 139
[30-Nov-2025 23:54:49 Asia/Ho_Chi_Minh] PHP Warning:  Undefined variable $baseUrl in C:\xampp\htdocs\bookstore\resources\views\layout\header.php on line 140
[30-Nov-2025 23:54:49 Asia/Ho_Chi_Minh] PHP Warning:  Undefined variable $baseUrl in C:\xampp\htdocs\bookstore\resources\views\layout\header.php on line 141
[30-Nov-2025 23:54:49 Asia/Ho_Chi_Minh] PHP Warning:  Undefined variable $baseUrl in C:\xampp\htdocs\bookstore\resources\views\layout\header.php on line 144
[30-Nov-2025 23:54:49 Asia/Ho_Chi_Minh] PHP Warning:  Undefined variable $baseUrl in C:\xampp\htdocs\bookstore\resources\views\layout\header.php on line 145
[30-Nov-2025 23:54:49 Asia/Ho_Chi_Minh] PHP Warning:  Undefined variable $baseUrl in C:\xampp\htdocs\bookstore\resources\views\layout\header.php on line 146
[30-Nov-2025 23:54:49 Asia/Ho_Chi_Minh] PHP Warning:  Undefined variable $baseUrl in C:\xampp\htdocs\bookstore\resources\views\layout\header.php on line 147
[30-Nov-2025 23:54:49 Asia/Ho_Chi_Minh] PHP Warning:  Undefined variable $appName in C:\xampp\htdocs\bookstore\resources\views\layout\footer.php on line 9
[30-Nov-2025 23:54:49 Asia/Ho_Chi_Minh] PHP Deprecated:  htmlspecialchars(): Passing null to parameter #1 ($string) of type string is deprecated in C:\xampp\htdocs\bookstore\resources\views\layout\footer.php on line 9
[30-Nov-2025 23:54:49 Asia/Ho_Chi_Minh] PHP Warning:  Undefined variable $baseUrl in C:\xampp\htdocs\bookstore\resources\views\layout\footer.php on line 21
[30-Nov-2025 23:54:49 Asia/Ho_Chi_Minh] PHP Warning:  Undefined variable $baseUrl in C:\xampp\htdocs\bookstore\resources\views\layout\footer.php on line 22
[30-Nov-2025 23:54:49 Asia/Ho_Chi_Minh] PHP Warning:  Undefined variable $baseUrl in C:\xampp\htdocs\bookstore\resources\views\layout\footer.php on line 23
[30-Nov-2025 23:54:49 Asia/Ho_Chi_Minh] PHP Warning:  Undefined variable $baseUrl in C:\xampp\htdocs\bookstore\resources\views\layout\footer.php on line 24
[30-Nov-2025 23:54:49 Asia/Ho_Chi_Minh] PHP Warning:  Undefined variable $baseUrl in C:\xampp\htdocs\bookstore\resources\views\layout\footer.php on line 25
[30-Nov-2025 23:54:49 Asia/Ho_Chi_Minh] PHP Warning:  Undefined variable $baseUrl in C:\xampp\htdocs\bookstore\resources\views\layout\footer.php on line 26
[30-Nov-2025 23:54:49 Asia/Ho_Chi_Minh] PHP Warning:  Undefined variable $baseUrl in C:\xampp\htdocs\bookstore\resources\views\layout\footer.php on line 27
[30-Nov-2025 23:54:49 Asia/Ho_Chi_Minh] PHP Warning:  Undefined variable $baseUrl in C:\xampp\htdocs\bookstore\resources\views\layout\footer.php on line 73
[30-Nov-2025 23:54:49 Asia/Ho_Chi_Minh] PHP Warning:  Undefined variable $appName in C:\xampp\htdocs\bookstore\resources\views\layout\footer.php on line 97
[30-Nov-2025 23:54:49 Asia/Ho_Chi_Minh] PHP Deprecated:  htmlspecialchars(): Passing null to parameter #1 ($string) of type string is deprecated in C:\xampp\htdocs\bookstore\resources\views\layout\footer.php on line 97
[30-Nov-2025 23:54:49 Asia/Ho_Chi_Minh] PHP Warning:  Undefined variable $baseUrl in C:\xampp\htdocs\bookstore\resources\views\layout\footer.php on line 100
[30-Nov-2025 23:54:49 Asia/Ho_Chi_Minh] PHP Warning:  Undefined variable $baseUrl in C:\xampp\htdocs\bookstore\resources\views\layout\footer.php on line 101
[30-Nov-2025 23:54:49 Asia/Ho_Chi_Minh] PHP Warning:  Undefined variable $baseUrl in C:\xampp\htdocs\bookstore\resources\views\layout\footer.php on line 102
[30-Nov-2025 23:54:49 Asia/Ho_Chi_Minh] PHP Warning:  Undefined variable $baseUrl in C:\xampp\htdocs\bookstore\resources\views\layout\footer.php on line 158
[01-Dec-2025 00:02:04 Asia/Ho_Chi_Minh] Database connection failed: SQLSTATE[HY000] [1049] Unknown database 'bookstore'
[01-Dec-2025 00:02:04 Asia/Ho_Chi_Minh] Database connection failed: SQLSTATE[HY000] [1049] Unknown database 'bookstore'
[01-Dec-2025 00:02:04 Asia/Ho_Chi_Minh] Database connection failed: SQLSTATE[HY000] [1049] Unknown database 'bookstore'
[01-Dec-2025 00:02:04 Asia/Ho_Chi_Minh] PHP Warning:  Undefined variable $baseUrl in C:\xampp\htdocs\bookstore\resources\views\pages\home.php on line 6
[01-Dec-2025 00:02:04 Asia/Ho_Chi_Minh] PHP Deprecated:  rtrim(): Passing null to parameter #1 ($string) of type string is deprecated in C:\xampp\htdocs\bookstore\resources\views\pages\home.php on line 6
[01-Dec-2025 00:02:04 Asia/Ho_Chi_Minh] PHP Warning:  Undefined variable $appName in C:\xampp\htdocs\bookstore\resources\views\pages\home.php on line 7
[01-Dec-2025 00:02:04 Asia/Ho_Chi_Minh] PHP Deprecated:  htmlspecialchars(): Passing null to parameter #1 ($string) of type string is deprecated in C:\xampp\htdocs\bookstore\resources\views\pages\home.php on line 7
[01-Dec-2025 00:02:04 Asia/Ho_Chi_Minh] PHP Warning:  Undefined variable $baseUrl in C:\xampp\htdocs\bookstore\resources\views\pages\home.php on line 10
[01-Dec-2025 00:02:04 Asia/Ho_Chi_Minh] PHP Warning:  Undefined variable $baseUrl in C:\xampp\htdocs\bookstore\resources\views\pages\home.php on line 11
[01-Dec-2025 00:02:04 Asia/Ho_Chi_Minh] PHP Warning:  Undefined variable $baseUrl in C:\xampp\htdocs\bookstore\resources\views\pages\home.php on line 18
[01-Dec-2025 00:02:04 Asia/Ho_Chi_Minh] PHP Warning:  Undefined variable $baseUrl in C:\xampp\htdocs\bookstore\resources\views\pages\home.php on line 22
[01-Dec-2025 00:02:04 Asia/Ho_Chi_Minh] PHP Warning:  Undefined variable $baseUrl in C:\xampp\htdocs\bookstore\resources\views\pages\home.php on line 171
[01-Dec-2025 00:02:04 Asia/Ho_Chi_Minh] PHP Warning:  Undefined variable $baseUrl in C:\xampp\htdocs\bookstore\resources\views\pages\home.php on line 186
[01-Dec-2025 00:02:04 Asia/Ho_Chi_Minh] PHP Warning:  Undefined variable $baseUrl in C:\xampp\htdocs\bookstore\resources\views\pages\home.php on line 201
[01-Dec-2025 00:02:04 Asia/Ho_Chi_Minh] PHP Warning:  Undefined variable $baseUrl in C:\xampp\htdocs\bookstore\resources\views\pages\home.php on line 233
[01-Dec-2025 00:02:04 Asia/Ho_Chi_Minh] PHP Warning:  Undefined variable $baseUrl in C:\xampp\htdocs\bookstore\resources\views\pages\home.php on line 234
[01-Dec-2025 00:02:04 Asia/Ho_Chi_Minh] PHP Warning:  Undefined variable $baseUrl in C:\xampp\htdocs\bookstore\resources\views\pages\home.php on line 235
[01-Dec-2025 00:02:04 Asia/Ho_Chi_Minh] PHP Warning:  Undefined variable $baseUrl in C:\xampp\htdocs\bookstore\resources\views\pages\home.php on line 236
[01-Dec-2025 00:02:04 Asia/Ho_Chi_Minh] PHP Warning:  Undefined variable $baseUrl in C:\xampp\htdocs\bookstore\resources\views\pages\home.php on line 237
[01-Dec-2025 00:02:04 Asia/Ho_Chi_Minh] PHP Warning:  Undefined variable $baseUrl in C:\xampp\htdocs\bookstore\resources\views\pages\home.php on line 238
[01-Dec-2025 00:02:04 Asia/Ho_Chi_Minh] PHP Warning:  Undefined variable $baseUrl in C:\xampp\htdocs\bookstore\resources\views\pages\home.php on line 239
[01-Dec-2025 00:02:04 Asia/Ho_Chi_Minh] PHP Warning:  Undefined variable $baseUrl in C:\xampp\htdocs\bookstore\resources\views\pages\home.php on line 240
[01-Dec-2025 00:02:04 Asia/Ho_Chi_Minh] PHP Warning:  Undefined variable $baseUrl in C:\xampp\htdocs\bookstore\resources\views\pages\home.php on line 241
[01-Dec-2025 00:02:04 Asia/Ho_Chi_Minh] PHP Warning:  Undefined variable $baseUrl in C:\xampp\htdocs\bookstore\resources\views\pages\home.php on line 242
[01-Dec-2025 00:02:04 Asia/Ho_Chi_Minh] PHP Warning:  Undefined variable $baseUrl in C:\xampp\htdocs\bookstore\resources\views\pages\home.php on line 249
[01-Dec-2025 00:02:04 Asia/Ho_Chi_Minh] PHP Warning:  Undefined variable $baseUrl in C:\xampp\htdocs\bookstore\resources\views\pages\home.php on line 266
[01-Dec-2025 00:02:04 Asia/Ho_Chi_Minh] PHP Warning:  Undefined variable $baseUrl in C:\xampp\htdocs\bookstore\resources\views\pages\home.php on line 428
[01-Dec-2025 00:02:04 Asia/Ho_Chi_Minh] PHP Warning:  Undefined variable $baseUrl in C:\xampp\htdocs\bookstore\resources\views\layout\header.php on line 7
[01-Dec-2025 00:02:04 Asia/Ho_Chi_Minh] PHP Deprecated:  rtrim(): Passing null to parameter #1 ($string) of type string is deprecated in C:\xampp\htdocs\bookstore\resources\views\layout\header.php on line 7
[01-Dec-2025 00:02:04 Asia/Ho_Chi_Minh] PHP Warning:  Undefined variable $appName in C:\xampp\htdocs\bookstore\resources\views\layout\header.php on line 8
[01-Dec-2025 00:02:04 Asia/Ho_Chi_Minh] PHP Warning:  Undefined variable $baseUrl in C:\xampp\htdocs\bookstore\resources\views\layout\header.php on line 9
[01-Dec-2025 00:02:04 Asia/Ho_Chi_Minh] PHP Warning:  Undefined variable $baseUrl in C:\xampp\htdocs\bookstore\resources\views\layout\header.php on line 11
[01-Dec-2025 00:02:04 Asia/Ho_Chi_Minh] PHP Warning:  Undefined variable $baseUrl in C:\xampp\htdocs\bookstore\resources\views\layout\header.php on line 21
[01-Dec-2025 00:02:04 Asia/Ho_Chi_Minh] PHP Warning:  Undefined variable $appName in C:\xampp\htdocs\bookstore\resources\views\layout\header.php on line 23
[01-Dec-2025 00:02:04 Asia/Ho_Chi_Minh] PHP Deprecated:  htmlspecialchars(): Passing null to parameter #1 ($string) of type string is deprecated in C:\xampp\htdocs\bookstore\resources\views\layout\header.php on line 23
[01-Dec-2025 00:02:04 Asia/Ho_Chi_Minh] PHP Warning:  Undefined variable $baseUrl in C:\xampp\htdocs\bookstore\resources\views\layout\header.php on line 29
[01-Dec-2025 00:02:04 Asia/Ho_Chi_Minh] PHP Warning:  Undefined variable $baseUrl in C:\xampp\htdocs\bookstore\resources\views\layout\header.php on line 37
[01-Dec-2025 00:02:04 Asia/Ho_Chi_Minh] PHP Warning:  Undefined variable $baseUrl in C:\xampp\htdocs\bookstore\resources\views\layout\header.php on line 96
[01-Dec-2025 00:02:04 Asia/Ho_Chi_Minh] PHP Warning:  Undefined variable $baseUrl in C:\xampp\htdocs\bookstore\resources\views\layout\header.php on line 110
[01-Dec-2025 00:02:04 Asia/Ho_Chi_Minh] PHP Warning:  Undefined variable $baseUrl in C:\xampp\htdocs\bookstore\resources\views\layout\header.php on line 112
[01-Dec-2025 00:02:04 Asia/Ho_Chi_Minh] PHP Warning:  Undefined variable $baseUrl in C:\xampp\htdocs\bookstore\resources\views\layout\header.php on line 115
[01-Dec-2025 00:02:04 Asia/Ho_Chi_Minh] PHP Warning:  Undefined variable $baseUrl in C:\xampp\htdocs\bookstore\resources\views\layout\header.php on line 116
[01-Dec-2025 00:02:04 Asia/Ho_Chi_Minh] PHP Warning:  Undefined variable $baseUrl in C:\xampp\htdocs\bookstore\resources\views\layout\header.php on line 117
[01-Dec-2025 00:02:04 Asia/Ho_Chi_Minh] PHP Warning:  Undefined variable $baseUrl in C:\xampp\htdocs\bookstore\resources\views\layout\header.php on line 118
[01-Dec-2025 00:02:04 Asia/Ho_Chi_Minh] PHP Warning:  Undefined variable $baseUrl in C:\xampp\htdocs\bookstore\resources\views\layout\header.php on line 120
[01-Dec-2025 00:02:04 Asia/Ho_Chi_Minh] PHP Warning:  Undefined variable $baseUrl in C:\xampp\htdocs\bookstore\resources\views\layout\header.php on line 121
[01-Dec-2025 00:02:04 Asia/Ho_Chi_Minh] PHP Warning:  Undefined variable $baseUrl in C:\xampp\htdocs\bookstore\resources\views\layout\header.php on line 122
[01-Dec-2025 00:02:04 Asia/Ho_Chi_Minh] PHP Warning:  Undefined variable $baseUrl in C:\xampp\htdocs\bookstore\resources\views\layout\header.php on line 123
[01-Dec-2025 00:02:04 Asia/Ho_Chi_Minh] PHP Warning:  Undefined variable $baseUrl in C:\xampp\htdocs\bookstore\resources\views\layout\header.php on line 127
[01-Dec-2025 00:02:04 Asia/Ho_Chi_Minh] PHP Warning:  Undefined variable $baseUrl in C:\xampp\htdocs\bookstore\resources\views\layout\header.php on line 129
[01-Dec-2025 00:02:04 Asia/Ho_Chi_Minh] PHP Warning:  Undefined variable $baseUrl in C:\xampp\htdocs\bookstore\resources\views\layout\header.php on line 130
[01-Dec-2025 00:02:04 Asia/Ho_Chi_Minh] PHP Warning:  Undefined variable $baseUrl in C:\xampp\htdocs\bookstore\resources\views\layout\header.php on line 131
[01-Dec-2025 00:02:04 Asia/Ho_Chi_Minh] PHP Warning:  Undefined variable $baseUrl in C:\xampp\htdocs\bookstore\resources\views\layout\header.php on line 132
[01-Dec-2025 00:02:04 Asia/Ho_Chi_Minh] PHP Warning:  Undefined variable $baseUrl in C:\xampp\htdocs\bookstore\resources\views\layout\header.php on line 136
[01-Dec-2025 00:02:04 Asia/Ho_Chi_Minh] PHP Warning:  Undefined variable $baseUrl in C:\xampp\htdocs\bookstore\resources\views\layout\header.php on line 138
[01-Dec-2025 00:02:04 Asia/Ho_Chi_Minh] PHP Warning:  Undefined variable $baseUrl in C:\xampp\htdocs\bookstore\resources\views\layout\header.php on line 139
[01-Dec-2025 00:02:04 Asia/Ho_Chi_Minh] PHP Warning:  Undefined variable $baseUrl in C:\xampp\htdocs\bookstore\resources\views\layout\header.php on line 140
[01-Dec-2025 00:02:04 Asia/Ho_Chi_Minh] PHP Warning:  Undefined variable $baseUrl in C:\xampp\htdocs\bookstore\resources\views\layout\header.php on line 141
[01-Dec-2025 00:02:04 Asia/Ho_Chi_Minh] PHP Warning:  Undefined variable $baseUrl in C:\xampp\htdocs\bookstore\resources\views\layout\header.php on line 144
[01-Dec-2025 00:02:04 Asia/Ho_Chi_Minh] PHP Warning:  Undefined variable $baseUrl in C:\xampp\htdocs\bookstore\resources\views\layout\header.php on line 145
[01-Dec-2025 00:02:04 Asia/Ho_Chi_Minh] PHP Warning:  Undefined variable $baseUrl in C:\xampp\htdocs\bookstore\resources\views\layout\header.php on line 146
[01-Dec-2025 00:02:04 Asia/Ho_Chi_Minh] PHP Warning:  Undefined variable $baseUrl in C:\xampp\htdocs\bookstore\resources\views\layout\header.php on line 147
[01-Dec-2025 00:02:04 Asia/Ho_Chi_Minh] PHP Warning:  Undefined variable $appName in C:\xampp\htdocs\bookstore\resources\views\layout\footer.php on line 9
[01-Dec-2025 00:02:04 Asia/Ho_Chi_Minh] PHP Deprecated:  htmlspecialchars(): Passing null to parameter #1 ($string) of type string is deprecated in C:\xampp\htdocs\bookstore\resources\views\layout\footer.php on line 9
[01-Dec-2025 00:02:04 Asia/Ho_Chi_Minh] PHP Warning:  Undefined variable $baseUrl in C:\xampp\htdocs\bookstore\resources\views\layout\footer.php on line 21
[01-Dec-2025 00:02:04 Asia/Ho_Chi_Minh] PHP Warning:  Undefined variable $baseUrl in C:\xampp\htdocs\bookstore\resources\views\layout\footer.php on line 22
[01-Dec-2025 00:02:04 Asia/Ho_Chi_Minh] PHP Warning:  Undefined variable $baseUrl in C:\xampp\htdocs\bookstore\resources\views\layout\footer.php on line 23
[01-Dec-2025 00:02:04 Asia/Ho_Chi_Minh] PHP Warning:  Undefined variable $baseUrl in C:\xampp\htdocs\bookstore\resources\views\layout\footer.php on line 24
[01-Dec-2025 00:02:04 Asia/Ho_Chi_Minh] PHP Warning:  Undefined variable $baseUrl in C:\xampp\htdocs\bookstore\resources\views\layout\footer.php on line 25
[01-Dec-2025 00:02:04 Asia/Ho_Chi_Minh] PHP Warning:  Undefined variable $baseUrl in C:\xampp\htdocs\bookstore\resources\views\layout\footer.php on line 26
[01-Dec-2025 00:02:04 Asia/Ho_Chi_Minh] PHP Warning:  Undefined variable $baseUrl in C:\xampp\htdocs\bookstore\resources\views\layout\footer.php on line 27
[01-Dec-2025 00:02:04 Asia/Ho_Chi_Minh] PHP Warning:  Undefined variable $baseUrl in C:\xampp\htdocs\bookstore\resources\views\layout\footer.php on line 73
[01-Dec-2025 00:02:04 Asia/Ho_Chi_Minh] PHP Warning:  Undefined variable $appName in C:\xampp\htdocs\bookstore\resources\views\layout\footer.php on line 97
[01-Dec-2025 00:02:04 Asia/Ho_Chi_Minh] PHP Deprecated:  htmlspecialchars(): Passing null to parameter #1 ($string) of type string is deprecated in C:\xampp\htdocs\bookstore\resources\views\layout\footer.php on line 97
[01-Dec-2025 00:02:04 Asia/Ho_Chi_Minh] PHP Warning:  Undefined variable $baseUrl in C:\xampp\htdocs\bookstore\resources\views\layout\footer.php on line 100
[01-Dec-2025 00:02:04 Asia/Ho_Chi_Minh] PHP Warning:  Undefined variable $baseUrl in C:\xampp\htdocs\bookstore\resources\views\layout\footer.php on line 101
[01-Dec-2025 00:02:04 Asia/Ho_Chi_Minh] PHP Warning:  Undefined variable $baseUrl in C:\xampp\htdocs\bookstore\resources\views\layout\footer.php on line 102
[01-Dec-2025 00:02:04 Asia/Ho_Chi_Minh] PHP Warning:  Undefined variable $baseUrl in C:\xampp\htdocs\bookstore\resources\views\layout\footer.php on line 158
[01-Dec-2025 00:02:04 Asia/Ho_Chi_Minh] Database connection failed: SQLSTATE[HY000] [1049] Unknown database 'bookstore'
[01-Dec-2025 00:02:04 Asia/Ho_Chi_Minh] Database connection failed: SQLSTATE[HY000] [1049] Unknown database 'bookstore'
[01-Dec-2025 00:02:04 Asia/Ho_Chi_Minh] Database connection failed: SQLSTATE[HY000] [1049] Unknown database 'bookstore'
[01-Dec-2025 00:02:04 Asia/Ho_Chi_Minh] PHP Warning:  Undefined variable $baseUrl in C:\xampp\htdocs\bookstore\resources\views\pages\home.php on line 6
[01-Dec-2025 00:02:04 Asia/Ho_Chi_Minh] PHP Deprecated:  rtrim(): Passing null to parameter #1 ($string) of type string is deprecated in C:\xampp\htdocs\bookstore\resources\views\pages\home.php on line 6
[01-Dec-2025 00:02:04 Asia/Ho_Chi_Minh] PHP Warning:  Undefined variable $appName in C:\xampp\htdocs\bookstore\resources\views\pages\home.php on line 7
[01-Dec-2025 00:02:04 Asia/Ho_Chi_Minh] PHP Deprecated:  htmlspecialchars(): Passing null to parameter #1 ($string) of type string is deprecated in C:\xampp\htdocs\bookstore\resources\views\pages\home.php on line 7
[01-Dec-2025 00:02:04 Asia/Ho_Chi_Minh] PHP Warning:  Undefined variable $baseUrl in C:\xampp\htdocs\bookstore\resources\views\pages\home.php on line 10
[01-Dec-2025 00:02:04 Asia/Ho_Chi_Minh] PHP Warning:  Undefined variable $baseUrl in C:\xampp\htdocs\bookstore\resources\views\pages\home.php on line 11
[01-Dec-2025 00:02:04 Asia/Ho_Chi_Minh] PHP Warning:  Undefined variable $baseUrl in C:\xampp\htdocs\bookstore\resources\views\pages\home.php on line 18
[01-Dec-2025 00:02:04 Asia/Ho_Chi_Minh] PHP Warning:  Undefined variable $baseUrl in C:\xampp\htdocs\bookstore\resources\views\pages\home.php on line 22
[01-Dec-2025 00:02:04 Asia/Ho_Chi_Minh] PHP Warning:  Undefined variable $baseUrl in C:\xampp\htdocs\bookstore\resources\views\pages\home.php on line 171
[01-Dec-2025 00:02:04 Asia/Ho_Chi_Minh] PHP Warning:  Undefined variable $baseUrl in C:\xampp\htdocs\bookstore\resources\views\pages\home.php on line 186
[01-Dec-2025 00:02:04 Asia/Ho_Chi_Minh] PHP Warning:  Undefined variable $baseUrl in C:\xampp\htdocs\bookstore\resources\views\pages\home.php on line 201
[01-Dec-2025 00:02:04 Asia/Ho_Chi_Minh] PHP Warning:  Undefined variable $baseUrl in C:\xampp\htdocs\bookstore\resources\views\pages\home.php on line 233
[01-Dec-2025 00:02:04 Asia/Ho_Chi_Minh] PHP Warning:  Undefined variable $baseUrl in C:\xampp\htdocs\bookstore\resources\views\pages\home.php on line 234
[01-Dec-2025 00:02:04 Asia/Ho_Chi_Minh] PHP Warning:  Undefined variable $baseUrl in C:\xampp\htdocs\bookstore\resources\views\pages\home.php on line 235
[01-Dec-2025 00:02:04 Asia/Ho_Chi_Minh] PHP Warning:  Undefined variable $baseUrl in C:\xampp\htdocs\bookstore\resources\views\pages\home.php on line 236
[01-Dec-2025 00:02:04 Asia/Ho_Chi_Minh] PHP Warning:  Undefined variable $baseUrl in C:\xampp\htdocs\bookstore\resources\views\pages\home.php on line 237
[01-Dec-2025 00:02:04 Asia/Ho_Chi_Minh] PHP Warning:  Undefined variable $baseUrl in C:\xampp\htdocs\bookstore\resources\views\pages\home.php on line 238
[01-Dec-2025 00:02:04 Asia/Ho_Chi_Minh] PHP Warning:  Undefined variable $baseUrl in C:\xampp\htdocs\bookstore\resources\views\pages\home.php on line 239
[01-Dec-2025 00:02:04 Asia/Ho_Chi_Minh] PHP Warning:  Undefined variable $baseUrl in C:\xampp\htdocs\bookstore\resources\views\pages\home.php on line 240
[01-Dec-2025 00:02:04 Asia/Ho_Chi_Minh] PHP Warning:  Undefined variable $baseUrl in C:\xampp\htdocs\bookstore\resources\views\pages\home.php on line 241
[01-Dec-2025 00:02:04 Asia/Ho_Chi_Minh] PHP Warning:  Undefined variable $baseUrl in C:\xampp\htdocs\bookstore\resources\views\pages\home.php on line 242
[01-Dec-2025 00:02:04 Asia/Ho_Chi_Minh] PHP Warning:  Undefined variable $baseUrl in C:\xampp\htdocs\bookstore\resources\views\pages\home.php on line 249
[01-Dec-2025 00:02:04 Asia/Ho_Chi_Minh] PHP Warning:  Undefined variable $baseUrl in C:\xampp\htdocs\bookstore\resources\views\pages\home.php on line 266
[01-Dec-2025 00:02:04 Asia/Ho_Chi_Minh] PHP Warning:  Undefined variable $baseUrl in C:\xampp\htdocs\bookstore\resources\views\pages\home.php on line 428
[01-Dec-2025 00:02:04 Asia/Ho_Chi_Minh] PHP Warning:  Undefined variable $baseUrl in C:\xampp\htdocs\bookstore\resources\views\layout\header.php on line 7
[01-Dec-2025 00:02:04 Asia/Ho_Chi_Minh] PHP Deprecated:  rtrim(): Passing null to parameter #1 ($string) of type string is deprecated in C:\xampp\htdocs\bookstore\resources\views\layout\header.php on line 7
[01-Dec-2025 00:02:04 Asia/Ho_Chi_Minh] PHP Warning:  Undefined variable $appName in C:\xampp\htdocs\bookstore\resources\views\layout\header.php on line 8
[01-Dec-2025 00:02:04 Asia/Ho_Chi_Minh] PHP Warning:  Undefined variable $baseUrl in C:\xampp\htdocs\bookstore\resources\views\layout\header.php on line 9
[01-Dec-2025 00:02:04 Asia/Ho_Chi_Minh] PHP Warning:  Undefined variable $baseUrl in C:\xampp\htdocs\bookstore\resources\views\layout\header.php on line 11
[01-Dec-2025 00:02:04 Asia/Ho_Chi_Minh] PHP Warning:  Undefined variable $baseUrl in C:\xampp\htdocs\bookstore\resources\views\layout\header.php on line 21
[01-Dec-2025 00:02:04 Asia/Ho_Chi_Minh] PHP Warning:  Undefined variable $appName in C:\xampp\htdocs\bookstore\resources\views\layout\header.php on line 23
[01-Dec-2025 00:02:04 Asia/Ho_Chi_Minh] PHP Deprecated:  htmlspecialchars(): Passing null to parameter #1 ($string) of type string is deprecated in C:\xampp\htdocs\bookstore\resources\views\layout\header.php on line 23
[01-Dec-2025 00:02:04 Asia/Ho_Chi_Minh] PHP Warning:  Undefined variable $baseUrl in C:\xampp\htdocs\bookstore\resources\views\layout\header.php on line 29
[01-Dec-2025 00:02:04 Asia/Ho_Chi_Minh] PHP Warning:  Undefined variable $baseUrl in C:\xampp\htdocs\bookstore\resources\views\layout\header.php on line 37
[01-Dec-2025 00:02:04 Asia/Ho_Chi_Minh] PHP Warning:  Undefined variable $baseUrl in C:\xampp\htdocs\bookstore\resources\views\layout\header.php on line 96
[01-Dec-2025 00:02:04 Asia/Ho_Chi_Minh] PHP Warning:  Undefined variable $baseUrl in C:\xampp\htdocs\bookstore\resources\views\layout\header.php on line 110
[01-Dec-2025 00:02:04 Asia/Ho_Chi_Minh] PHP Warning:  Undefined variable $baseUrl in C:\xampp\htdocs\bookstore\resources\views\layout\header.php on line 112
[01-Dec-2025 00:02:04 Asia/Ho_Chi_Minh] PHP Warning:  Undefined variable $baseUrl in C:\xampp\htdocs\bookstore\resources\views\layout\header.php on line 115
[01-Dec-2025 00:02:04 Asia/Ho_Chi_Minh] PHP Warning:  Undefined variable $baseUrl in C:\xampp\htdocs\bookstore\resources\views\layout\header.php on line 116
[01-Dec-2025 00:02:04 Asia/Ho_Chi_Minh] PHP Warning:  Undefined variable $baseUrl in C:\xampp\htdocs\bookstore\resources\views\layout\header.php on line 117
[01-Dec-2025 00:02:04 Asia/Ho_Chi_Minh] PHP Warning:  Undefined variable $baseUrl in C:\xampp\htdocs\bookstore\resources\views\layout\header.php on line 118
[01-Dec-2025 00:02:04 Asia/Ho_Chi_Minh] PHP Warning:  Undefined variable $baseUrl in C:\xampp\htdocs\bookstore\resources\views\layout\header.php on line 120
[01-Dec-2025 00:02:04 Asia/Ho_Chi_Minh] PHP Warning:  Undefined variable $baseUrl in C:\xampp\htdocs\bookstore\resources\views\layout\header.php on line 121
[01-Dec-2025 00:02:04 Asia/Ho_Chi_Minh] PHP Warning:  Undefined variable $baseUrl in C:\xampp\htdocs\bookstore\resources\views\layout\header.php on line 122
[01-Dec-2025 00:02:04 Asia/Ho_Chi_Minh] PHP Warning:  Undefined variable $baseUrl in C:\xampp\htdocs\bookstore\resources\views\layout\header.php on line 123
[01-Dec-2025 00:02:04 Asia/Ho_Chi_Minh] PHP Warning:  Undefined variable $baseUrl in C:\xampp\htdocs\bookstore\resources\views\layout\header.php on line 127
[01-Dec-2025 00:02:04 Asia/Ho_Chi_Minh] PHP Warning:  Undefined variable $baseUrl in C:\xampp\htdocs\bookstore\resources\views\layout\header.php on line 129
[01-Dec-2025 00:02:04 Asia/Ho_Chi_Minh] PHP Warning:  Undefined variable $baseUrl in C:\xampp\htdocs\bookstore\resources\views\layout\header.php on line 130
[01-Dec-2025 00:02:04 Asia/Ho_Chi_Minh] PHP Warning:  Undefined variable $baseUrl in C:\xampp\htdocs\bookstore\resources\views\layout\header.php on line 131
[01-Dec-2025 00:02:04 Asia/Ho_Chi_Minh] PHP Warning:  Undefined variable $baseUrl in C:\xampp\htdocs\bookstore\resources\views\layout\header.php on line 132
[01-Dec-2025 00:02:04 Asia/Ho_Chi_Minh] PHP Warning:  Undefined variable $baseUrl in C:\xampp\htdocs\bookstore\resources\views\layout\header.php on line 136
[01-Dec-2025 00:02:04 Asia/Ho_Chi_Minh] PHP Warning:  Undefined variable $baseUrl in C:\xampp\htdocs\bookstore\resources\views\layout\header.php on line 138
[01-Dec-2025 00:02:04 Asia/Ho_Chi_Minh] PHP Warning:  Undefined variable $baseUrl in C:\xampp\htdocs\bookstore\resources\views\layout\header.php on line 139
[01-Dec-2025 00:02:04 Asia/Ho_Chi_Minh] PHP Warning:  Undefined variable $baseUrl in C:\xampp\htdocs\bookstore\resources\views\layout\header.php on line 140
[01-Dec-2025 00:02:04 Asia/Ho_Chi_Minh] PHP Warning:  Undefined variable $baseUrl in C:\xampp\htdocs\bookstore\resources\views\layout\header.php on line 141
[01-Dec-2025 00:02:04 Asia/Ho_Chi_Minh] PHP Warning:  Undefined variable $baseUrl in C:\xampp\htdocs\bookstore\resources\views\layout\header.php on line 144
[01-Dec-2025 00:02:04 Asia/Ho_Chi_Minh] PHP Warning:  Undefined variable $baseUrl in C:\xampp\htdocs\bookstore\resources\views\layout\header.php on line 145
[01-Dec-2025 00:02:04 Asia/Ho_Chi_Minh] PHP Warning:  Undefined variable $baseUrl in C:\xampp\htdocs\bookstore\resources\views\layout\header.php on line 146
[01-Dec-2025 00:02:04 Asia/Ho_Chi_Minh] PHP Warning:  Undefined variable $baseUrl in C:\xampp\htdocs\bookstore\resources\views\layout\header.php on line 147
[01-Dec-2025 00:02:04 Asia/Ho_Chi_Minh] PHP Warning:  Undefined variable $appName in C:\xampp\htdocs\bookstore\resources\views\layout\footer.php on line 9
[01-Dec-2025 00:02:04 Asia/Ho_Chi_Minh] PHP Deprecated:  htmlspecialchars(): Passing null to parameter #1 ($string) of type string is deprecated in C:\xampp\htdocs\bookstore\resources\views\layout\footer.php on line 9
[01-Dec-2025 00:02:04 Asia/Ho_Chi_Minh] PHP Warning:  Undefined variable $baseUrl in C:\xampp\htdocs\bookstore\resources\views\layout\footer.php on line 21
[01-Dec-2025 00:02:04 Asia/Ho_Chi_Minh] PHP Warning:  Undefined variable $baseUrl in C:\xampp\htdocs\bookstore\resources\views\layout\footer.php on line 22
[01-Dec-2025 00:02:04 Asia/Ho_Chi_Minh] PHP Warning:  Undefined variable $baseUrl in C:\xampp\htdocs\bookstore\resources\views\layout\footer.php on line 23
[01-Dec-2025 00:02:04 Asia/Ho_Chi_Minh] PHP Warning:  Undefined variable $baseUrl in C:\xampp\htdocs\bookstore\resources\views\layout\footer.php on line 24
[01-Dec-2025 00:02:04 Asia/Ho_Chi_Minh] PHP Warning:  Undefined variable $baseUrl in C:\xampp\htdocs\bookstore\resources\views\layout\footer.php on line 25
[01-Dec-2025 00:02:04 Asia/Ho_Chi_Minh] PHP Warning:  Undefined variable $baseUrl in C:\xampp\htdocs\bookstore\resources\views\layout\footer.php on line 26
[01-Dec-2025 00:02:04 Asia/Ho_Chi_Minh] PHP Warning:  Undefined variable $baseUrl in C:\xampp\htdocs\bookstore\resources\views\layout\footer.php on line 27
[01-Dec-2025 00:02:04 Asia/Ho_Chi_Minh] PHP Warning:  Undefined variable $baseUrl in C:\xampp\htdocs\bookstore\resources\views\layout\footer.php on line 73
[01-Dec-2025 00:02:04 Asia/Ho_Chi_Minh] PHP Warning:  Undefined variable $appName in C:\xampp\htdocs\bookstore\resources\views\layout\footer.php on line 97
[01-Dec-2025 00:02:04 Asia/Ho_Chi_Minh] PHP Deprecated:  htmlspecialchars(): Passing null to parameter #1 ($string) of type string is deprecated in C:\xampp\htdocs\bookstore\resources\views\layout\footer.php on line 97
[01-Dec-2025 00:02:04 Asia/Ho_Chi_Minh] PHP Warning:  Undefined variable $baseUrl in C:\xampp\htdocs\bookstore\resources\views\layout\footer.php on line 100
[01-Dec-2025 00:02:04 Asia/Ho_Chi_Minh] PHP Warning:  Undefined variable $baseUrl in C:\xampp\htdocs\bookstore\resources\views\layout\footer.php on line 101
[01-Dec-2025 00:02:04 Asia/Ho_Chi_Minh] PHP Warning:  Undefined variable $baseUrl in C:\xampp\htdocs\bookstore\resources\views\layout\footer.php on line 102
[01-Dec-2025 00:02:04 Asia/Ho_Chi_Minh] PHP Warning:  Undefined variable $baseUrl in C:\xampp\htdocs\bookstore\resources\views\layout\footer.php on line 158
[01-Dec-2025 00:07:21 Asia/Ho_Chi_Minh] Database connection failed: SQLSTATE[HY000] [1049] Unknown database 'bookstore'
[01-Dec-2025 00:07:21 Asia/Ho_Chi_Minh] Database connection failed: SQLSTATE[HY000] [1049] Unknown database 'bookstore'
[01-Dec-2025 00:07:21 Asia/Ho_Chi_Minh] Database connection failed: SQLSTATE[HY000] [1049] Unknown database 'bookstore'
[01-Dec-2025 00:07:21 Asia/Ho_Chi_Minh] PHP Warning:  Undefined variable $baseUrl in C:\xampp\htdocs\bookstore\resources\views\pages\home.php on line 6
[01-Dec-2025 00:07:21 Asia/Ho_Chi_Minh] PHP Deprecated:  rtrim(): Passing null to parameter #1 ($string) of type string is deprecated in C:\xampp\htdocs\bookstore\resources\views\pages\home.php on line 6
[01-Dec-2025 00:07:21 Asia/Ho_Chi_Minh] PHP Warning:  Undefined variable $appName in C:\xampp\htdocs\bookstore\resources\views\pages\home.php on line 7
[01-Dec-2025 00:07:21 Asia/Ho_Chi_Minh] PHP Deprecated:  htmlspecialchars(): Passing null to parameter #1 ($string) of type string is deprecated in C:\xampp\htdocs\bookstore\resources\views\pages\home.php on line 7
[01-Dec-2025 00:07:21 Asia/Ho_Chi_Minh] PHP Warning:  Undefined variable $baseUrl in C:\xampp\htdocs\bookstore\resources\views\pages\home.php on line 10
[01-Dec-2025 00:07:21 Asia/Ho_Chi_Minh] PHP Warning:  Undefined variable $baseUrl in C:\xampp\htdocs\bookstore\resources\views\pages\home.php on line 11
[01-Dec-2025 00:07:21 Asia/Ho_Chi_Minh] PHP Warning:  Undefined variable $baseUrl in C:\xampp\htdocs\bookstore\resources\views\pages\home.php on line 18
[01-Dec-2025 00:07:21 Asia/Ho_Chi_Minh] PHP Warning:  Undefined variable $baseUrl in C:\xampp\htdocs\bookstore\resources\views\pages\home.php on line 22
[01-Dec-2025 00:07:21 Asia/Ho_Chi_Minh] PHP Warning:  Undefined variable $baseUrl in C:\xampp\htdocs\bookstore\resources\views\pages\home.php on line 171
[01-Dec-2025 00:07:21 Asia/Ho_Chi_Minh] PHP Warning:  Undefined variable $baseUrl in C:\xampp\htdocs\bookstore\resources\views\pages\home.php on line 186
[01-Dec-2025 00:07:21 Asia/Ho_Chi_Minh] PHP Warning:  Undefined variable $baseUrl in C:\xampp\htdocs\bookstore\resources\views\pages\home.php on line 201
[01-Dec-2025 00:07:21 Asia/Ho_Chi_Minh] PHP Warning:  Undefined variable $baseUrl in C:\xampp\htdocs\bookstore\resources\views\pages\home.php on line 233
[01-Dec-2025 00:07:21 Asia/Ho_Chi_Minh] PHP Warning:  Undefined variable $baseUrl in C:\xampp\htdocs\bookstore\resources\views\pages\home.php on line 234
[01-Dec-2025 00:07:21 Asia/Ho_Chi_Minh] PHP Warning:  Undefined variable $baseUrl in C:\xampp\htdocs\bookstore\resources\views\pages\home.php on line 235
[01-Dec-2025 00:07:21 Asia/Ho_Chi_Minh] PHP Warning:  Undefined variable $baseUrl in C:\xampp\htdocs\bookstore\resources\views\pages\home.php on line 236
[01-Dec-2025 00:07:21 Asia/Ho_Chi_Minh] PHP Warning:  Undefined variable $baseUrl in C:\xampp\htdocs\bookstore\resources\views\pages\home.php on line 237
[01-Dec-2025 00:07:21 Asia/Ho_Chi_Minh] PHP Warning:  Undefined variable $baseUrl in C:\xampp\htdocs\bookstore\resources\views\pages\home.php on line 238
[01-Dec-2025 00:07:21 Asia/Ho_Chi_Minh] PHP Warning:  Undefined variable $baseUrl in C:\xampp\htdocs\bookstore\resources\views\pages\home.php on line 239
[01-Dec-2025 00:07:21 Asia/Ho_Chi_Minh] PHP Warning:  Undefined variable $baseUrl in C:\xampp\htdocs\bookstore\resources\views\pages\home.php on line 240
[01-Dec-2025 00:07:21 Asia/Ho_Chi_Minh] PHP Warning:  Undefined variable $baseUrl in C:\xampp\htdocs\bookstore\resources\views\pages\home.php on line 241
[01-Dec-2025 00:07:21 Asia/Ho_Chi_Minh] PHP Warning:  Undefined variable $baseUrl in C:\xampp\htdocs\bookstore\resources\views\pages\home.php on line 242
[01-Dec-2025 00:07:21 Asia/Ho_Chi_Minh] PHP Warning:  Undefined variable $baseUrl in C:\xampp\htdocs\bookstore\resources\views\pages\home.php on line 249
[01-Dec-2025 00:07:21 Asia/Ho_Chi_Minh] PHP Warning:  Undefined variable $baseUrl in C:\xampp\htdocs\bookstore\resources\views\pages\home.php on line 266
[01-Dec-2025 00:07:21 Asia/Ho_Chi_Minh] PHP Warning:  Undefined variable $baseUrl in C:\xampp\htdocs\bookstore\resources\views\pages\home.php on line 428
[01-Dec-2025 00:07:21 Asia/Ho_Chi_Minh] PHP Warning:  Undefined variable $baseUrl in C:\xampp\htdocs\bookstore\resources\views\layout\header.php on line 7
[01-Dec-2025 00:07:21 Asia/Ho_Chi_Minh] PHP Deprecated:  rtrim(): Passing null to parameter #1 ($string) of type string is deprecated in C:\xampp\htdocs\bookstore\resources\views\layout\header.php on line 7
[01-Dec-2025 00:07:21 Asia/Ho_Chi_Minh] PHP Warning:  Undefined variable $appName in C:\xampp\htdocs\bookstore\resources\views\layout\header.php on line 8
[01-Dec-2025 00:07:21 Asia/Ho_Chi_Minh] PHP Warning:  Undefined variable $baseUrl in C:\xampp\htdocs\bookstore\resources\views\layout\header.php on line 9
[01-Dec-2025 00:07:21 Asia/Ho_Chi_Minh] PHP Warning:  Undefined variable $baseUrl in C:\xampp\htdocs\bookstore\resources\views\layout\header.php on line 11
[01-Dec-2025 00:07:21 Asia/Ho_Chi_Minh] PHP Warning:  Undefined variable $baseUrl in C:\xampp\htdocs\bookstore\resources\views\layout\header.php on line 21
[01-Dec-2025 00:07:21 Asia/Ho_Chi_Minh] PHP Warning:  Undefined variable $appName in C:\xampp\htdocs\bookstore\resources\views\layout\header.php on line 23
[01-Dec-2025 00:07:21 Asia/Ho_Chi_Minh] PHP Deprecated:  htmlspecialchars(): Passing null to parameter #1 ($string) of type string is deprecated in C:\xampp\htdocs\bookstore\resources\views\layout\header.php on line 23
[01-Dec-2025 00:07:21 Asia/Ho_Chi_Minh] PHP Warning:  Undefined variable $baseUrl in C:\xampp\htdocs\bookstore\resources\views\layout\header.php on line 29
[01-Dec-2025 00:07:21 Asia/Ho_Chi_Minh] PHP Warning:  Undefined variable $baseUrl in C:\xampp\htdocs\bookstore\resources\views\layout\header.php on line 37
[01-Dec-2025 00:07:21 Asia/Ho_Chi_Minh] PHP Warning:  Undefined variable $baseUrl in C:\xampp\htdocs\bookstore\resources\views\layout\header.php on line 96
[01-Dec-2025 00:07:21 Asia/Ho_Chi_Minh] PHP Warning:  Undefined variable $baseUrl in C:\xampp\htdocs\bookstore\resources\views\layout\header.php on line 110
[01-Dec-2025 00:07:21 Asia/Ho_Chi_Minh] PHP Warning:  Undefined variable $baseUrl in C:\xampp\htdocs\bookstore\resources\views\layout\header.php on line 112
[01-Dec-2025 00:07:21 Asia/Ho_Chi_Minh] PHP Warning:  Undefined variable $baseUrl in C:\xampp\htdocs\bookstore\resources\views\layout\header.php on line 115
[01-Dec-2025 00:07:21 Asia/Ho_Chi_Minh] PHP Warning:  Undefined variable $baseUrl in C:\xampp\htdocs\bookstore\resources\views\layout\header.php on line 116
[01-Dec-2025 00:07:21 Asia/Ho_Chi_Minh] PHP Warning:  Undefined variable $baseUrl in C:\xampp\htdocs\bookstore\resources\views\layout\header.php on line 117
[01-Dec-2025 00:07:21 Asia/Ho_Chi_Minh] PHP Warning:  Undefined variable $baseUrl in C:\xampp\htdocs\bookstore\resources\views\layout\header.php on line 118
[01-Dec-2025 00:07:21 Asia/Ho_Chi_Minh] PHP Warning:  Undefined variable $baseUrl in C:\xampp\htdocs\bookstore\resources\views\layout\header.php on line 120
[01-Dec-2025 00:07:21 Asia/Ho_Chi_Minh] PHP Warning:  Undefined variable $baseUrl in C:\xampp\htdocs\bookstore\resources\views\layout\header.php on line 121
[01-Dec-2025 00:07:21 Asia/Ho_Chi_Minh] PHP Warning:  Undefined variable $baseUrl in C:\xampp\htdocs\bookstore\resources\views\layout\header.php on line 122
[01-Dec-2025 00:07:21 Asia/Ho_Chi_Minh] PHP Warning:  Undefined variable $baseUrl in C:\xampp\htdocs\bookstore\resources\views\layout\header.php on line 123
[01-Dec-2025 00:07:21 Asia/Ho_Chi_Minh] PHP Warning:  Undefined variable $baseUrl in C:\xampp\htdocs\bookstore\resources\views\layout\header.php on line 127
[01-Dec-2025 00:07:21 Asia/Ho_Chi_Minh] PHP Warning:  Undefined variable $baseUrl in C:\xampp\htdocs\bookstore\resources\views\layout\header.php on line 129
[01-Dec-2025 00:07:21 Asia/Ho_Chi_Minh] PHP Warning:  Undefined variable $baseUrl in C:\xampp\htdocs\bookstore\resources\views\layout\header.php on line 130
[01-Dec-2025 00:07:21 Asia/Ho_Chi_Minh] PHP Warning:  Undefined variable $baseUrl in C:\xampp\htdocs\bookstore\resources\views\layout\header.php on line 131
[01-Dec-2025 00:07:21 Asia/Ho_Chi_Minh] PHP Warning:  Undefined variable $baseUrl in C:\xampp\htdocs\bookstore\resources\views\layout\header.php on line 132
[01-Dec-2025 00:07:21 Asia/Ho_Chi_Minh] PHP Warning:  Undefined variable $baseUrl in C:\xampp\htdocs\bookstore\resources\views\layout\header.php on line 136
[01-Dec-2025 00:07:21 Asia/Ho_Chi_Minh] PHP Warning:  Undefined variable $baseUrl in C:\xampp\htdocs\bookstore\resources\views\layout\header.php on line 138
[01-Dec-2025 00:07:21 Asia/Ho_Chi_Minh] PHP Warning:  Undefined variable $baseUrl in C:\xampp\htdocs\bookstore\resources\views\layout\header.php on line 139
[01-Dec-2025 00:07:21 Asia/Ho_Chi_Minh] PHP Warning:  Undefined variable $baseUrl in C:\xampp\htdocs\bookstore\resources\views\layout\header.php on line 140
[01-Dec-2025 00:07:21 Asia/Ho_Chi_Minh] PHP Warning:  Undefined variable $baseUrl in C:\xampp\htdocs\bookstore\resources\views\layout\header.php on line 141
[01-Dec-2025 00:07:21 Asia/Ho_Chi_Minh] PHP Warning:  Undefined variable $baseUrl in C:\xampp\htdocs\bookstore\resources\views\layout\header.php on line 144
[01-Dec-2025 00:07:21 Asia/Ho_Chi_Minh] PHP Warning:  Undefined variable $baseUrl in C:\xampp\htdocs\bookstore\resources\views\layout\header.php on line 145
[01-Dec-2025 00:07:21 Asia/Ho_Chi_Minh] PHP Warning:  Undefined variable $baseUrl in C:\xampp\htdocs\bookstore\resources\views\layout\header.php on line 146
[01-Dec-2025 00:07:21 Asia/Ho_Chi_Minh] PHP Warning:  Undefined variable $baseUrl in C:\xampp\htdocs\bookstore\resources\views\layout\header.php on line 147
[01-Dec-2025 00:07:21 Asia/Ho_Chi_Minh] PHP Warning:  Undefined variable $appName in C:\xampp\htdocs\bookstore\resources\views\layout\footer.php on line 9
[01-Dec-2025 00:07:21 Asia/Ho_Chi_Minh] PHP Deprecated:  htmlspecialchars(): Passing null to parameter #1 ($string) of type string is deprecated in C:\xampp\htdocs\bookstore\resources\views\layout\footer.php on line 9
[01-Dec-2025 00:07:21 Asia/Ho_Chi_Minh] PHP Warning:  Undefined variable $baseUrl in C:\xampp\htdocs\bookstore\resources\views\layout\footer.php on line 21
[01-Dec-2025 00:07:21 Asia/Ho_Chi_Minh] PHP Warning:  Undefined variable $baseUrl in C:\xampp\htdocs\bookstore\resources\views\layout\footer.php on line 22
[01-Dec-2025 00:07:21 Asia/Ho_Chi_Minh] PHP Warning:  Undefined variable $baseUrl in C:\xampp\htdocs\bookstore\resources\views\layout\footer.php on line 23
[01-Dec-2025 00:07:21 Asia/Ho_Chi_Minh] PHP Warning:  Undefined variable $baseUrl in C:\xampp\htdocs\bookstore\resources\views\layout\footer.php on line 24
[01-Dec-2025 00:07:21 Asia/Ho_Chi_Minh] PHP Warning:  Undefined variable $baseUrl in C:\xampp\htdocs\bookstore\resources\views\layout\footer.php on line 25
[01-Dec-2025 00:07:21 Asia/Ho_Chi_Minh] PHP Warning:  Undefined variable $baseUrl in C:\xampp\htdocs\bookstore\resources\views\layout\footer.php on line 26
[01-Dec-2025 00:07:21 Asia/Ho_Chi_Minh] PHP Warning:  Undefined variable $baseUrl in C:\xampp\htdocs\bookstore\resources\views\layout\footer.php on line 27
[01-Dec-2025 00:07:21 Asia/Ho_Chi_Minh] PHP Warning:  Undefined variable $baseUrl in C:\xampp\htdocs\bookstore\resources\views\layout\footer.php on line 73
[01-Dec-2025 00:07:21 Asia/Ho_Chi_Minh] PHP Warning:  Undefined variable $appName in C:\xampp\htdocs\bookstore\resources\views\layout\footer.php on line 97
[01-Dec-2025 00:07:21 Asia/Ho_Chi_Minh] PHP Deprecated:  htmlspecialchars(): Passing null to parameter #1 ($string) of type string is deprecated in C:\xampp\htdocs\bookstore\resources\views\layout\footer.php on line 97
[01-Dec-2025 00:07:21 Asia/Ho_Chi_Minh] PHP Warning:  Undefined variable $baseUrl in C:\xampp\htdocs\bookstore\resources\views\layout\footer.php on line 100
[01-Dec-2025 00:07:21 Asia/Ho_Chi_Minh] PHP Warning:  Undefined variable $baseUrl in C:\xampp\htdocs\bookstore\resources\views\layout\footer.php on line 101
[01-Dec-2025 00:07:21 Asia/Ho_Chi_Minh] PHP Warning:  Undefined variable $baseUrl in C:\xampp\htdocs\bookstore\resources\views\layout\footer.php on line 102
[01-Dec-2025 00:07:21 Asia/Ho_Chi_Minh] PHP Warning:  Undefined variable $baseUrl in C:\xampp\htdocs\bookstore\resources\views\layout\footer.php on line 158
[01-Dec-2025 00:07:21 Asia/Ho_Chi_Minh] Database connection failed: SQLSTATE[HY000] [1049] Unknown database 'bookstore'
[01-Dec-2025 00:07:21 Asia/Ho_Chi_Minh] Database connection failed: SQLSTATE[HY000] [1049] Unknown database 'bookstore'
[01-Dec-2025 00:07:21 Asia/Ho_Chi_Minh] Database connection failed: SQLSTATE[HY000] [1049] Unknown database 'bookstore'
[01-Dec-2025 00:07:21 Asia/Ho_Chi_Minh] PHP Warning:  Undefined variable $baseUrl in C:\xampp\htdocs\bookstore\resources\views\pages\home.php on line 6
[01-Dec-2025 00:07:21 Asia/Ho_Chi_Minh] PHP Deprecated:  rtrim(): Passing null to parameter #1 ($string) of type string is deprecated in C:\xampp\htdocs\bookstore\resources\views\pages\home.php on line 6
[01-Dec-2025 00:07:21 Asia/Ho_Chi_Minh] PHP Warning:  Undefined variable $appName in C:\xampp\htdocs\bookstore\resources\views\pages\home.php on line 7
[01-Dec-2025 00:07:21 Asia/Ho_Chi_Minh] PHP Deprecated:  htmlspecialchars(): Passing null to parameter #1 ($string) of type string is deprecated in C:\xampp\htdocs\bookstore\resources\views\pages\home.php on line 7
[01-Dec-2025 00:07:21 Asia/Ho_Chi_Minh] PHP Warning:  Undefined variable $baseUrl in C:\xampp\htdocs\bookstore\resources\views\pages\home.php on line 10
[01-Dec-2025 00:07:21 Asia/Ho_Chi_Minh] PHP Warning:  Undefined variable $baseUrl in C:\xampp\htdocs\bookstore\resources\views\pages\home.php on line 11
[01-Dec-2025 00:07:21 Asia/Ho_Chi_Minh] PHP Warning:  Undefined variable $baseUrl in C:\xampp\htdocs\bookstore\resources\views\pages\home.php on line 18
[01-Dec-2025 00:07:21 Asia/Ho_Chi_Minh] PHP Warning:  Undefined variable $baseUrl in C:\xampp\htdocs\bookstore\resources\views\pages\home.php on line 22
[01-Dec-2025 00:07:21 Asia/Ho_Chi_Minh] PHP Warning:  Undefined variable $baseUrl in C:\xampp\htdocs\bookstore\resources\views\pages\home.php on line 171
[01-Dec-2025 00:07:21 Asia/Ho_Chi_Minh] PHP Warning:  Undefined variable $baseUrl in C:\xampp\htdocs\bookstore\resources\views\pages\home.php on line 186
[01-Dec-2025 00:07:21 Asia/Ho_Chi_Minh] PHP Warning:  Undefined variable $baseUrl in C:\xampp\htdocs\bookstore\resources\views\pages\home.php on line 201
[01-Dec-2025 00:07:21 Asia/Ho_Chi_Minh] PHP Warning:  Undefined variable $baseUrl in C:\xampp\htdocs\bookstore\resources\views\pages\home.php on line 233
[01-Dec-2025 00:07:21 Asia/Ho_Chi_Minh] PHP Warning:  Undefined variable $baseUrl in C:\xampp\htdocs\bookstore\resources\views\pages\home.php on line 234
[01-Dec-2025 00:07:21 Asia/Ho_Chi_Minh] PHP Warning:  Undefined variable $baseUrl in C:\xampp\htdocs\bookstore\resources\views\pages\home.php on line 235
[01-Dec-2025 00:07:21 Asia/Ho_Chi_Minh] PHP Warning:  Undefined variable $baseUrl in C:\xampp\htdocs\bookstore\resources\views\pages\home.php on line 236
[01-Dec-2025 00:07:21 Asia/Ho_Chi_Minh] PHP Warning:  Undefined variable $baseUrl in C:\xampp\htdocs\bookstore\resources\views\pages\home.php on line 237
[01-Dec-2025 00:07:21 Asia/Ho_Chi_Minh] PHP Warning:  Undefined variable $baseUrl in C:\xampp\htdocs\bookstore\resources\views\pages\home.php on line 238
[01-Dec-2025 00:07:21 Asia/Ho_Chi_Minh] PHP Warning:  Undefined variable $baseUrl in C:\xampp\htdocs\bookstore\resources\views\pages\home.php on line 239
[01-Dec-2025 00:07:21 Asia/Ho_Chi_Minh] PHP Warning:  Undefined variable $baseUrl in C:\xampp\htdocs\bookstore\resources\views\pages\home.php on line 240
[01-Dec-2025 00:07:21 Asia/Ho_Chi_Minh] PHP Warning:  Undefined variable $baseUrl in C:\xampp\htdocs\bookstore\resources\views\pages\home.php on line 241
[01-Dec-2025 00:07:21 Asia/Ho_Chi_Minh] PHP Warning:  Undefined variable $baseUrl in C:\xampp\htdocs\bookstore\resources\views\pages\home.php on line 242
[01-Dec-2025 00:07:21 Asia/Ho_Chi_Minh] PHP Warning:  Undefined variable $baseUrl in C:\xampp\htdocs\bookstore\resources\views\pages\home.php on line 249
[01-Dec-2025 00:07:21 Asia/Ho_Chi_Minh] PHP Warning:  Undefined variable $baseUrl in C:\xampp\htdocs\bookstore\resources\views\pages\home.php on line 266
[01-Dec-2025 00:07:21 Asia/Ho_Chi_Minh] PHP Warning:  Undefined variable $baseUrl in C:\xampp\htdocs\bookstore\resources\views\pages\home.php on line 428
[01-Dec-2025 00:07:21 Asia/Ho_Chi_Minh] PHP Warning:  Undefined variable $baseUrl in C:\xampp\htdocs\bookstore\resources\views\layout\header.php on line 7
[01-Dec-2025 00:07:21 Asia/Ho_Chi_Minh] PHP Deprecated:  rtrim(): Passing null to parameter #1 ($string) of type string is deprecated in C:\xampp\htdocs\bookstore\resources\views\layout\header.php on line 7
[01-Dec-2025 00:07:21 Asia/Ho_Chi_Minh] PHP Warning:  Undefined variable $appName in C:\xampp\htdocs\bookstore\resources\views\layout\header.php on line 8
[01-Dec-2025 00:07:21 Asia/Ho_Chi_Minh] PHP Warning:  Undefined variable $baseUrl in C:\xampp\htdocs\bookstore\resources\views\layout\header.php on line 9
[01-Dec-2025 00:07:21 Asia/Ho_Chi_Minh] PHP Warning:  Undefined variable $baseUrl in C:\xampp\htdocs\bookstore\resources\views\layout\header.php on line 11
[01-Dec-2025 00:07:21 Asia/Ho_Chi_Minh] PHP Warning:  Undefined variable $baseUrl in C:\xampp\htdocs\bookstore\resources\views\layout\header.php on line 21
[01-Dec-2025 00:07:21 Asia/Ho_Chi_Minh] PHP Warning:  Undefined variable $appName in C:\xampp\htdocs\bookstore\resources\views\layout\header.php on line 23
[01-Dec-2025 00:07:21 Asia/Ho_Chi_Minh] PHP Deprecated:  htmlspecialchars(): Passing null to parameter #1 ($string) of type string is deprecated in C:\xampp\htdocs\bookstore\resources\views\layout\header.php on line 23
[01-Dec-2025 00:07:21 Asia/Ho_Chi_Minh] PHP Warning:  Undefined variable $baseUrl in C:\xampp\htdocs\bookstore\resources\views\layout\header.php on line 29
[01-Dec-2025 00:07:21 Asia/Ho_Chi_Minh] PHP Warning:  Undefined variable $baseUrl in C:\xampp\htdocs\bookstore\resources\views\layout\header.php on line 37
[01-Dec-2025 00:07:21 Asia/Ho_Chi_Minh] PHP Warning:  Undefined variable $baseUrl in C:\xampp\htdocs\bookstore\resources\views\layout\header.php on line 96
[01-Dec-2025 00:07:21 Asia/Ho_Chi_Minh] PHP Warning:  Undefined variable $baseUrl in C:\xampp\htdocs\bookstore\resources\views\layout\header.php on line 110
[01-Dec-2025 00:07:21 Asia/Ho_Chi_Minh] PHP Warning:  Undefined variable $baseUrl in C:\xampp\htdocs\bookstore\resources\views\layout\header.php on line 112
[01-Dec-2025 00:07:21 Asia/Ho_Chi_Minh] PHP Warning:  Undefined variable $baseUrl in C:\xampp\htdocs\bookstore\resources\views\layout\header.php on line 115
[01-Dec-2025 00:07:21 Asia/Ho_Chi_Minh] PHP Warning:  Undefined variable $baseUrl in C:\xampp\htdocs\bookstore\resources\views\layout\header.php on line 116
[01-Dec-2025 00:07:21 Asia/Ho_Chi_Minh] PHP Warning:  Undefined variable $baseUrl in C:\xampp\htdocs\bookstore\resources\views\layout\header.php on line 117
[01-Dec-2025 00:07:21 Asia/Ho_Chi_Minh] PHP Warning:  Undefined variable $baseUrl in C:\xampp\htdocs\bookstore\resources\views\layout\header.php on line 118
[01-Dec-2025 00:07:21 Asia/Ho_Chi_Minh] PHP Warning:  Undefined variable $baseUrl in C:\xampp\htdocs\bookstore\resources\views\layout\header.php on line 120
[01-Dec-2025 00:07:21 Asia/Ho_Chi_Minh] PHP Warning:  Undefined variable $baseUrl in C:\xampp\htdocs\bookstore\resources\views\layout\header.php on line 121
[01-Dec-2025 00:07:21 Asia/Ho_Chi_Minh] PHP Warning:  Undefined variable $baseUrl in C:\xampp\htdocs\bookstore\resources\views\layout\header.php on line 122
[01-Dec-2025 00:07:21 Asia/Ho_Chi_Minh] PHP Warning:  Undefined variable $baseUrl in C:\xampp\htdocs\bookstore\resources\views\layout\header.php on line 123
[01-Dec-2025 00:07:21 Asia/Ho_Chi_Minh] PHP Warning:  Undefined variable $baseUrl in C:\xampp\htdocs\bookstore\resources\views\layout\header.php on line 127
[01-Dec-2025 00:07:21 Asia/Ho_Chi_Minh] PHP Warning:  Undefined variable $baseUrl in C:\xampp\htdocs\bookstore\resources\views\layout\header.php on line 129
[01-Dec-2025 00:07:21 Asia/Ho_Chi_Minh] PHP Warning:  Undefined variable $baseUrl in C:\xampp\htdocs\bookstore\resources\views\layout\header.php on line 130
[01-Dec-2025 00:07:21 Asia/Ho_Chi_Minh] PHP Warning:  Undefined variable $baseUrl in C:\xampp\htdocs\bookstore\resources\views\layout\header.php on line 131
[01-Dec-2025 00:07:21 Asia/Ho_Chi_Minh] PHP Warning:  Undefined variable $baseUrl in C:\xampp\htdocs\bookstore\resources\views\layout\header.php on line 132
[01-Dec-2025 00:07:21 Asia/Ho_Chi_Minh] PHP Warning:  Undefined variable $baseUrl in C:\xampp\htdocs\bookstore\resources\views\layout\header.php on line 136
[01-Dec-2025 00:07:21 Asia/Ho_Chi_Minh] PHP Warning:  Undefined variable $baseUrl in C:\xampp\htdocs\bookstore\resources\views\layout\header.php on line 138
[01-Dec-2025 00:07:21 Asia/Ho_Chi_Minh] PHP Warning:  Undefined variable $baseUrl in C:\xampp\htdocs\bookstore\resources\views\layout\header.php on line 139
[01-Dec-2025 00:07:21 Asia/Ho_Chi_Minh] PHP Warning:  Undefined variable $baseUrl in C:\xampp\htdocs\bookstore\resources\views\layout\header.php on line 140
[01-Dec-2025 00:07:21 Asia/Ho_Chi_Minh] PHP Warning:  Undefined variable $baseUrl in C:\xampp\htdocs\bookstore\resources\views\layout\header.php on line 141
[01-Dec-2025 00:07:21 Asia/Ho_Chi_Minh] PHP Warning:  Undefined variable $baseUrl in C:\xampp\htdocs\bookstore\resources\views\layout\header.php on line 144
[01-Dec-2025 00:07:21 Asia/Ho_Chi_Minh] PHP Warning:  Undefined variable $baseUrl in C:\xampp\htdocs\bookstore\resources\views\layout\header.php on line 145
[01-Dec-2025 00:07:21 Asia/Ho_Chi_Minh] PHP Warning:  Undefined variable $baseUrl in C:\xampp\htdocs\bookstore\resources\views\layout\header.php on line 146
[01-Dec-2025 00:07:21 Asia/Ho_Chi_Minh] PHP Warning:  Undefined variable $baseUrl in C:\xampp\htdocs\bookstore\resources\views\layout\header.php on line 147
[01-Dec-2025 00:07:21 Asia/Ho_Chi_Minh] PHP Warning:  Undefined variable $appName in C:\xampp\htdocs\bookstore\resources\views\layout\footer.php on line 9
[01-Dec-2025 00:07:21 Asia/Ho_Chi_Minh] PHP Deprecated:  htmlspecialchars(): Passing null to parameter #1 ($string) of type string is deprecated in C:\xampp\htdocs\bookstore\resources\views\layout\footer.php on line 9
[01-Dec-2025 00:07:21 Asia/Ho_Chi_Minh] PHP Warning:  Undefined variable $baseUrl in C:\xampp\htdocs\bookstore\resources\views\layout\footer.php on line 21
[01-Dec-2025 00:07:21 Asia/Ho_Chi_Minh] PHP Warning:  Undefined variable $baseUrl in C:\xampp\htdocs\bookstore\resources\views\layout\footer.php on line 22
[01-Dec-2025 00:07:21 Asia/Ho_Chi_Minh] PHP Warning:  Undefined variable $baseUrl in C:\xampp\htdocs\bookstore\resources\views\layout\footer.php on line 23
[01-Dec-2025 00:07:21 Asia/Ho_Chi_Minh] PHP Warning:  Undefined variable $baseUrl in C:\xampp\htdocs\bookstore\resources\views\layout\footer.php on line 24
[01-Dec-2025 00:07:21 Asia/Ho_Chi_Minh] PHP Warning:  Undefined variable $baseUrl in C:\xampp\htdocs\bookstore\resources\views\layout\footer.php on line 25
[01-Dec-2025 00:07:21 Asia/Ho_Chi_Minh] PHP Warning:  Undefined variable $baseUrl in C:\xampp\htdocs\bookstore\resources\views\layout\footer.php on line 26
[01-Dec-2025 00:07:21 Asia/Ho_Chi_Minh] PHP Warning:  Undefined variable $baseUrl in C:\xampp\htdocs\bookstore\resources\views\layout\footer.php on line 27
[01-Dec-2025 00:07:21 Asia/Ho_Chi_Minh] PHP Warning:  Undefined variable $baseUrl in C:\xampp\htdocs\bookstore\resources\views\layout\footer.php on line 73
[01-Dec-2025 00:07:21 Asia/Ho_Chi_Minh] PHP Warning:  Undefined variable $appName in C:\xampp\htdocs\bookstore\resources\views\layout\footer.php on line 97
[01-Dec-2025 00:07:21 Asia/Ho_Chi_Minh] PHP Deprecated:  htmlspecialchars(): Passing null to parameter #1 ($string) of type string is deprecated in C:\xampp\htdocs\bookstore\resources\views\layout\footer.php on line 97
[01-Dec-2025 00:07:21 Asia/Ho_Chi_Minh] PHP Warning:  Undefined variable $baseUrl in C:\xampp\htdocs\bookstore\resources\views\layout\footer.php on line 100
[01-Dec-2025 00:07:21 Asia/Ho_Chi_Minh] PHP Warning:  Undefined variable $baseUrl in C:\xampp\htdocs\bookstore\resources\views\layout\footer.php on line 101
[01-Dec-2025 00:07:21 Asia/Ho_Chi_Minh] PHP Warning:  Undefined variable $baseUrl in C:\xampp\htdocs\bookstore\resources\views\layout\footer.php on line 102
[01-Dec-2025 00:07:21 Asia/Ho_Chi_Minh] PHP Warning:  Undefined variable $baseUrl in C:\xampp\htdocs\bookstore\resources\views\layout\footer.php on line 158
[01-Dec-2025 00:07:56 Asia/Ho_Chi_Minh] Database connection failed: SQLSTATE[HY000] [1049] Unknown database 'bookstore'
[01-Dec-2025 00:07:56 Asia/Ho_Chi_Minh] Database connection failed: SQLSTATE[HY000] [1049] Unknown database 'bookstore'
[01-Dec-2025 00:07:56 Asia/Ho_Chi_Minh] Database connection failed: SQLSTATE[HY000] [1049] Unknown database 'bookstore'
[01-Dec-2025 00:07:56 Asia/Ho_Chi_Minh] PHP Warning:  Undefined variable $baseUrl in C:\xampp\htdocs\bookstore\resources\views\pages\home.php on line 6
[01-Dec-2025 00:07:56 Asia/Ho_Chi_Minh] PHP Deprecated:  rtrim(): Passing null to parameter #1 ($string) of type string is deprecated in C:\xampp\htdocs\bookstore\resources\views\pages\home.php on line 6
[01-Dec-2025 00:07:56 Asia/Ho_Chi_Minh] PHP Warning:  Undefined variable $appName in C:\xampp\htdocs\bookstore\resources\views\pages\home.php on line 7
[01-Dec-2025 00:07:56 Asia/Ho_Chi_Minh] PHP Deprecated:  htmlspecialchars(): Passing null to parameter #1 ($string) of type string is deprecated in C:\xampp\htdocs\bookstore\resources\views\pages\home.php on line 7
[01-Dec-2025 00:07:56 Asia/Ho_Chi_Minh] PHP Warning:  Undefined variable $baseUrl in C:\xampp\htdocs\bookstore\resources\views\pages\home.php on line 10
[01-Dec-2025 00:07:56 Asia/Ho_Chi_Minh] PHP Warning:  Undefined variable $baseUrl in C:\xampp\htdocs\bookstore\resources\views\pages\home.php on line 11
[01-Dec-2025 00:07:56 Asia/Ho_Chi_Minh] PHP Warning:  Undefined variable $baseUrl in C:\xampp\htdocs\bookstore\resources\views\pages\home.php on line 18
[01-Dec-2025 00:07:56 Asia/Ho_Chi_Minh] PHP Warning:  Undefined variable $baseUrl in C:\xampp\htdocs\bookstore\resources\views\pages\home.php on line 22
[01-Dec-2025 00:07:57 Asia/Ho_Chi_Minh] PHP Warning:  Undefined variable $baseUrl in C:\xampp\htdocs\bookstore\resources\views\pages\home.php on line 171
[01-Dec-2025 00:07:57 Asia/Ho_Chi_Minh] PHP Warning:  Undefined variable $baseUrl in C:\xampp\htdocs\bookstore\resources\views\pages\home.php on line 186
[01-Dec-2025 00:07:57 Asia/Ho_Chi_Minh] PHP Warning:  Undefined variable $baseUrl in C:\xampp\htdocs\bookstore\resources\views\pages\home.php on line 201
[01-Dec-2025 00:07:57 Asia/Ho_Chi_Minh] PHP Warning:  Undefined variable $baseUrl in C:\xampp\htdocs\bookstore\resources\views\pages\home.php on line 233
[01-Dec-2025 00:07:57 Asia/Ho_Chi_Minh] PHP Warning:  Undefined variable $baseUrl in C:\xampp\htdocs\bookstore\resources\views\pages\home.php on line 234
[01-Dec-2025 00:07:57 Asia/Ho_Chi_Minh] PHP Warning:  Undefined variable $baseUrl in C:\xampp\htdocs\bookstore\resources\views\pages\home.php on line 235
[01-Dec-2025 00:07:57 Asia/Ho_Chi_Minh] PHP Warning:  Undefined variable $baseUrl in C:\xampp\htdocs\bookstore\resources\views\pages\home.php on line 236
[01-Dec-2025 00:07:57 Asia/Ho_Chi_Minh] PHP Warning:  Undefined variable $baseUrl in C:\xampp\htdocs\bookstore\resources\views\pages\home.php on line 237
[01-Dec-2025 00:07:57 Asia/Ho_Chi_Minh] PHP Warning:  Undefined variable $baseUrl in C:\xampp\htdocs\bookstore\resources\views\pages\home.php on line 238
[01-Dec-2025 00:07:57 Asia/Ho_Chi_Minh] PHP Warning:  Undefined variable $baseUrl in C:\xampp\htdocs\bookstore\resources\views\pages\home.php on line 239
[01-Dec-2025 00:07:57 Asia/Ho_Chi_Minh] PHP Warning:  Undefined variable $baseUrl in C:\xampp\htdocs\bookstore\resources\views\pages\home.php on line 240
[01-Dec-2025 00:07:57 Asia/Ho_Chi_Minh] PHP Warning:  Undefined variable $baseUrl in C:\xampp\htdocs\bookstore\resources\views\pages\home.php on line 241
[01-Dec-2025 00:07:57 Asia/Ho_Chi_Minh] PHP Warning:  Undefined variable $baseUrl in C:\xampp\htdocs\bookstore\resources\views\pages\home.php on line 242
[01-Dec-2025 00:07:57 Asia/Ho_Chi_Minh] PHP Warning:  Undefined variable $baseUrl in C:\xampp\htdocs\bookstore\resources\views\pages\home.php on line 249
[01-Dec-2025 00:07:57 Asia/Ho_Chi_Minh] PHP Warning:  Undefined variable $baseUrl in C:\xampp\htdocs\bookstore\resources\views\pages\home.php on line 266
[01-Dec-2025 00:07:57 Asia/Ho_Chi_Minh] PHP Warning:  Undefined variable $baseUrl in C:\xampp\htdocs\bookstore\resources\views\pages\home.php on line 428
[01-Dec-2025 00:07:57 Asia/Ho_Chi_Minh] PHP Warning:  Undefined variable $baseUrl in C:\xampp\htdocs\bookstore\resources\views\layout\header.php on line 7
[01-Dec-2025 00:07:57 Asia/Ho_Chi_Minh] PHP Deprecated:  rtrim(): Passing null to parameter #1 ($string) of type string is deprecated in C:\xampp\htdocs\bookstore\resources\views\layout\header.php on line 7
[01-Dec-2025 00:07:57 Asia/Ho_Chi_Minh] PHP Warning:  Undefined variable $baseUrl in C:\xampp\htdocs\bookstore\resources\views\layout\header.php on line 9
[01-Dec-2025 00:07:57 Asia/Ho_Chi_Minh] PHP Warning:  Undefined variable $baseUrl in C:\xampp\htdocs\bookstore\resources\views\layout\header.php on line 11
[01-Dec-2025 00:07:57 Asia/Ho_Chi_Minh] PHP Warning:  Undefined variable $baseUrl in C:\xampp\htdocs\bookstore\resources\views\layout\header.php on line 21
[01-Dec-2025 00:07:57 Asia/Ho_Chi_Minh] PHP Warning:  Undefined variable $baseUrl in C:\xampp\htdocs\bookstore\resources\views\layout\header.php on line 29
[01-Dec-2025 00:07:57 Asia/Ho_Chi_Minh] PHP Warning:  Undefined variable $baseUrl in C:\xampp\htdocs\bookstore\resources\views\layout\header.php on line 37
[01-Dec-2025 00:07:57 Asia/Ho_Chi_Minh] PHP Warning:  Undefined variable $baseUrl in C:\xampp\htdocs\bookstore\resources\views\layout\header.php on line 96
[01-Dec-2025 00:07:57 Asia/Ho_Chi_Minh] PHP Warning:  Undefined variable $baseUrl in C:\xampp\htdocs\bookstore\resources\views\layout\header.php on line 110
[01-Dec-2025 00:07:57 Asia/Ho_Chi_Minh] PHP Warning:  Undefined variable $baseUrl in C:\xampp\htdocs\bookstore\resources\views\layout\header.php on line 112
[01-Dec-2025 00:07:57 Asia/Ho_Chi_Minh] PHP Warning:  Undefined variable $baseUrl in C:\xampp\htdocs\bookstore\resources\views\layout\header.php on line 115
[01-Dec-2025 00:07:57 Asia/Ho_Chi_Minh] PHP Warning:  Undefined variable $baseUrl in C:\xampp\htdocs\bookstore\resources\views\layout\header.php on line 116
[01-Dec-2025 00:07:57 Asia/Ho_Chi_Minh] PHP Warning:  Undefined variable $baseUrl in C:\xampp\htdocs\bookstore\resources\views\layout\header.php on line 117
[01-Dec-2025 00:07:57 Asia/Ho_Chi_Minh] PHP Warning:  Undefined variable $baseUrl in C:\xampp\htdocs\bookstore\resources\views\layout\header.php on line 118
[01-Dec-2025 00:07:57 Asia/Ho_Chi_Minh] PHP Warning:  Undefined variable $baseUrl in C:\xampp\htdocs\bookstore\resources\views\layout\header.php on line 120
[01-Dec-2025 00:07:57 Asia/Ho_Chi_Minh] PHP Warning:  Undefined variable $baseUrl in C:\xampp\htdocs\bookstore\resources\views\layout\header.php on line 121
[01-Dec-2025 00:07:57 Asia/Ho_Chi_Minh] PHP Warning:  Undefined variable $baseUrl in C:\xampp\htdocs\bookstore\resources\views\layout\header.php on line 122
[01-Dec-2025 00:07:57 Asia/Ho_Chi_Minh] PHP Warning:  Undefined variable $baseUrl in C:\xampp\htdocs\bookstore\resources\views\layout\header.php on line 123
[01-Dec-2025 00:07:57 Asia/Ho_Chi_Minh] PHP Warning:  Undefined variable $baseUrl in C:\xampp\htdocs\bookstore\resources\views\layout\header.php on line 127
[01-Dec-2025 00:07:57 Asia/Ho_Chi_Minh] PHP Warning:  Undefined variable $baseUrl in C:\xampp\htdocs\bookstore\resources\views\layout\header.php on line 129
[01-Dec-2025 00:07:57 Asia/Ho_Chi_Minh] PHP Warning:  Undefined variable $baseUrl in C:\xampp\htdocs\bookstore\resources\views\layout\header.php on line 130
[01-Dec-2025 00:07:57 Asia/Ho_Chi_Minh] PHP Warning:  Undefined variable $baseUrl in C:\xampp\htdocs\bookstore\resources\views\layout\header.php on line 131
[01-Dec-2025 00:07:57 Asia/Ho_Chi_Minh] PHP Warning:  Undefined variable $baseUrl in C:\xampp\htdocs\bookstore\resources\views\layout\header.php on line 132
[01-Dec-2025 00:07:57 Asia/Ho_Chi_Minh] PHP Warning:  Undefined variable $baseUrl in C:\xampp\htdocs\bookstore\resources\views\layout\header.php on line 136
[01-Dec-2025 00:07:57 Asia/Ho_Chi_Minh] PHP Warning:  Undefined variable $baseUrl in C:\xampp\htdocs\bookstore\resources\views\layout\header.php on line 138
[01-Dec-2025 00:07:57 Asia/Ho_Chi_Minh] PHP Warning:  Undefined variable $baseUrl in C:\xampp\htdocs\bookstore\resources\views\layout\header.php on line 139
[01-Dec-2025 00:07:57 Asia/Ho_Chi_Minh] PHP Warning:  Undefined variable $baseUrl in C:\xampp\htdocs\bookstore\resources\views\layout\header.php on line 140
[01-Dec-2025 00:07:57 Asia/Ho_Chi_Minh] PHP Warning:  Undefined variable $baseUrl in C:\xampp\htdocs\bookstore\resources\views\layout\header.php on line 141
[01-Dec-2025 00:07:57 Asia/Ho_Chi_Minh] PHP Warning:  Undefined variable $baseUrl in C:\xampp\htdocs\bookstore\resources\views\layout\header.php on line 144
[01-Dec-2025 00:07:57 Asia/Ho_Chi_Minh] PHP Warning:  Undefined variable $baseUrl in C:\xampp\htdocs\bookstore\resources\views\layout\header.php on line 145
[01-Dec-2025 00:07:57 Asia/Ho_Chi_Minh] PHP Warning:  Undefined variable $baseUrl in C:\xampp\htdocs\bookstore\resources\views\layout\header.php on line 146
[01-Dec-2025 00:07:57 Asia/Ho_Chi_Minh] PHP Warning:  Undefined variable $baseUrl in C:\xampp\htdocs\bookstore\resources\views\layout\header.php on line 147
[01-Dec-2025 00:07:57 Asia/Ho_Chi_Minh] PHP Warning:  Undefined variable $appName in C:\xampp\htdocs\bookstore\resources\views\layout\footer.php on line 9
[01-Dec-2025 00:07:57 Asia/Ho_Chi_Minh] PHP Deprecated:  htmlspecialchars(): Passing null to parameter #1 ($string) of type string is deprecated in C:\xampp\htdocs\bookstore\resources\views\layout\footer.php on line 9
[01-Dec-2025 00:07:57 Asia/Ho_Chi_Minh] PHP Warning:  Undefined variable $baseUrl in C:\xampp\htdocs\bookstore\resources\views\layout\footer.php on line 21
[01-Dec-2025 00:07:57 Asia/Ho_Chi_Minh] PHP Warning:  Undefined variable $baseUrl in C:\xampp\htdocs\bookstore\resources\views\layout\footer.php on line 22
[01-Dec-2025 00:07:57 Asia/Ho_Chi_Minh] PHP Warning:  Undefined variable $baseUrl in C:\xampp\htdocs\bookstore\resources\views\layout\footer.php on line 23
[01-Dec-2025 00:07:57 Asia/Ho_Chi_Minh] PHP Warning:  Undefined variable $baseUrl in C:\xampp\htdocs\bookstore\resources\views\layout\footer.php on line 24
[01-Dec-2025 00:07:57 Asia/Ho_Chi_Minh] PHP Warning:  Undefined variable $baseUrl in C:\xampp\htdocs\bookstore\resources\views\layout\footer.php on line 25
[01-Dec-2025 00:07:57 Asia/Ho_Chi_Minh] PHP Warning:  Undefined variable $baseUrl in C:\xampp\htdocs\bookstore\resources\views\layout\footer.php on line 26
[01-Dec-2025 00:07:57 Asia/Ho_Chi_Minh] PHP Warning:  Undefined variable $baseUrl in C:\xampp\htdocs\bookstore\resources\views\layout\footer.php on line 27
[01-Dec-2025 00:07:57 Asia/Ho_Chi_Minh] PHP Warning:  Undefined variable $baseUrl in C:\xampp\htdocs\bookstore\resources\views\layout\footer.php on line 73
[01-Dec-2025 00:07:57 Asia/Ho_Chi_Minh] PHP Warning:  Undefined variable $appName in C:\xampp\htdocs\bookstore\resources\views\layout\footer.php on line 97
[01-Dec-2025 00:07:57 Asia/Ho_Chi_Minh] PHP Deprecated:  htmlspecialchars(): Passing null to parameter #1 ($string) of type string is deprecated in C:\xampp\htdocs\bookstore\resources\views\layout\footer.php on line 97
[01-Dec-2025 00:07:57 Asia/Ho_Chi_Minh] PHP Warning:  Undefined variable $baseUrl in C:\xampp\htdocs\bookstore\resources\views\layout\footer.php on line 100
[01-Dec-2025 00:07:57 Asia/Ho_Chi_Minh] PHP Warning:  Undefined variable $baseUrl in C:\xampp\htdocs\bookstore\resources\views\layout\footer.php on line 101
[01-Dec-2025 00:07:57 Asia/Ho_Chi_Minh] PHP Warning:  Undefined variable $baseUrl in C:\xampp\htdocs\bookstore\resources\views\layout\footer.php on line 102
[01-Dec-2025 00:07:57 Asia/Ho_Chi_Minh] PHP Warning:  Undefined variable $baseUrl in C:\xampp\htdocs\bookstore\resources\views\layout\footer.php on line 158
[01-Dec-2025 00:07:57 Asia/Ho_Chi_Minh] Database connection failed: SQLSTATE[HY000] [1049] Unknown database 'bookstore'
[01-Dec-2025 00:07:57 Asia/Ho_Chi_Minh] Database connection failed: SQLSTATE[HY000] [1049] Unknown database 'bookstore'
[01-Dec-2025 00:07:57 Asia/Ho_Chi_Minh] Database connection failed: SQLSTATE[HY000] [1049] Unknown database 'bookstore'
[01-Dec-2025 00:07:57 Asia/Ho_Chi_Minh] PHP Warning:  Undefined variable $baseUrl in C:\xampp\htdocs\bookstore\resources\views\pages\home.php on line 6
[01-Dec-2025 00:07:57 Asia/Ho_Chi_Minh] PHP Deprecated:  rtrim(): Passing null to parameter #1 ($string) of type string is deprecated in C:\xampp\htdocs\bookstore\resources\views\pages\home.php on line 6
[01-Dec-2025 00:07:57 Asia/Ho_Chi_Minh] PHP Warning:  Undefined variable $appName in C:\xampp\htdocs\bookstore\resources\views\pages\home.php on line 7
[01-Dec-2025 00:07:57 Asia/Ho_Chi_Minh] PHP Deprecated:  htmlspecialchars(): Passing null to parameter #1 ($string) of type string is deprecated in C:\xampp\htdocs\bookstore\resources\views\pages\home.php on line 7
[01-Dec-2025 00:07:57 Asia/Ho_Chi_Minh] PHP Warning:  Undefined variable $baseUrl in C:\xampp\htdocs\bookstore\resources\views\pages\home.php on line 10
[01-Dec-2025 00:07:57 Asia/Ho_Chi_Minh] PHP Warning:  Undefined variable $baseUrl in C:\xampp\htdocs\bookstore\resources\views\pages\home.php on line 11
[01-Dec-2025 00:07:57 Asia/Ho_Chi_Minh] PHP Warning:  Undefined variable $baseUrl in C:\xampp\htdocs\bookstore\resources\views\pages\home.php on line 18
[01-Dec-2025 00:07:57 Asia/Ho_Chi_Minh] PHP Warning:  Undefined variable $baseUrl in C:\xampp\htdocs\bookstore\resources\views\pages\home.php on line 22
[01-Dec-2025 00:07:57 Asia/Ho_Chi_Minh] PHP Warning:  Undefined variable $baseUrl in C:\xampp\htdocs\bookstore\resources\views\pages\home.php on line 171
[01-Dec-2025 00:07:57 Asia/Ho_Chi_Minh] PHP Warning:  Undefined variable $baseUrl in C:\xampp\htdocs\bookstore\resources\views\pages\home.php on line 186
[01-Dec-2025 00:07:57 Asia/Ho_Chi_Minh] PHP Warning:  Undefined variable $baseUrl in C:\xampp\htdocs\bookstore\resources\views\pages\home.php on line 201
[01-Dec-2025 00:07:57 Asia/Ho_Chi_Minh] PHP Warning:  Undefined variable $baseUrl in C:\xampp\htdocs\bookstore\resources\views\pages\home.php on line 233
[01-Dec-2025 00:07:57 Asia/Ho_Chi_Minh] PHP Warning:  Undefined variable $baseUrl in C:\xampp\htdocs\bookstore\resources\views\pages\home.php on line 234
[01-Dec-2025 00:07:57 Asia/Ho_Chi_Minh] PHP Warning:  Undefined variable $baseUrl in C:\xampp\htdocs\bookstore\resources\views\pages\home.php on line 235
[01-Dec-2025 00:07:57 Asia/Ho_Chi_Minh] PHP Warning:  Undefined variable $baseUrl in C:\xampp\htdocs\bookstore\resources\views\pages\home.php on line 236
[01-Dec-2025 00:07:57 Asia/Ho_Chi_Minh] PHP Warning:  Undefined variable $baseUrl in C:\xampp\htdocs\bookstore\resources\views\pages\home.php on line 237
[01-Dec-2025 00:07:57 Asia/Ho_Chi_Minh] PHP Warning:  Undefined variable $baseUrl in C:\xampp\htdocs\bookstore\resources\views\pages\home.php on line 238
[01-Dec-2025 00:07:57 Asia/Ho_Chi_Minh] PHP Warning:  Undefined variable $baseUrl in C:\xampp\htdocs\bookstore\resources\views\pages\home.php on line 239
[01-Dec-2025 00:07:57 Asia/Ho_Chi_Minh] PHP Warning:  Undefined variable $baseUrl in C:\xampp\htdocs\bookstore\resources\views\pages\home.php on line 240
[01-Dec-2025 00:07:57 Asia/Ho_Chi_Minh] PHP Warning:  Undefined variable $baseUrl in C:\xampp\htdocs\bookstore\resources\views\pages\home.php on line 241
[01-Dec-2025 00:07:57 Asia/Ho_Chi_Minh] PHP Warning:  Undefined variable $baseUrl in C:\xampp\htdocs\bookstore\resources\views\pages\home.php on line 242
[01-Dec-2025 00:07:57 Asia/Ho_Chi_Minh] PHP Warning:  Undefined variable $baseUrl in C:\xampp\htdocs\bookstore\resources\views\pages\home.php on line 249
[01-Dec-2025 00:07:57 Asia/Ho_Chi_Minh] PHP Warning:  Undefined variable $baseUrl in C:\xampp\htdocs\bookstore\resources\views\pages\home.php on line 266
[01-Dec-2025 00:07:57 Asia/Ho_Chi_Minh] PHP Warning:  Undefined variable $baseUrl in C:\xampp\htdocs\bookstore\resources\views\pages\home.php on line 428
[01-Dec-2025 00:07:57 Asia/Ho_Chi_Minh] PHP Warning:  Undefined variable $baseUrl in C:\xampp\htdocs\bookstore\resources\views\layout\header.php on line 7
[01-Dec-2025 00:07:57 Asia/Ho_Chi_Minh] PHP Deprecated:  rtrim(): Passing null to parameter #1 ($string) of type string is deprecated in C:\xampp\htdocs\bookstore\resources\views\layout\header.php on line 7
[01-Dec-2025 00:07:57 Asia/Ho_Chi_Minh] PHP Warning:  Undefined variable $baseUrl in C:\xampp\htdocs\bookstore\resources\views\layout\header.php on line 9
[01-Dec-2025 00:07:57 Asia/Ho_Chi_Minh] PHP Warning:  Undefined variable $baseUrl in C:\xampp\htdocs\bookstore\resources\views\layout\header.php on line 11
[01-Dec-2025 00:07:57 Asia/Ho_Chi_Minh] PHP Warning:  Undefined variable $baseUrl in C:\xampp\htdocs\bookstore\resources\views\layout\header.php on line 21
[01-Dec-2025 00:07:57 Asia/Ho_Chi_Minh] PHP Warning:  Undefined variable $baseUrl in C:\xampp\htdocs\bookstore\resources\views\layout\header.php on line 29
[01-Dec-2025 00:07:57 Asia/Ho_Chi_Minh] PHP Warning:  Undefined variable $baseUrl in C:\xampp\htdocs\bookstore\resources\views\layout\header.php on line 37
[01-Dec-2025 00:07:57 Asia/Ho_Chi_Minh] PHP Warning:  Undefined variable $baseUrl in C:\xampp\htdocs\bookstore\resources\views\layout\header.php on line 96
[01-Dec-2025 00:07:57 Asia/Ho_Chi_Minh] PHP Warning:  Undefined variable $baseUrl in C:\xampp\htdocs\bookstore\resources\views\layout\header.php on line 110
[01-Dec-2025 00:07:57 Asia/Ho_Chi_Minh] PHP Warning:  Undefined variable $baseUrl in C:\xampp\htdocs\bookstore\resources\views\layout\header.php on line 112
[01-Dec-2025 00:07:57 Asia/Ho_Chi_Minh] PHP Warning:  Undefined variable $baseUrl in C:\xampp\htdocs\bookstore\resources\views\layout\header.php on line 115
[01-Dec-2025 00:07:57 Asia/Ho_Chi_Minh] PHP Warning:  Undefined variable $baseUrl in C:\xampp\htdocs\bookstore\resources\views\layout\header.php on line 116
[01-Dec-2025 00:07:57 Asia/Ho_Chi_Minh] PHP Warning:  Undefined variable $baseUrl in C:\xampp\htdocs\bookstore\resources\views\layout\header.php on line 117
[01-Dec-2025 00:07:57 Asia/Ho_Chi_Minh] PHP Warning:  Undefined variable $baseUrl in C:\xampp\htdocs\bookstore\resources\views\layout\header.php on line 118
[01-Dec-2025 00:07:57 Asia/Ho_Chi_Minh] PHP Warning:  Undefined variable $baseUrl in C:\xampp\htdocs\bookstore\resources\views\layout\header.php on line 120
[01-Dec-2025 00:07:57 Asia/Ho_Chi_Minh] PHP Warning:  Undefined variable $baseUrl in C:\xampp\htdocs\bookstore\resources\views\layout\header.php on line 121
[01-Dec-2025 00:07:57 Asia/Ho_Chi_Minh] PHP Warning:  Undefined variable $baseUrl in C:\xampp\htdocs\bookstore\resources\views\layout\header.php on line 122
[01-Dec-2025 00:07:57 Asia/Ho_Chi_Minh] PHP Warning:  Undefined variable $baseUrl in C:\xampp\htdocs\bookstore\resources\views\layout\header.php on line 123
[01-Dec-2025 00:07:57 Asia/Ho_Chi_Minh] PHP Warning:  Undefined variable $baseUrl in C:\xampp\htdocs\bookstore\resources\views\layout\header.php on line 127
[01-Dec-2025 00:07:57 Asia/Ho_Chi_Minh] PHP Warning:  Undefined variable $baseUrl in C:\xampp\htdocs\bookstore\resources\views\layout\header.php on line 129
[01-Dec-2025 00:07:57 Asia/Ho_Chi_Minh] PHP Warning:  Undefined variable $baseUrl in C:\xampp\htdocs\bookstore\resources\views\layout\header.php on line 130
[01-Dec-2025 00:07:57 Asia/Ho_Chi_Minh] PHP Warning:  Undefined variable $baseUrl in C:\xampp\htdocs\bookstore\resources\views\layout\header.php on line 131
[01-Dec-2025 00:07:57 Asia/Ho_Chi_Minh] PHP Warning:  Undefined variable $baseUrl in C:\xampp\htdocs\bookstore\resources\views\layout\header.php on line 132
[01-Dec-2025 00:07:57 Asia/Ho_Chi_Minh] PHP Warning:  Undefined variable $baseUrl in C:\xampp\htdocs\bookstore\resources\views\layout\header.php on line 136
[01-Dec-2025 00:07:57 Asia/Ho_Chi_Minh] PHP Warning:  Undefined variable $baseUrl in C:\xampp\htdocs\bookstore\resources\views\layout\header.php on line 138
[01-Dec-2025 00:07:57 Asia/Ho_Chi_Minh] PHP Warning:  Undefined variable $baseUrl in C:\xampp\htdocs\bookstore\resources\views\layout\header.php on line 139
[01-Dec-2025 00:07:57 Asia/Ho_Chi_Minh] PHP Warning:  Undefined variable $baseUrl in C:\xampp\htdocs\bookstore\resources\views\layout\header.php on line 140
[01-Dec-2025 00:07:57 Asia/Ho_Chi_Minh] PHP Warning:  Undefined variable $baseUrl in C:\xampp\htdocs\bookstore\resources\views\layout\header.php on line 141
[01-Dec-2025 00:07:57 Asia/Ho_Chi_Minh] PHP Warning:  Undefined variable $baseUrl in C:\xampp\htdocs\bookstore\resources\views\layout\header.php on line 144
[01-Dec-2025 00:07:57 Asia/Ho_Chi_Minh] PHP Warning:  Undefined variable $baseUrl in C:\xampp\htdocs\bookstore\resources\views\layout\header.php on line 145
[01-Dec-2025 00:07:57 Asia/Ho_Chi_Minh] PHP Warning:  Undefined variable $baseUrl in C:\xampp\htdocs\bookstore\resources\views\layout\header.php on line 146
[01-Dec-2025 00:07:57 Asia/Ho_Chi_Minh] PHP Warning:  Undefined variable $baseUrl in C:\xampp\htdocs\bookstore\resources\views\layout\header.php on line 147
[01-Dec-2025 00:07:57 Asia/Ho_Chi_Minh] PHP Warning:  Undefined variable $appName in C:\xampp\htdocs\bookstore\resources\views\layout\footer.php on line 9
[01-Dec-2025 00:07:57 Asia/Ho_Chi_Minh] PHP Deprecated:  htmlspecialchars(): Passing null to parameter #1 ($string) of type string is deprecated in C:\xampp\htdocs\bookstore\resources\views\layout\footer.php on line 9
[01-Dec-2025 00:07:57 Asia/Ho_Chi_Minh] PHP Warning:  Undefined variable $baseUrl in C:\xampp\htdocs\bookstore\resources\views\layout\footer.php on line 21
[01-Dec-2025 00:07:57 Asia/Ho_Chi_Minh] PHP Warning:  Undefined variable $baseUrl in C:\xampp\htdocs\bookstore\resources\views\layout\footer.php on line 22
[01-Dec-2025 00:07:57 Asia/Ho_Chi_Minh] PHP Warning:  Undefined variable $baseUrl in C:\xampp\htdocs\bookstore\resources\views\layout\footer.php on line 23
[01-Dec-2025 00:07:57 Asia/Ho_Chi_Minh] PHP Warning:  Undefined variable $baseUrl in C:\xampp\htdocs\bookstore\resources\views\layout\footer.php on line 24
[01-Dec-2025 00:07:57 Asia/Ho_Chi_Minh] PHP Warning:  Undefined variable $baseUrl in C:\xampp\htdocs\bookstore\resources\views\layout\footer.php on line 25
[01-Dec-2025 00:07:57 Asia/Ho_Chi_Minh] PHP Warning:  Undefined variable $baseUrl in C:\xampp\htdocs\bookstore\resources\views\layout\footer.php on line 26
[01-Dec-2025 00:07:57 Asia/Ho_Chi_Minh] PHP Warning:  Undefined variable $baseUrl in C:\xampp\htdocs\bookstore\resources\views\layout\footer.php on line 27
[01-Dec-2025 00:07:57 Asia/Ho_Chi_Minh] PHP Warning:  Undefined variable $baseUrl in C:\xampp\htdocs\bookstore\resources\views\layout\footer.php on line 73
[01-Dec-2025 00:07:57 Asia/Ho_Chi_Minh] PHP Warning:  Undefined variable $appName in C:\xampp\htdocs\bookstore\resources\views\layout\footer.php on line 97
[01-Dec-2025 00:07:57 Asia/Ho_Chi_Minh] PHP Deprecated:  htmlspecialchars(): Passing null to parameter #1 ($string) of type string is deprecated in C:\xampp\htdocs\bookstore\resources\views\layout\footer.php on line 97
[01-Dec-2025 00:07:57 Asia/Ho_Chi_Minh] PHP Warning:  Undefined variable $baseUrl in C:\xampp\htdocs\bookstore\resources\views\layout\footer.php on line 100
[01-Dec-2025 00:07:57 Asia/Ho_Chi_Minh] PHP Warning:  Undefined variable $baseUrl in C:\xampp\htdocs\bookstore\resources\views\layout\footer.php on line 101
[01-Dec-2025 00:07:57 Asia/Ho_Chi_Minh] PHP Warning:  Undefined variable $baseUrl in C:\xampp\htdocs\bookstore\resources\views\layout\footer.php on line 102
[01-Dec-2025 00:07:57 Asia/Ho_Chi_Minh] PHP Warning:  Undefined variable $baseUrl in C:\xampp\htdocs\bookstore\resources\views\layout\footer.php on line 158
[01-Dec-2025 00:08:04 Asia/Ho_Chi_Minh] Database connection failed: SQLSTATE[HY000] [1049] Unknown database 'bookstore'
[01-Dec-2025 00:08:04 Asia/Ho_Chi_Minh] Database connection failed: SQLSTATE[HY000] [1049] Unknown database 'bookstore'
[01-Dec-2025 00:08:04 Asia/Ho_Chi_Minh] Database connection failed: SQLSTATE[HY000] [1049] Unknown database 'bookstore'
[01-Dec-2025 00:08:04 Asia/Ho_Chi_Minh] PHP Warning:  Undefined variable $baseUrl in C:\xampp\htdocs\bookstore\resources\views\pages\home.php on line 6
[01-Dec-2025 00:08:04 Asia/Ho_Chi_Minh] PHP Deprecated:  rtrim(): Passing null to parameter #1 ($string) of type string is deprecated in C:\xampp\htdocs\bookstore\resources\views\pages\home.php on line 6
[01-Dec-2025 00:08:04 Asia/Ho_Chi_Minh] PHP Warning:  Undefined variable $appName in C:\xampp\htdocs\bookstore\resources\views\pages\home.php on line 7
[01-Dec-2025 00:08:04 Asia/Ho_Chi_Minh] PHP Deprecated:  htmlspecialchars(): Passing null to parameter #1 ($string) of type string is deprecated in C:\xampp\htdocs\bookstore\resources\views\pages\home.php on line 7
[01-Dec-2025 00:08:04 Asia/Ho_Chi_Minh] PHP Warning:  Undefined variable $baseUrl in C:\xampp\htdocs\bookstore\resources\views\pages\home.php on line 10
[01-Dec-2025 00:08:04 Asia/Ho_Chi_Minh] PHP Warning:  Undefined variable $baseUrl in C:\xampp\htdocs\bookstore\resources\views\pages\home.php on line 11
[01-Dec-2025 00:08:04 Asia/Ho_Chi_Minh] PHP Warning:  Undefined variable $baseUrl in C:\xampp\htdocs\bookstore\resources\views\pages\home.php on line 18
[01-Dec-2025 00:08:04 Asia/Ho_Chi_Minh] PHP Warning:  Undefined variable $baseUrl in C:\xampp\htdocs\bookstore\resources\views\pages\home.php on line 22
[01-Dec-2025 00:08:04 Asia/Ho_Chi_Minh] PHP Warning:  Undefined variable $baseUrl in C:\xampp\htdocs\bookstore\resources\views\pages\home.php on line 171
[01-Dec-2025 00:08:04 Asia/Ho_Chi_Minh] PHP Warning:  Undefined variable $baseUrl in C:\xampp\htdocs\bookstore\resources\views\pages\home.php on line 186
[01-Dec-2025 00:08:04 Asia/Ho_Chi_Minh] PHP Warning:  Undefined variable $baseUrl in C:\xampp\htdocs\bookstore\resources\views\pages\home.php on line 201
[01-Dec-2025 00:08:04 Asia/Ho_Chi_Minh] PHP Warning:  Undefined variable $baseUrl in C:\xampp\htdocs\bookstore\resources\views\pages\home.php on line 233
[01-Dec-2025 00:08:04 Asia/Ho_Chi_Minh] PHP Warning:  Undefined variable $baseUrl in C:\xampp\htdocs\bookstore\resources\views\pages\home.php on line 234
[01-Dec-2025 00:08:04 Asia/Ho_Chi_Minh] PHP Warning:  Undefined variable $baseUrl in C:\xampp\htdocs\bookstore\resources\views\pages\home.php on line 235
[01-Dec-2025 00:08:04 Asia/Ho_Chi_Minh] PHP Warning:  Undefined variable $baseUrl in C:\xampp\htdocs\bookstore\resources\views\pages\home.php on line 236
[01-Dec-2025 00:08:04 Asia/Ho_Chi_Minh] PHP Warning:  Undefined variable $baseUrl in C:\xampp\htdocs\bookstore\resources\views\pages\home.php on line 237
[01-Dec-2025 00:08:04 Asia/Ho_Chi_Minh] PHP Warning:  Undefined variable $baseUrl in C:\xampp\htdocs\bookstore\resources\views\pages\home.php on line 238
[01-Dec-2025 00:08:04 Asia/Ho_Chi_Minh] PHP Warning:  Undefined variable $baseUrl in C:\xampp\htdocs\bookstore\resources\views\pages\home.php on line 239
[01-Dec-2025 00:08:04 Asia/Ho_Chi_Minh] PHP Warning:  Undefined variable $baseUrl in C:\xampp\htdocs\bookstore\resources\views\pages\home.php on line 240
[01-Dec-2025 00:08:04 Asia/Ho_Chi_Minh] PHP Warning:  Undefined variable $baseUrl in C:\xampp\htdocs\bookstore\resources\views\pages\home.php on line 241
[01-Dec-2025 00:08:04 Asia/Ho_Chi_Minh] PHP Warning:  Undefined variable $baseUrl in C:\xampp\htdocs\bookstore\resources\views\pages\home.php on line 242
[01-Dec-2025 00:08:04 Asia/Ho_Chi_Minh] PHP Warning:  Undefined variable $baseUrl in C:\xampp\htdocs\bookstore\resources\views\pages\home.php on line 249
[01-Dec-2025 00:08:04 Asia/Ho_Chi_Minh] PHP Warning:  Undefined variable $baseUrl in C:\xampp\htdocs\bookstore\resources\views\pages\home.php on line 266
[01-Dec-2025 00:08:04 Asia/Ho_Chi_Minh] PHP Warning:  Undefined variable $baseUrl in C:\xampp\htdocs\bookstore\resources\views\pages\home.php on line 428
[01-Dec-2025 00:08:04 Asia/Ho_Chi_Minh] PHP Warning:  Undefined variable $baseUrl in C:\xampp\htdocs\bookstore\resources\views\layout\header.php on line 7
[01-Dec-2025 00:08:04 Asia/Ho_Chi_Minh] PHP Deprecated:  rtrim(): Passing null to parameter #1 ($string) of type string is deprecated in C:\xampp\htdocs\bookstore\resources\views\layout\header.php on line 7
[01-Dec-2025 00:08:04 Asia/Ho_Chi_Minh] PHP Warning:  Undefined variable $baseUrl in C:\xampp\htdocs\bookstore\resources\views\layout\header.php on line 9
[01-Dec-2025 00:08:04 Asia/Ho_Chi_Minh] PHP Warning:  Undefined variable $baseUrl in C:\xampp\htdocs\bookstore\resources\views\layout\header.php on line 11
[01-Dec-2025 00:08:04 Asia/Ho_Chi_Minh] PHP Warning:  Undefined variable $baseUrl in C:\xampp\htdocs\bookstore\resources\views\layout\header.php on line 21
[01-Dec-2025 00:08:04 Asia/Ho_Chi_Minh] PHP Warning:  Undefined variable $baseUrl in C:\xampp\htdocs\bookstore\resources\views\layout\header.php on line 29
[01-Dec-2025 00:08:04 Asia/Ho_Chi_Minh] PHP Warning:  Undefined variable $baseUrl in C:\xampp\htdocs\bookstore\resources\views\layout\header.php on line 37
[01-Dec-2025 00:08:04 Asia/Ho_Chi_Minh] PHP Warning:  Undefined variable $baseUrl in C:\xampp\htdocs\bookstore\resources\views\layout\header.php on line 96
[01-Dec-2025 00:08:04 Asia/Ho_Chi_Minh] PHP Warning:  Undefined variable $baseUrl in C:\xampp\htdocs\bookstore\resources\views\layout\header.php on line 110
[01-Dec-2025 00:08:04 Asia/Ho_Chi_Minh] PHP Warning:  Undefined variable $baseUrl in C:\xampp\htdocs\bookstore\resources\views\layout\header.php on line 112
[01-Dec-2025 00:08:04 Asia/Ho_Chi_Minh] PHP Warning:  Undefined variable $baseUrl in C:\xampp\htdocs\bookstore\resources\views\layout\header.php on line 115
[01-Dec-2025 00:08:04 Asia/Ho_Chi_Minh] PHP Warning:  Undefined variable $baseUrl in C:\xampp\htdocs\bookstore\resources\views\layout\header.php on line 116
[01-Dec-2025 00:08:04 Asia/Ho_Chi_Minh] PHP Warning:  Undefined variable $baseUrl in C:\xampp\htdocs\bookstore\resources\views\layout\header.php on line 117
[01-Dec-2025 00:08:04 Asia/Ho_Chi_Minh] PHP Warning:  Undefined variable $baseUrl in C:\xampp\htdocs\bookstore\resources\views\layout\header.php on line 118
[01-Dec-2025 00:08:04 Asia/Ho_Chi_Minh] PHP Warning:  Undefined variable $baseUrl in C:\xampp\htdocs\bookstore\resources\views\layout\header.php on line 120
[01-Dec-2025 00:08:04 Asia/Ho_Chi_Minh] PHP Warning:  Undefined variable $baseUrl in C:\xampp\htdocs\bookstore\resources\views\layout\header.php on line 121
[01-Dec-2025 00:08:04 Asia/Ho_Chi_Minh] PHP Warning:  Undefined variable $baseUrl in C:\xampp\htdocs\bookstore\resources\views\layout\header.php on line 122
[01-Dec-2025 00:08:04 Asia/Ho_Chi_Minh] PHP Warning:  Undefined variable $baseUrl in C:\xampp\htdocs\bookstore\resources\views\layout\header.php on line 123
[01-Dec-2025 00:08:04 Asia/Ho_Chi_Minh] PHP Warning:  Undefined variable $baseUrl in C:\xampp\htdocs\bookstore\resources\views\layout\header.php on line 127
[01-Dec-2025 00:08:04 Asia/Ho_Chi_Minh] PHP Warning:  Undefined variable $baseUrl in C:\xampp\htdocs\bookstore\resources\views\layout\header.php on line 129
[01-Dec-2025 00:08:04 Asia/Ho_Chi_Minh] PHP Warning:  Undefined variable $baseUrl in C:\xampp\htdocs\bookstore\resources\views\layout\header.php on line 130
[01-Dec-2025 00:08:04 Asia/Ho_Chi_Minh] PHP Warning:  Undefined variable $baseUrl in C:\xampp\htdocs\bookstore\resources\views\layout\header.php on line 131
[01-Dec-2025 00:08:04 Asia/Ho_Chi_Minh] PHP Warning:  Undefined variable $baseUrl in C:\xampp\htdocs\bookstore\resources\views\layout\header.php on line 132
[01-Dec-2025 00:08:04 Asia/Ho_Chi_Minh] PHP Warning:  Undefined variable $baseUrl in C:\xampp\htdocs\bookstore\resources\views\layout\header.php on line 136
[01-Dec-2025 00:08:04 Asia/Ho_Chi_Minh] PHP Warning:  Undefined variable $baseUrl in C:\xampp\htdocs\bookstore\resources\views\layout\header.php on line 138
[01-Dec-2025 00:08:04 Asia/Ho_Chi_Minh] PHP Warning:  Undefined variable $baseUrl in C:\xampp\htdocs\bookstore\resources\views\layout\header.php on line 139
[01-Dec-2025 00:08:04 Asia/Ho_Chi_Minh] PHP Warning:  Undefined variable $baseUrl in C:\xampp\htdocs\bookstore\resources\views\layout\header.php on line 140
[01-Dec-2025 00:08:04 Asia/Ho_Chi_Minh] PHP Warning:  Undefined variable $baseUrl in C:\xampp\htdocs\bookstore\resources\views\layout\header.php on line 141
[01-Dec-2025 00:08:04 Asia/Ho_Chi_Minh] PHP Warning:  Undefined variable $baseUrl in C:\xampp\htdocs\bookstore\resources\views\layout\header.php on line 144
[01-Dec-2025 00:08:04 Asia/Ho_Chi_Minh] PHP Warning:  Undefined variable $baseUrl in C:\xampp\htdocs\bookstore\resources\views\layout\header.php on line 145
[01-Dec-2025 00:08:04 Asia/Ho_Chi_Minh] PHP Warning:  Undefined variable $baseUrl in C:\xampp\htdocs\bookstore\resources\views\layout\header.php on line 146
[01-Dec-2025 00:08:04 Asia/Ho_Chi_Minh] PHP Warning:  Undefined variable $baseUrl in C:\xampp\htdocs\bookstore\resources\views\layout\header.php on line 147
[01-Dec-2025 00:08:04 Asia/Ho_Chi_Minh] PHP Warning:  Undefined variable $appName in C:\xampp\htdocs\bookstore\resources\views\layout\footer.php on line 9
[01-Dec-2025 00:08:04 Asia/Ho_Chi_Minh] PHP Deprecated:  htmlspecialchars(): Passing null to parameter #1 ($string) of type string is deprecated in C:\xampp\htdocs\bookstore\resources\views\layout\footer.php on line 9
[01-Dec-2025 00:08:04 Asia/Ho_Chi_Minh] PHP Warning:  Undefined variable $baseUrl in C:\xampp\htdocs\bookstore\resources\views\layout\footer.php on line 21
[01-Dec-2025 00:08:04 Asia/Ho_Chi_Minh] PHP Warning:  Undefined variable $baseUrl in C:\xampp\htdocs\bookstore\resources\views\layout\footer.php on line 22
[01-Dec-2025 00:08:04 Asia/Ho_Chi_Minh] PHP Warning:  Undefined variable $baseUrl in C:\xampp\htdocs\bookstore\resources\views\layout\footer.php on line 23
[01-Dec-2025 00:08:04 Asia/Ho_Chi_Minh] PHP Warning:  Undefined variable $baseUrl in C:\xampp\htdocs\bookstore\resources\views\layout\footer.php on line 24
[01-Dec-2025 00:08:04 Asia/Ho_Chi_Minh] PHP Warning:  Undefined variable $baseUrl in C:\xampp\htdocs\bookstore\resources\views\layout\footer.php on line 25
[01-Dec-2025 00:08:04 Asia/Ho_Chi_Minh] PHP Warning:  Undefined variable $baseUrl in C:\xampp\htdocs\bookstore\resources\views\layout\footer.php on line 26
[01-Dec-2025 00:08:04 Asia/Ho_Chi_Minh] PHP Warning:  Undefined variable $baseUrl in C:\xampp\htdocs\bookstore\resources\views\layout\footer.php on line 27
[01-Dec-2025 00:08:04 Asia/Ho_Chi_Minh] PHP Warning:  Undefined variable $baseUrl in C:\xampp\htdocs\bookstore\resources\views\layout\footer.php on line 73
[01-Dec-2025 00:08:04 Asia/Ho_Chi_Minh] PHP Warning:  Undefined variable $appName in C:\xampp\htdocs\bookstore\resources\views\layout\footer.php on line 97
[01-Dec-2025 00:08:04 Asia/Ho_Chi_Minh] PHP Deprecated:  htmlspecialchars(): Passing null to parameter #1 ($string) of type string is deprecated in C:\xampp\htdocs\bookstore\resources\views\layout\footer.php on line 97
[01-Dec-2025 00:08:04 Asia/Ho_Chi_Minh] PHP Warning:  Undefined variable $baseUrl in C:\xampp\htdocs\bookstore\resources\views\layout\footer.php on line 100
[01-Dec-2025 00:08:04 Asia/Ho_Chi_Minh] PHP Warning:  Undefined variable $baseUrl in C:\xampp\htdocs\bookstore\resources\views\layout\footer.php on line 101
[01-Dec-2025 00:08:04 Asia/Ho_Chi_Minh] PHP Warning:  Undefined variable $baseUrl in C:\xampp\htdocs\bookstore\resources\views\layout\footer.php on line 102
[01-Dec-2025 00:08:04 Asia/Ho_Chi_Minh] PHP Warning:  Undefined variable $baseUrl in C:\xampp\htdocs\bookstore\resources\views\layout\footer.php on line 158
[01-Dec-2025 00:09:13 Asia/Ho_Chi_Minh] Database connection failed: SQLSTATE[HY000] [1049] Unknown database 'bookstore'
[01-Dec-2025 00:09:13 Asia/Ho_Chi_Minh] Database connection failed: SQLSTATE[HY000] [1049] Unknown database 'bookstore'
[01-Dec-2025 00:09:13 Asia/Ho_Chi_Minh] Database connection failed: SQLSTATE[HY000] [1049] Unknown database 'bookstore'
[01-Dec-2025 00:09:13 Asia/Ho_Chi_Minh] PHP Warning:  Undefined variable $baseUrl in C:\xampp\htdocs\bookstore\resources\views\pages\home.php on line 6
[01-Dec-2025 00:09:13 Asia/Ho_Chi_Minh] PHP Deprecated:  rtrim(): Passing null to parameter #1 ($string) of type string is deprecated in C:\xampp\htdocs\bookstore\resources\views\pages\home.php on line 6
[01-Dec-2025 00:09:13 Asia/Ho_Chi_Minh] PHP Warning:  Undefined variable $baseUrl in C:\xampp\htdocs\bookstore\resources\views\pages\home.php on line 10
[01-Dec-2025 00:09:13 Asia/Ho_Chi_Minh] PHP Warning:  Undefined variable $baseUrl in C:\xampp\htdocs\bookstore\resources\views\pages\home.php on line 11
[01-Dec-2025 00:09:13 Asia/Ho_Chi_Minh] PHP Warning:  Undefined variable $baseUrl in C:\xampp\htdocs\bookstore\resources\views\pages\home.php on line 18
[01-Dec-2025 00:09:13 Asia/Ho_Chi_Minh] PHP Warning:  Undefined variable $baseUrl in C:\xampp\htdocs\bookstore\resources\views\pages\home.php on line 22
[01-Dec-2025 00:09:13 Asia/Ho_Chi_Minh] PHP Warning:  Undefined variable $baseUrl in C:\xampp\htdocs\bookstore\resources\views\pages\home.php on line 171
[01-Dec-2025 00:09:13 Asia/Ho_Chi_Minh] PHP Warning:  Undefined variable $baseUrl in C:\xampp\htdocs\bookstore\resources\views\pages\home.php on line 186
[01-Dec-2025 00:09:13 Asia/Ho_Chi_Minh] PHP Warning:  Undefined variable $baseUrl in C:\xampp\htdocs\bookstore\resources\views\pages\home.php on line 201
[01-Dec-2025 00:09:13 Asia/Ho_Chi_Minh] PHP Warning:  Undefined variable $baseUrl in C:\xampp\htdocs\bookstore\resources\views\pages\home.php on line 233
[01-Dec-2025 00:09:13 Asia/Ho_Chi_Minh] PHP Warning:  Undefined variable $baseUrl in C:\xampp\htdocs\bookstore\resources\views\pages\home.php on line 234
[01-Dec-2025 00:09:13 Asia/Ho_Chi_Minh] PHP Warning:  Undefined variable $baseUrl in C:\xampp\htdocs\bookstore\resources\views\pages\home.php on line 235
[01-Dec-2025 00:09:13 Asia/Ho_Chi_Minh] PHP Warning:  Undefined variable $baseUrl in C:\xampp\htdocs\bookstore\resources\views\pages\home.php on line 236
[01-Dec-2025 00:09:13 Asia/Ho_Chi_Minh] PHP Warning:  Undefined variable $baseUrl in C:\xampp\htdocs\bookstore\resources\views\pages\home.php on line 237
[01-Dec-2025 00:09:13 Asia/Ho_Chi_Minh] PHP Warning:  Undefined variable $baseUrl in C:\xampp\htdocs\bookstore\resources\views\pages\home.php on line 238
[01-Dec-2025 00:09:13 Asia/Ho_Chi_Minh] PHP Warning:  Undefined variable $baseUrl in C:\xampp\htdocs\bookstore\resources\views\pages\home.php on line 239
[01-Dec-2025 00:09:13 Asia/Ho_Chi_Minh] PHP Warning:  Undefined variable $baseUrl in C:\xampp\htdocs\bookstore\resources\views\pages\home.php on line 240
[01-Dec-2025 00:09:13 Asia/Ho_Chi_Minh] PHP Warning:  Undefined variable $baseUrl in C:\xampp\htdocs\bookstore\resources\views\pages\home.php on line 241
[01-Dec-2025 00:09:13 Asia/Ho_Chi_Minh] PHP Warning:  Undefined variable $baseUrl in C:\xampp\htdocs\bookstore\resources\views\pages\home.php on line 242
[01-Dec-2025 00:09:13 Asia/Ho_Chi_Minh] PHP Warning:  Undefined variable $baseUrl in C:\xampp\htdocs\bookstore\resources\views\pages\home.php on line 249
[01-Dec-2025 00:09:13 Asia/Ho_Chi_Minh] PHP Warning:  Undefined variable $baseUrl in C:\xampp\htdocs\bookstore\resources\views\pages\home.php on line 266
[01-Dec-2025 00:09:13 Asia/Ho_Chi_Minh] PHP Warning:  Undefined variable $baseUrl in C:\xampp\htdocs\bookstore\resources\views\pages\home.php on line 428
[01-Dec-2025 00:09:13 Asia/Ho_Chi_Minh] PHP Warning:  Undefined variable $baseUrl in C:\xampp\htdocs\bookstore\resources\views\layout\main.php on line 11
[01-Dec-2025 00:09:13 Asia/Ho_Chi_Minh] PHP Warning:  Undefined variable $baseUrl in C:\xampp\htdocs\bookstore\resources\views\layout\header.php on line 7
[01-Dec-2025 00:09:13 Asia/Ho_Chi_Minh] PHP Deprecated:  rtrim(): Passing null to parameter #1 ($string) of type string is deprecated in C:\xampp\htdocs\bookstore\resources\views\layout\header.php on line 7
[01-Dec-2025 00:09:13 Asia/Ho_Chi_Minh] PHP Warning:  Undefined variable $baseUrl in C:\xampp\htdocs\bookstore\resources\views\layout\header.php on line 9
[01-Dec-2025 00:09:13 Asia/Ho_Chi_Minh] PHP Warning:  Undefined variable $baseUrl in C:\xampp\htdocs\bookstore\resources\views\layout\header.php on line 11
[01-Dec-2025 00:09:13 Asia/Ho_Chi_Minh] PHP Warning:  Undefined variable $baseUrl in C:\xampp\htdocs\bookstore\resources\views\layout\header.php on line 21
[01-Dec-2025 00:09:13 Asia/Ho_Chi_Minh] PHP Warning:  Undefined variable $baseUrl in C:\xampp\htdocs\bookstore\resources\views\layout\header.php on line 29
[01-Dec-2025 00:09:13 Asia/Ho_Chi_Minh] PHP Warning:  Undefined variable $baseUrl in C:\xampp\htdocs\bookstore\resources\views\layout\header.php on line 37
[01-Dec-2025 00:09:13 Asia/Ho_Chi_Minh] PHP Warning:  Undefined variable $baseUrl in C:\xampp\htdocs\bookstore\resources\views\layout\header.php on line 96
[01-Dec-2025 00:09:13 Asia/Ho_Chi_Minh] PHP Warning:  Undefined variable $baseUrl in C:\xampp\htdocs\bookstore\resources\views\layout\header.php on line 110
[01-Dec-2025 00:09:13 Asia/Ho_Chi_Minh] PHP Warning:  Undefined variable $baseUrl in C:\xampp\htdocs\bookstore\resources\views\layout\header.php on line 112
[01-Dec-2025 00:09:13 Asia/Ho_Chi_Minh] PHP Warning:  Undefined variable $baseUrl in C:\xampp\htdocs\bookstore\resources\views\layout\header.php on line 115
[01-Dec-2025 00:09:13 Asia/Ho_Chi_Minh] PHP Warning:  Undefined variable $baseUrl in C:\xampp\htdocs\bookstore\resources\views\layout\header.php on line 116
[01-Dec-2025 00:09:13 Asia/Ho_Chi_Minh] PHP Warning:  Undefined variable $baseUrl in C:\xampp\htdocs\bookstore\resources\views\layout\header.php on line 117
[01-Dec-2025 00:09:13 Asia/Ho_Chi_Minh] PHP Warning:  Undefined variable $baseUrl in C:\xampp\htdocs\bookstore\resources\views\layout\header.php on line 118
[01-Dec-2025 00:09:13 Asia/Ho_Chi_Minh] PHP Warning:  Undefined variable $baseUrl in C:\xampp\htdocs\bookstore\resources\views\layout\header.php on line 120
[01-Dec-2025 00:09:13 Asia/Ho_Chi_Minh] PHP Warning:  Undefined variable $baseUrl in C:\xampp\htdocs\bookstore\resources\views\layout\header.php on line 121
[01-Dec-2025 00:09:13 Asia/Ho_Chi_Minh] PHP Warning:  Undefined variable $baseUrl in C:\xampp\htdocs\bookstore\resources\views\layout\header.php on line 122
[01-Dec-2025 00:09:13 Asia/Ho_Chi_Minh] PHP Warning:  Undefined variable $baseUrl in C:\xampp\htdocs\bookstore\resources\views\layout\header.php on line 123
[01-Dec-2025 00:09:13 Asia/Ho_Chi_Minh] PHP Warning:  Undefined variable $baseUrl in C:\xampp\htdocs\bookstore\resources\views\layout\header.php on line 127
[01-Dec-2025 00:09:13 Asia/Ho_Chi_Minh] PHP Warning:  Undefined variable $baseUrl in C:\xampp\htdocs\bookstore\resources\views\layout\header.php on line 129
[01-Dec-2025 00:09:13 Asia/Ho_Chi_Minh] PHP Warning:  Undefined variable $baseUrl in C:\xampp\htdocs\bookstore\resources\views\layout\header.php on line 130
[01-Dec-2025 00:09:13 Asia/Ho_Chi_Minh] PHP Warning:  Undefined variable $baseUrl in C:\xampp\htdocs\bookstore\resources\views\layout\header.php on line 131
[01-Dec-2025 00:09:13 Asia/Ho_Chi_Minh] PHP Warning:  Undefined variable $baseUrl in C:\xampp\htdocs\bookstore\resources\views\layout\header.php on line 132
[01-Dec-2025 00:09:13 Asia/Ho_Chi_Minh] PHP Warning:  Undefined variable $baseUrl in C:\xampp\htdocs\bookstore\resources\views\layout\header.php on line 136
[01-Dec-2025 00:09:13 Asia/Ho_Chi_Minh] PHP Warning:  Undefined variable $baseUrl in C:\xampp\htdocs\bookstore\resources\views\layout\header.php on line 138
[01-Dec-2025 00:09:13 Asia/Ho_Chi_Minh] PHP Warning:  Undefined variable $baseUrl in C:\xampp\htdocs\bookstore\resources\views\layout\header.php on line 139
[01-Dec-2025 00:09:13 Asia/Ho_Chi_Minh] PHP Warning:  Undefined variable $baseUrl in C:\xampp\htdocs\bookstore\resources\views\layout\header.php on line 140
[01-Dec-2025 00:09:13 Asia/Ho_Chi_Minh] PHP Warning:  Undefined variable $baseUrl in C:\xampp\htdocs\bookstore\resources\views\layout\header.php on line 141
[01-Dec-2025 00:09:13 Asia/Ho_Chi_Minh] PHP Warning:  Undefined variable $baseUrl in C:\xampp\htdocs\bookstore\resources\views\layout\header.php on line 144
[01-Dec-2025 00:09:13 Asia/Ho_Chi_Minh] PHP Warning:  Undefined variable $baseUrl in C:\xampp\htdocs\bookstore\resources\views\layout\header.php on line 145
[01-Dec-2025 00:09:13 Asia/Ho_Chi_Minh] PHP Warning:  Undefined variable $baseUrl in C:\xampp\htdocs\bookstore\resources\views\layout\header.php on line 146
[01-Dec-2025 00:09:13 Asia/Ho_Chi_Minh] PHP Warning:  Undefined variable $baseUrl in C:\xampp\htdocs\bookstore\resources\views\layout\header.php on line 147
[01-Dec-2025 00:09:13 Asia/Ho_Chi_Minh] PHP Warning:  Undefined variable $appName in C:\xampp\htdocs\bookstore\resources\views\layout\footer.php on line 9
[01-Dec-2025 00:09:13 Asia/Ho_Chi_Minh] PHP Deprecated:  htmlspecialchars(): Passing null to parameter #1 ($string) of type string is deprecated in C:\xampp\htdocs\bookstore\resources\views\layout\footer.php on line 9
[01-Dec-2025 00:09:13 Asia/Ho_Chi_Minh] PHP Warning:  Undefined variable $baseUrl in C:\xampp\htdocs\bookstore\resources\views\layout\footer.php on line 21
[01-Dec-2025 00:09:13 Asia/Ho_Chi_Minh] PHP Warning:  Undefined variable $baseUrl in C:\xampp\htdocs\bookstore\resources\views\layout\footer.php on line 22
[01-Dec-2025 00:09:13 Asia/Ho_Chi_Minh] PHP Warning:  Undefined variable $baseUrl in C:\xampp\htdocs\bookstore\resources\views\layout\footer.php on line 23
[01-Dec-2025 00:09:13 Asia/Ho_Chi_Minh] PHP Warning:  Undefined variable $baseUrl in C:\xampp\htdocs\bookstore\resources\views\layout\footer.php on line 24
[01-Dec-2025 00:09:13 Asia/Ho_Chi_Minh] PHP Warning:  Undefined variable $baseUrl in C:\xampp\htdocs\bookstore\resources\views\layout\footer.php on line 25
[01-Dec-2025 00:09:13 Asia/Ho_Chi_Minh] PHP Warning:  Undefined variable $baseUrl in C:\xampp\htdocs\bookstore\resources\views\layout\footer.php on line 26
[01-Dec-2025 00:09:13 Asia/Ho_Chi_Minh] PHP Warning:  Undefined variable $baseUrl in C:\xampp\htdocs\bookstore\resources\views\layout\footer.php on line 27
[01-Dec-2025 00:09:13 Asia/Ho_Chi_Minh] PHP Warning:  Undefined variable $baseUrl in C:\xampp\htdocs\bookstore\resources\views\layout\footer.php on line 73
[01-Dec-2025 00:09:13 Asia/Ho_Chi_Minh] PHP Warning:  Undefined variable $appName in C:\xampp\htdocs\bookstore\resources\views\layout\footer.php on line 97
[01-Dec-2025 00:09:13 Asia/Ho_Chi_Minh] PHP Deprecated:  htmlspecialchars(): Passing null to parameter #1 ($string) of type string is deprecated in C:\xampp\htdocs\bookstore\resources\views\layout\footer.php on line 97
[01-Dec-2025 00:09:13 Asia/Ho_Chi_Minh] PHP Warning:  Undefined variable $baseUrl in C:\xampp\htdocs\bookstore\resources\views\layout\footer.php on line 100
[01-Dec-2025 00:09:13 Asia/Ho_Chi_Minh] PHP Warning:  Undefined variable $baseUrl in C:\xampp\htdocs\bookstore\resources\views\layout\footer.php on line 101
[01-Dec-2025 00:09:13 Asia/Ho_Chi_Minh] PHP Warning:  Undefined variable $baseUrl in C:\xampp\htdocs\bookstore\resources\views\layout\footer.php on line 102
[01-Dec-2025 00:09:13 Asia/Ho_Chi_Minh] PHP Warning:  Undefined variable $baseUrl in C:\xampp\htdocs\bookstore\resources\views\layout\footer.php on line 158
[01-Dec-2025 00:10:52 Asia/Ho_Chi_Minh] Database connection failed: SQLSTATE[HY000] [1049] Unknown database 'bookstore'
[01-Dec-2025 00:10:52 Asia/Ho_Chi_Minh] Database connection failed: SQLSTATE[HY000] [1049] Unknown database 'bookstore'
[01-Dec-2025 00:10:52 Asia/Ho_Chi_Minh] Database connection failed: SQLSTATE[HY000] [1049] Unknown database 'bookstore'
[01-Dec-2025 00:10:52 Asia/Ho_Chi_Minh] PHP Warning:  Undefined variable $appName in C:\xampp\htdocs\bookstore\resources\views\layout\footer.php on line 9
[01-Dec-2025 00:10:52 Asia/Ho_Chi_Minh] PHP Deprecated:  htmlspecialchars(): Passing null to parameter #1 ($string) of type string is deprecated in C:\xampp\htdocs\bookstore\resources\views\layout\footer.php on line 9
[01-Dec-2025 00:10:52 Asia/Ho_Chi_Minh] PHP Warning:  Undefined variable $appName in C:\xampp\htdocs\bookstore\resources\views\layout\footer.php on line 97
[01-Dec-2025 00:10:52 Asia/Ho_Chi_Minh] PHP Deprecated:  htmlspecialchars(): Passing null to parameter #1 ($string) of type string is deprecated in C:\xampp\htdocs\bookstore\resources\views\layout\footer.php on line 97
[01-Dec-2025 00:10:53 Asia/Ho_Chi_Minh] Database connection failed: SQLSTATE[HY000] [1049] Unknown database 'bookstore'
[01-Dec-2025 00:10:53 Asia/Ho_Chi_Minh] Database connection failed: SQLSTATE[HY000] [1049] Unknown database 'bookstore'
[01-Dec-2025 00:10:53 Asia/Ho_Chi_Minh] Database connection failed: SQLSTATE[HY000] [1049] Unknown database 'bookstore'
[01-Dec-2025 00:10:53 Asia/Ho_Chi_Minh] PHP Warning:  Undefined variable $appName in C:\xampp\htdocs\bookstore\resources\views\layout\footer.php on line 9
[01-Dec-2025 00:10:53 Asia/Ho_Chi_Minh] PHP Deprecated:  htmlspecialchars(): Passing null to parameter #1 ($string) of type string is deprecated in C:\xampp\htdocs\bookstore\resources\views\layout\footer.php on line 9
[01-Dec-2025 00:10:53 Asia/Ho_Chi_Minh] PHP Warning:  Undefined variable $appName in C:\xampp\htdocs\bookstore\resources\views\layout\footer.php on line 97
[01-Dec-2025 00:10:53 Asia/Ho_Chi_Minh] PHP Deprecated:  htmlspecialchars(): Passing null to parameter #1 ($string) of type string is deprecated in C:\xampp\htdocs\bookstore\resources\views\layout\footer.php on line 97
[01-Dec-2025 00:13:27 Asia/Ho_Chi_Minh] Database connection failed: SQLSTATE[HY000] [1049] Unknown database 'bookstore'
[01-Dec-2025 00:13:27 Asia/Ho_Chi_Minh] Database connection failed: SQLSTATE[HY000] [1049] Unknown database 'bookstore'
[01-Dec-2025 00:13:27 Asia/Ho_Chi_Minh] Database connection failed: SQLSTATE[HY000] [1049] Unknown database 'bookstore'
[01-Dec-2025 00:13:27 Asia/Ho_Chi_Minh] PHP Warning:  Undefined variable $appName in C:\xampp\htdocs\bookstore\resources\views\layout\footer.php on line 9
[01-Dec-2025 00:13:27 Asia/Ho_Chi_Minh] PHP Deprecated:  htmlspecialchars(): Passing null to parameter #1 ($string) of type string is deprecated in C:\xampp\htdocs\bookstore\resources\views\layout\footer.php on line 9
[01-Dec-2025 00:13:27 Asia/Ho_Chi_Minh] PHP Warning:  Undefined variable $appName in C:\xampp\htdocs\bookstore\resources\views\layout\footer.php on line 97
[01-Dec-2025 00:13:27 Asia/Ho_Chi_Minh] PHP Deprecated:  htmlspecialchars(): Passing null to parameter #1 ($string) of type string is deprecated in C:\xampp\htdocs\bookstore\resources\views\layout\footer.php on line 97
[01-Dec-2025 00:20:43 Asia/Ho_Chi_Minh] PHP Warning:  Undefined variable $appName in C:\xampp\htdocs\bookstore\resources\views\layout\footer.php on line 9
[01-Dec-2025 00:20:43 Asia/Ho_Chi_Minh] PHP Deprecated:  htmlspecialchars(): Passing null to parameter #1 ($string) of type string is deprecated in C:\xampp\htdocs\bookstore\resources\views\layout\footer.php on line 9
[01-Dec-2025 00:20:43 Asia/Ho_Chi_Minh] PHP Warning:  Undefined variable $appName in C:\xampp\htdocs\bookstore\resources\views\layout\footer.php on line 97
[01-Dec-2025 00:20:43 Asia/Ho_Chi_Minh] PHP Deprecated:  htmlspecialchars(): Passing null to parameter #1 ($string) of type string is deprecated in C:\xampp\htdocs\bookstore\resources\views\layout\footer.php on line 97
[01-Dec-2025 00:20:53 Asia/Ho_Chi_Minh] PHP Warning:  Undefined variable $appName in C:\xampp\htdocs\bookstore\resources\views\layout\footer.php on line 9
[01-Dec-2025 00:20:53 Asia/Ho_Chi_Minh] PHP Deprecated:  htmlspecialchars(): Passing null to parameter #1 ($string) of type string is deprecated in C:\xampp\htdocs\bookstore\resources\views\layout\footer.php on line 9
[01-Dec-2025 00:20:53 Asia/Ho_Chi_Minh] PHP Warning:  Undefined variable $appName in C:\xampp\htdocs\bookstore\resources\views\layout\footer.php on line 97
[01-Dec-2025 00:20:53 Asia/Ho_Chi_Minh] PHP Deprecated:  htmlspecialchars(): Passing null to parameter #1 ($string) of type string is deprecated in C:\xampp\htdocs\bookstore\resources\views\layout\footer.php on line 97
[01-Dec-2025 00:21:02 Asia/Ho_Chi_Minh] PHP Warning:  Undefined variable $appName in C:\xampp\htdocs\bookstore\resources\views\layout\footer.php on line 9
[01-Dec-2025 00:21:02 Asia/Ho_Chi_Minh] PHP Deprecated:  htmlspecialchars(): Passing null to parameter #1 ($string) of type string is deprecated in C:\xampp\htdocs\bookstore\resources\views\layout\footer.php on line 9
[01-Dec-2025 00:21:02 Asia/Ho_Chi_Minh] PHP Warning:  Undefined variable $appName in C:\xampp\htdocs\bookstore\resources\views\layout\footer.php on line 97
[01-Dec-2025 00:21:02 Asia/Ho_Chi_Minh] PHP Deprecated:  htmlspecialchars(): Passing null to parameter #1 ($string) of type string is deprecated in C:\xampp\htdocs\bookstore\resources\views\layout\footer.php on line 97
[2025-12-01 00:21:14] [ERROR] AuthController.php:90 | Login failed | Context: {"username_or_email":"a","ip_address":"::1","user_found":false,"password_correct":false,"type":"authentication"}
[01-Dec-2025 00:21:14 Asia/Ho_Chi_Minh] Login failed | Context: {"username_or_email":"a","ip_address":"::1","user_found":false,"password_correct":false,"type":"authentication"}
[01-Dec-2025 00:21:14 Asia/Ho_Chi_Minh] PHP Warning:  Undefined variable $appName in C:\xampp\htdocs\bookstore\resources\views\layout\footer.php on line 9
[01-Dec-2025 00:21:14 Asia/Ho_Chi_Minh] PHP Deprecated:  htmlspecialchars(): Passing null to parameter #1 ($string) of type string is deprecated in C:\xampp\htdocs\bookstore\resources\views\layout\footer.php on line 9
[01-Dec-2025 00:21:14 Asia/Ho_Chi_Minh] PHP Warning:  Undefined variable $appName in C:\xampp\htdocs\bookstore\resources\views\layout\footer.php on line 97
[01-Dec-2025 00:21:14 Asia/Ho_Chi_Minh] PHP Deprecated:  htmlspecialchars(): Passing null to parameter #1 ($string) of type string is deprecated in C:\xampp\htdocs\bookstore\resources\views\layout\footer.php on line 97
[01-Dec-2025 00:21:54 Asia/Ho_Chi_Minh] PHP Warning:  Undefined variable $appName in C:\xampp\htdocs\bookstore\resources\views\layout\footer.php on line 9
[01-Dec-2025 00:21:54 Asia/Ho_Chi_Minh] PHP Deprecated:  htmlspecialchars(): Passing null to parameter #1 ($string) of type string is deprecated in C:\xampp\htdocs\bookstore\resources\views\layout\footer.php on line 9
[01-Dec-2025 00:21:54 Asia/Ho_Chi_Minh] PHP Warning:  Undefined variable $appName in C:\xampp\htdocs\bookstore\resources\views\layout\footer.php on line 97
[01-Dec-2025 00:21:54 Asia/Ho_Chi_Minh] PHP Deprecated:  htmlspecialchars(): Passing null to parameter #1 ($string) of type string is deprecated in C:\xampp\htdocs\bookstore\resources\views\layout\footer.php on line 97
[01-Dec-2025 00:22:19 Asia/Ho_Chi_Minh] PHP Warning:  Undefined variable $appName in C:\xampp\htdocs\bookstore\resources\views\layout\footer.php on line 9
[01-Dec-2025 00:22:19 Asia/Ho_Chi_Minh] PHP Deprecated:  htmlspecialchars(): Passing null to parameter #1 ($string) of type string is deprecated in C:\xampp\htdocs\bookstore\resources\views\layout\footer.php on line 9
[01-Dec-2025 00:22:19 Asia/Ho_Chi_Minh] PHP Warning:  Undefined variable $appName in C:\xampp\htdocs\bookstore\resources\views\layout\footer.php on line 97
[01-Dec-2025 00:22:19 Asia/Ho_Chi_Minh] PHP Deprecated:  htmlspecialchars(): Passing null to parameter #1 ($string) of type string is deprecated in C:\xampp\htdocs\bookstore\resources\views\layout\footer.php on line 97
[01-Dec-2025 00:24:40 Asia/Ho_Chi_Minh] PHP Warning:  Undefined variable $appName in C:\xampp\htdocs\bookstore\resources\views\layout\footer.php on line 9
[01-Dec-2025 00:24:40 Asia/Ho_Chi_Minh] PHP Deprecated:  htmlspecialchars(): Passing null to parameter #1 ($string) of type string is deprecated in C:\xampp\htdocs\bookstore\resources\views\layout\footer.php on line 9
[01-Dec-2025 00:24:40 Asia/Ho_Chi_Minh] PHP Warning:  Undefined variable $appName in C:\xampp\htdocs\bookstore\resources\views\layout\footer.php on line 97
[01-Dec-2025 00:24:40 Asia/Ho_Chi_Minh] PHP Deprecated:  htmlspecialchars(): Passing null to parameter #1 ($string) of type string is deprecated in C:\xampp\htdocs\bookstore\resources\views\layout\footer.php on line 97
[01-Dec-2025 00:24:46 Asia/Ho_Chi_Minh] PHP Warning:  Undefined variable $appName in C:\xampp\htdocs\bookstore\resources\views\layout\footer.php on line 9
[01-Dec-2025 00:24:46 Asia/Ho_Chi_Minh] PHP Deprecated:  htmlspecialchars(): Passing null to parameter #1 ($string) of type string is deprecated in C:\xampp\htdocs\bookstore\resources\views\layout\footer.php on line 9
[01-Dec-2025 00:24:46 Asia/Ho_Chi_Minh] PHP Warning:  Undefined variable $appName in C:\xampp\htdocs\bookstore\resources\views\layout\footer.php on line 97
[01-Dec-2025 00:24:46 Asia/Ho_Chi_Minh] PHP Deprecated:  htmlspecialchars(): Passing null to parameter #1 ($string) of type string is deprecated in C:\xampp\htdocs\bookstore\resources\views\layout\footer.php on line 97
[01-Dec-2025 00:24:47 Asia/Ho_Chi_Minh] PHP Deprecated:  htmlspecialchars(): Passing null to parameter #1 ($string) of type string is deprecated in C:\xampp\htdocs\bookstore\resources\views\books\index.php on line 31
[01-Dec-2025 00:24:47 Asia/Ho_Chi_Minh] PHP Deprecated:  htmlspecialchars(): Passing null to parameter #1 ($string) of type string is deprecated in C:\xampp\htdocs\bookstore\resources\views\books\index.php on line 32
[01-Dec-2025 00:24:47 Asia/Ho_Chi_Minh] PHP Warning:  Undefined variable $appName in C:\xampp\htdocs\bookstore\resources\views\layout\footer.php on line 9
[01-Dec-2025 00:24:47 Asia/Ho_Chi_Minh] PHP Deprecated:  htmlspecialchars(): Passing null to parameter #1 ($string) of type string is deprecated in C:\xampp\htdocs\bookstore\resources\views\layout\footer.php on line 9
[01-Dec-2025 00:24:47 Asia/Ho_Chi_Minh] PHP Warning:  Undefined variable $appName in C:\xampp\htdocs\bookstore\resources\views\layout\footer.php on line 97
[01-Dec-2025 00:24:47 Asia/Ho_Chi_Minh] PHP Deprecated:  htmlspecialchars(): Passing null to parameter #1 ($string) of type string is deprecated in C:\xampp\htdocs\bookstore\resources\views\layout\footer.php on line 97
[01-Dec-2025 00:24:54 Asia/Ho_Chi_Minh] PHP Warning:  Undefined variable $appName in C:\xampp\htdocs\bookstore\resources\views\layout\footer.php on line 9
[01-Dec-2025 00:24:54 Asia/Ho_Chi_Minh] PHP Deprecated:  htmlspecialchars(): Passing null to parameter #1 ($string) of type string is deprecated in C:\xampp\htdocs\bookstore\resources\views\layout\footer.php on line 9
[01-Dec-2025 00:24:54 Asia/Ho_Chi_Minh] PHP Warning:  Undefined variable $appName in C:\xampp\htdocs\bookstore\resources\views\layout\footer.php on line 97
[01-Dec-2025 00:24:54 Asia/Ho_Chi_Minh] PHP Deprecated:  htmlspecialchars(): Passing null to parameter #1 ($string) of type string is deprecated in C:\xampp\htdocs\bookstore\resources\views\layout\footer.php on line 97
[01-Dec-2025 00:28:07 Asia/Ho_Chi_Minh] PHP Warning:  Undefined variable $appName in C:\xampp\htdocs\bookstore\resources\views\layout\footer.php on line 9
[01-Dec-2025 00:28:07 Asia/Ho_Chi_Minh] PHP Deprecated:  htmlspecialchars(): Passing null to parameter #1 ($string) of type string is deprecated in C:\xampp\htdocs\bookstore\resources\views\layout\footer.php on line 9
[01-Dec-2025 00:28:07 Asia/Ho_Chi_Minh] PHP Warning:  Undefined variable $appName in C:\xampp\htdocs\bookstore\resources\views\layout\footer.php on line 97
[01-Dec-2025 00:28:07 Asia/Ho_Chi_Minh] PHP Deprecated:  htmlspecialchars(): Passing null to parameter #1 ($string) of type string is deprecated in C:\xampp\htdocs\bookstore\resources\views\layout\footer.php on line 97
[01-Dec-2025 00:32:49 Asia/Ho_Chi_Minh] PHP Warning:  Undefined variable $appName in C:\xampp\htdocs\bookstore\resources\views\layout\footer.php on line 9
[01-Dec-2025 00:32:49 Asia/Ho_Chi_Minh] PHP Deprecated:  htmlspecialchars(): Passing null to parameter #1 ($string) of type string is deprecated in C:\xampp\htdocs\bookstore\resources\views\layout\footer.php on line 9
[01-Dec-2025 00:32:49 Asia/Ho_Chi_Minh] PHP Warning:  Undefined variable $appName in C:\xampp\htdocs\bookstore\resources\views\layout\footer.php on line 97
[01-Dec-2025 00:32:49 Asia/Ho_Chi_Minh] PHP Deprecated:  htmlspecialchars(): Passing null to parameter #1 ($string) of type string is deprecated in C:\xampp\htdocs\bookstore\resources\views\layout\footer.php on line 97
[01-Dec-2025 00:34:24 Asia/Ho_Chi_Minh] PHP Warning:  Undefined variable $appName in C:\xampp\htdocs\bookstore\resources\views\layout\footer.php on line 9
[01-Dec-2025 00:34:24 Asia/Ho_Chi_Minh] PHP Deprecated:  htmlspecialchars(): Passing null to parameter #1 ($string) of type string is deprecated in C:\xampp\htdocs\bookstore\resources\views\layout\footer.php on line 9
[01-Dec-2025 00:34:24 Asia/Ho_Chi_Minh] PHP Warning:  Undefined variable $appName in C:\xampp\htdocs\bookstore\resources\views\layout\footer.php on line 97
[01-Dec-2025 00:34:24 Asia/Ho_Chi_Minh] PHP Deprecated:  htmlspecialchars(): Passing null to parameter #1 ($string) of type string is deprecated in C:\xampp\htdocs\bookstore\resources\views\layout\footer.php on line 97
[01-Dec-2025 00:34:28 Asia/Ho_Chi_Minh] PHP Warning:  Undefined variable $appName in C:\xampp\htdocs\bookstore\resources\views\layout\footer.php on line 9
[01-Dec-2025 00:34:28 Asia/Ho_Chi_Minh] PHP Deprecated:  htmlspecialchars(): Passing null to parameter #1 ($string) of type string is deprecated in C:\xampp\htdocs\bookstore\resources\views\layout\footer.php on line 9
[01-Dec-2025 00:34:28 Asia/Ho_Chi_Minh] PHP Warning:  Undefined variable $appName in C:\xampp\htdocs\bookstore\resources\views\layout\footer.php on line 97
[01-Dec-2025 00:34:28 Asia/Ho_Chi_Minh] PHP Deprecated:  htmlspecialchars(): Passing null to parameter #1 ($string) of type string is deprecated in C:\xampp\htdocs\bookstore\resources\views\layout\footer.php on line 97
[01-Dec-2025 00:34:35 Asia/Ho_Chi_Minh] PHP Warning:  Undefined variable $appName in C:\xampp\htdocs\bookstore\resources\views\layout\footer.php on line 9
[01-Dec-2025 00:34:35 Asia/Ho_Chi_Minh] PHP Deprecated:  htmlspecialchars(): Passing null to parameter #1 ($string) of type string is deprecated in C:\xampp\htdocs\bookstore\resources\views\layout\footer.php on line 9
[01-Dec-2025 00:34:35 Asia/Ho_Chi_Minh] PHP Warning:  Undefined variable $appName in C:\xampp\htdocs\bookstore\resources\views\layout\footer.php on line 97
[01-Dec-2025 00:34:35 Asia/Ho_Chi_Minh] PHP Deprecated:  htmlspecialchars(): Passing null to parameter #1 ($string) of type string is deprecated in C:\xampp\htdocs\bookstore\resources\views\layout\footer.php on line 97
[01-Dec-2025 00:34:36 Asia/Ho_Chi_Minh] PHP Warning:  Undefined variable $appName in C:\xampp\htdocs\bookstore\resources\views\layout\footer.php on line 9
[01-Dec-2025 00:34:36 Asia/Ho_Chi_Minh] PHP Deprecated:  htmlspecialchars(): Passing null to parameter #1 ($string) of type string is deprecated in C:\xampp\htdocs\bookstore\resources\views\layout\footer.php on line 9
[01-Dec-2025 00:34:36 Asia/Ho_Chi_Minh] PHP Warning:  Undefined variable $appName in C:\xampp\htdocs\bookstore\resources\views\layout\footer.php on line 97
[01-Dec-2025 00:34:36 Asia/Ho_Chi_Minh] PHP Deprecated:  htmlspecialchars(): Passing null to parameter #1 ($string) of type string is deprecated in C:\xampp\htdocs\bookstore\resources\views\layout\footer.php on line 97
[01-Dec-2025 00:34:44 Asia/Ho_Chi_Minh] PHP Warning:  Undefined variable $appName in C:\xampp\htdocs\bookstore\resources\views\layout\footer.php on line 9
[01-Dec-2025 00:34:44 Asia/Ho_Chi_Minh] PHP Deprecated:  htmlspecialchars(): Passing null to parameter #1 ($string) of type string is deprecated in C:\xampp\htdocs\bookstore\resources\views\layout\footer.php on line 9
[01-Dec-2025 00:34:44 Asia/Ho_Chi_Minh] PHP Warning:  Undefined variable $appName in C:\xampp\htdocs\bookstore\resources\views\layout\footer.php on line 97
[01-Dec-2025 00:34:44 Asia/Ho_Chi_Minh] PHP Deprecated:  htmlspecialchars(): Passing null to parameter #1 ($string) of type string is deprecated in C:\xampp\htdocs\bookstore\resources\views\layout\footer.php on line 97
[01-Dec-2025 00:34:49 Asia/Ho_Chi_Minh] PHP Warning:  Undefined variable $appName in C:\xampp\htdocs\bookstore\resources\views\layout\footer.php on line 9
[01-Dec-2025 00:34:49 Asia/Ho_Chi_Minh] PHP Deprecated:  htmlspecialchars(): Passing null to parameter #1 ($string) of type string is deprecated in C:\xampp\htdocs\bookstore\resources\views\layout\footer.php on line 9
[01-Dec-2025 00:34:49 Asia/Ho_Chi_Minh] PHP Warning:  Undefined variable $appName in C:\xampp\htdocs\bookstore\resources\views\layout\footer.php on line 97
[01-Dec-2025 00:34:49 Asia/Ho_Chi_Minh] PHP Deprecated:  htmlspecialchars(): Passing null to parameter #1 ($string) of type string is deprecated in C:\xampp\htdocs\bookstore\resources\views\layout\footer.php on line 97
[01-Dec-2025 00:35:04 Asia/Ho_Chi_Minh] PHP Warning:  Undefined variable $appName in C:\xampp\htdocs\bookstore\resources\views\layout\footer.php on line 9
[01-Dec-2025 00:35:04 Asia/Ho_Chi_Minh] PHP Deprecated:  htmlspecialchars(): Passing null to parameter #1 ($string) of type string is deprecated in C:\xampp\htdocs\bookstore\resources\views\layout\footer.php on line 9
[01-Dec-2025 00:35:04 Asia/Ho_Chi_Minh] PHP Warning:  Undefined variable $appName in C:\xampp\htdocs\bookstore\resources\views\layout\footer.php on line 97
[01-Dec-2025 00:35:04 Asia/Ho_Chi_Minh] PHP Deprecated:  htmlspecialchars(): Passing null to parameter #1 ($string) of type string is deprecated in C:\xampp\htdocs\bookstore\resources\views\layout\footer.php on line 97
[01-Dec-2025 00:35:44 Asia/Ho_Chi_Minh] PHP Warning:  Undefined variable $appName in C:\xampp\htdocs\bookstore\resources\views\layout\footer.php on line 9
[01-Dec-2025 00:35:44 Asia/Ho_Chi_Minh] PHP Deprecated:  htmlspecialchars(): Passing null to parameter #1 ($string) of type string is deprecated in C:\xampp\htdocs\bookstore\resources\views\layout\footer.php on line 9
[01-Dec-2025 00:35:44 Asia/Ho_Chi_Minh] PHP Warning:  Undefined variable $appName in C:\xampp\htdocs\bookstore\resources\views\layout\footer.php on line 97
[01-Dec-2025 00:35:44 Asia/Ho_Chi_Minh] PHP Deprecated:  htmlspecialchars(): Passing null to parameter #1 ($string) of type string is deprecated in C:\xampp\htdocs\bookstore\resources\views\layout\footer.php on line 97
[01-Dec-2025 00:38:12 Asia/Ho_Chi_Minh] PHP Warning:  Undefined variable $appName in C:\xampp\htdocs\bookstore\resources\views\layout\footer.php on line 9
[01-Dec-2025 00:38:12 Asia/Ho_Chi_Minh] PHP Deprecated:  htmlspecialchars(): Passing null to parameter #1 ($string) of type string is deprecated in C:\xampp\htdocs\bookstore\resources\views\layout\footer.php on line 9
[01-Dec-2025 00:38:12 Asia/Ho_Chi_Minh] PHP Warning:  Undefined variable $appName in C:\xampp\htdocs\bookstore\resources\views\layout\footer.php on line 97
[01-Dec-2025 00:38:12 Asia/Ho_Chi_Minh] PHP Deprecated:  htmlspecialchars(): Passing null to parameter #1 ($string) of type string is deprecated in C:\xampp\htdocs\bookstore\resources\views\layout\footer.php on line 97
[01-Dec-2025 00:38:24 Asia/Ho_Chi_Minh] PHP Warning:  Undefined variable $appName in C:\xampp\htdocs\bookstore\resources\views\layout\footer.php on line 9
[01-Dec-2025 00:38:24 Asia/Ho_Chi_Minh] PHP Deprecated:  htmlspecialchars(): Passing null to parameter #1 ($string) of type string is deprecated in C:\xampp\htdocs\bookstore\resources\views\layout\footer.php on line 9
[01-Dec-2025 00:38:24 Asia/Ho_Chi_Minh] PHP Warning:  Undefined variable $appName in C:\xampp\htdocs\bookstore\resources\views\layout\footer.php on line 97
[01-Dec-2025 00:38:24 Asia/Ho_Chi_Minh] PHP Deprecated:  htmlspecialchars(): Passing null to parameter #1 ($string) of type string is deprecated in C:\xampp\htdocs\bookstore\resources\views\layout\footer.php on line 97
[01-Dec-2025 00:39:02 Asia/Ho_Chi_Minh] PHP Warning:  Undefined variable $appName in C:\xampp\htdocs\bookstore\resources\views\layout\footer.php on line 9
[01-Dec-2025 00:39:02 Asia/Ho_Chi_Minh] PHP Deprecated:  htmlspecialchars(): Passing null to parameter #1 ($string) of type string is deprecated in C:\xampp\htdocs\bookstore\resources\views\layout\footer.php on line 9
[01-Dec-2025 00:39:02 Asia/Ho_Chi_Minh] PHP Warning:  Undefined variable $appName in C:\xampp\htdocs\bookstore\resources\views\layout\footer.php on line 97
[01-Dec-2025 00:39:02 Asia/Ho_Chi_Minh] PHP Deprecated:  htmlspecialchars(): Passing null to parameter #1 ($string) of type string is deprecated in C:\xampp\htdocs\bookstore\resources\views\layout\footer.php on line 97
[01-Dec-2025 00:40:15 Asia/Ho_Chi_Minh] PHP Warning:  Undefined variable $appName in C:\xampp\htdocs\bookstore\resources\views\layout\footer.php on line 9
[01-Dec-2025 00:40:15 Asia/Ho_Chi_Minh] PHP Deprecated:  htmlspecialchars(): Passing null to parameter #1 ($string) of type string is deprecated in C:\xampp\htdocs\bookstore\resources\views\layout\footer.php on line 9
[01-Dec-2025 00:40:15 Asia/Ho_Chi_Minh] PHP Warning:  Undefined variable $appName in C:\xampp\htdocs\bookstore\resources\views\layout\footer.php on line 97
[01-Dec-2025 00:40:15 Asia/Ho_Chi_Minh] PHP Deprecated:  htmlspecialchars(): Passing null to parameter #1 ($string) of type string is deprecated in C:\xampp\htdocs\bookstore\resources\views\layout\footer.php on line 97
[01-Dec-2025 00:40:57 Asia/Ho_Chi_Minh] PHP Warning:  Undefined variable $appName in C:\xampp\htdocs\bookstore\resources\views\layout\footer.php on line 9
[01-Dec-2025 00:40:57 Asia/Ho_Chi_Minh] PHP Deprecated:  htmlspecialchars(): Passing null to parameter #1 ($string) of type string is deprecated in C:\xampp\htdocs\bookstore\resources\views\layout\footer.php on line 9
[01-Dec-2025 00:40:57 Asia/Ho_Chi_Minh] PHP Warning:  Undefined variable $appName in C:\xampp\htdocs\bookstore\resources\views\layout\footer.php on line 97
[01-Dec-2025 00:40:57 Asia/Ho_Chi_Minh] PHP Deprecated:  htmlspecialchars(): Passing null to parameter #1 ($string) of type string is deprecated in C:\xampp\htdocs\bookstore\resources\views\layout\footer.php on line 97
[01-Dec-2025 00:43:27 Asia/Ho_Chi_Minh] PHP Warning:  Undefined variable $appName in C:\xampp\htdocs\bookstore\resources\views\layout\footer.php on line 9
[01-Dec-2025 00:43:27 Asia/Ho_Chi_Minh] PHP Deprecated:  htmlspecialchars(): Passing null to parameter #1 ($string) of type string is deprecated in C:\xampp\htdocs\bookstore\resources\views\layout\footer.php on line 9
[01-Dec-2025 00:43:27 Asia/Ho_Chi_Minh] PHP Warning:  Undefined variable $appName in C:\xampp\htdocs\bookstore\resources\views\layout\footer.php on line 97
[01-Dec-2025 00:43:27 Asia/Ho_Chi_Minh] PHP Deprecated:  htmlspecialchars(): Passing null to parameter #1 ($string) of type string is deprecated in C:\xampp\htdocs\bookstore\resources\views\layout\footer.php on line 97
[01-Dec-2025 00:43:29 Asia/Ho_Chi_Minh] PHP Warning:  Undefined variable $appName in C:\xampp\htdocs\bookstore\resources\views\layout\footer.php on line 9
[01-Dec-2025 00:43:29 Asia/Ho_Chi_Minh] PHP Deprecated:  htmlspecialchars(): Passing null to parameter #1 ($string) of type string is deprecated in C:\xampp\htdocs\bookstore\resources\views\layout\footer.php on line 9
[01-Dec-2025 00:43:29 Asia/Ho_Chi_Minh] PHP Warning:  Undefined variable $appName in C:\xampp\htdocs\bookstore\resources\views\layout\footer.php on line 97
[01-Dec-2025 00:43:29 Asia/Ho_Chi_Minh] PHP Deprecated:  htmlspecialchars(): Passing null to parameter #1 ($string) of type string is deprecated in C:\xampp\htdocs\bookstore\resources\views\layout\footer.php on line 97
[01-Dec-2025 00:43:29 Asia/Ho_Chi_Minh] PHP Warning:  Undefined variable $appName in C:\xampp\htdocs\bookstore\resources\views\layout\footer.php on line 9
[01-Dec-2025 00:43:29 Asia/Ho_Chi_Minh] PHP Deprecated:  htmlspecialchars(): Passing null to parameter #1 ($string) of type string is deprecated in C:\xampp\htdocs\bookstore\resources\views\layout\footer.php on line 9
[01-Dec-2025 00:43:29 Asia/Ho_Chi_Minh] PHP Warning:  Undefined variable $appName in C:\xampp\htdocs\bookstore\resources\views\layout\footer.php on line 97
[01-Dec-2025 00:43:29 Asia/Ho_Chi_Minh] PHP Deprecated:  htmlspecialchars(): Passing null to parameter #1 ($string) of type string is deprecated in C:\xampp\htdocs\bookstore\resources\views\layout\footer.php on line 97
[01-Dec-2025 00:43:29 Asia/Ho_Chi_Minh] PHP Warning:  Undefined variable $appName in C:\xampp\htdocs\bookstore\resources\views\layout\footer.php on line 9
[01-Dec-2025 00:43:29 Asia/Ho_Chi_Minh] PHP Deprecated:  htmlspecialchars(): Passing null to parameter #1 ($string) of type string is deprecated in C:\xampp\htdocs\bookstore\resources\views\layout\footer.php on line 9
[01-Dec-2025 00:43:29 Asia/Ho_Chi_Minh] PHP Warning:  Undefined variable $appName in C:\xampp\htdocs\bookstore\resources\views\layout\footer.php on line 97
[01-Dec-2025 00:43:29 Asia/Ho_Chi_Minh] PHP Deprecated:  htmlspecialchars(): Passing null to parameter #1 ($string) of type string is deprecated in C:\xampp\htdocs\bookstore\resources\views\layout\footer.php on line 97
[01-Dec-2025 00:43:33 Asia/Ho_Chi_Minh] PHP Warning:  Undefined variable $appName in C:\xampp\htdocs\bookstore\resources\views\layout\footer.php on line 9
[01-Dec-2025 00:43:33 Asia/Ho_Chi_Minh] PHP Deprecated:  htmlspecialchars(): Passing null to parameter #1 ($string) of type string is deprecated in C:\xampp\htdocs\bookstore\resources\views\layout\footer.php on line 9
[01-Dec-2025 00:43:33 Asia/Ho_Chi_Minh] PHP Warning:  Undefined variable $appName in C:\xampp\htdocs\bookstore\resources\views\layout\footer.php on line 97
[01-Dec-2025 00:43:33 Asia/Ho_Chi_Minh] PHP Deprecated:  htmlspecialchars(): Passing null to parameter #1 ($string) of type string is deprecated in C:\xampp\htdocs\bookstore\resources\views\layout\footer.php on line 97
[01-Dec-2025 00:43:40 Asia/Ho_Chi_Minh] PHP Warning:  Undefined variable $appName in C:\xampp\htdocs\bookstore\resources\views\layout\footer.php on line 9
[01-Dec-2025 00:43:40 Asia/Ho_Chi_Minh] PHP Deprecated:  htmlspecialchars(): Passing null to parameter #1 ($string) of type string is deprecated in C:\xampp\htdocs\bookstore\resources\views\layout\footer.php on line 9
[01-Dec-2025 00:43:40 Asia/Ho_Chi_Minh] PHP Warning:  Undefined variable $appName in C:\xampp\htdocs\bookstore\resources\views\layout\footer.php on line 97
[01-Dec-2025 00:43:40 Asia/Ho_Chi_Minh] PHP Deprecated:  htmlspecialchars(): Passing null to parameter #1 ($string) of type string is deprecated in C:\xampp\htdocs\bookstore\resources\views\layout\footer.php on line 97
[01-Dec-2025 00:43:46 Asia/Ho_Chi_Minh] PHP Warning:  Undefined variable $appName in C:\xampp\htdocs\bookstore\resources\views\layout\footer.php on line 9
[01-Dec-2025 00:43:46 Asia/Ho_Chi_Minh] PHP Deprecated:  htmlspecialchars(): Passing null to parameter #1 ($string) of type string is deprecated in C:\xampp\htdocs\bookstore\resources\views\layout\footer.php on line 9
[01-Dec-2025 00:43:46 Asia/Ho_Chi_Minh] PHP Warning:  Undefined variable $appName in C:\xampp\htdocs\bookstore\resources\views\layout\footer.php on line 97
[01-Dec-2025 00:43:46 Asia/Ho_Chi_Minh] PHP Deprecated:  htmlspecialchars(): Passing null to parameter #1 ($string) of type string is deprecated in C:\xampp\htdocs\bookstore\resources\views\layout\footer.php on line 97
[01-Dec-2025 00:43:51 Asia/Ho_Chi_Minh] PHP Warning:  Undefined variable $appName in C:\xampp\htdocs\bookstore\resources\views\layout\footer.php on line 9
[01-Dec-2025 00:43:51 Asia/Ho_Chi_Minh] PHP Deprecated:  htmlspecialchars(): Passing null to parameter #1 ($string) of type string is deprecated in C:\xampp\htdocs\bookstore\resources\views\layout\footer.php on line 9
[01-Dec-2025 00:43:51 Asia/Ho_Chi_Minh] PHP Warning:  Undefined variable $appName in C:\xampp\htdocs\bookstore\resources\views\layout\footer.php on line 97
[01-Dec-2025 00:43:51 Asia/Ho_Chi_Minh] PHP Deprecated:  htmlspecialchars(): Passing null to parameter #1 ($string) of type string is deprecated in C:\xampp\htdocs\bookstore\resources\views\layout\footer.php on line 97
[01-Dec-2025 00:43:52 Asia/Ho_Chi_Minh] PHP Warning:  Undefined variable $appName in C:\xampp\htdocs\bookstore\resources\views\layout\footer.php on line 9
[01-Dec-2025 00:43:52 Asia/Ho_Chi_Minh] PHP Deprecated:  htmlspecialchars(): Passing null to parameter #1 ($string) of type string is deprecated in C:\xampp\htdocs\bookstore\resources\views\layout\footer.php on line 9
[01-Dec-2025 00:43:52 Asia/Ho_Chi_Minh] PHP Warning:  Undefined variable $appName in C:\xampp\htdocs\bookstore\resources\views\layout\footer.php on line 97
[01-Dec-2025 00:43:52 Asia/Ho_Chi_Minh] PHP Deprecated:  htmlspecialchars(): Passing null to parameter #1 ($string) of type string is deprecated in C:\xampp\htdocs\bookstore\resources\views\layout\footer.php on line 97
[01-Dec-2025 00:45:35 Asia/Ho_Chi_Minh] PHP Warning:  Undefined variable $appName in C:\xampp\htdocs\bookstore\resources\views\layout\footer.php on line 9
[01-Dec-2025 00:45:35 Asia/Ho_Chi_Minh] PHP Deprecated:  htmlspecialchars(): Passing null to parameter #1 ($string) of type string is deprecated in C:\xampp\htdocs\bookstore\resources\views\layout\footer.php on line 9
[01-Dec-2025 00:45:35 Asia/Ho_Chi_Minh] PHP Warning:  Undefined variable $appName in C:\xampp\htdocs\bookstore\resources\views\layout\footer.php on line 97
[01-Dec-2025 00:45:35 Asia/Ho_Chi_Minh] PHP Deprecated:  htmlspecialchars(): Passing null to parameter #1 ($string) of type string is deprecated in C:\xampp\htdocs\bookstore\resources\views\layout\footer.php on line 97
[01-Dec-2025 00:46:44 Asia/Ho_Chi_Minh] PHP Warning:  Undefined variable $appName in C:\xampp\htdocs\bookstore\resources\views\layout\footer.php on line 9
[01-Dec-2025 00:46:44 Asia/Ho_Chi_Minh] PHP Deprecated:  htmlspecialchars(): Passing null to parameter #1 ($string) of type string is deprecated in C:\xampp\htdocs\bookstore\resources\views\layout\footer.php on line 9
[01-Dec-2025 00:46:44 Asia/Ho_Chi_Minh] PHP Warning:  Undefined variable $appName in C:\xampp\htdocs\bookstore\resources\views\layout\footer.php on line 97
[01-Dec-2025 00:46:44 Asia/Ho_Chi_Minh] PHP Deprecated:  htmlspecialchars(): Passing null to parameter #1 ($string) of type string is deprecated in C:\xampp\htdocs\bookstore\resources\views\layout\footer.php on line 97
[01-Dec-2025 00:47:45 Asia/Ho_Chi_Minh] PHP Warning:  Undefined variable $appName in C:\xampp\htdocs\bookstore\resources\views\layout\footer.php on line 9
[01-Dec-2025 00:47:45 Asia/Ho_Chi_Minh] PHP Deprecated:  htmlspecialchars(): Passing null to parameter #1 ($string) of type string is deprecated in C:\xampp\htdocs\bookstore\resources\views\layout\footer.php on line 9
[01-Dec-2025 00:47:45 Asia/Ho_Chi_Minh] PHP Warning:  Undefined variable $appName in C:\xampp\htdocs\bookstore\resources\views\layout\footer.php on line 97
[01-Dec-2025 00:47:45 Asia/Ho_Chi_Minh] PHP Deprecated:  htmlspecialchars(): Passing null to parameter #1 ($string) of type string is deprecated in C:\xampp\htdocs\bookstore\resources\views\layout\footer.php on line 97
[01-Dec-2025 00:48:35 Asia/Ho_Chi_Minh] PHP Warning:  Undefined variable $appName in C:\xampp\htdocs\bookstore\resources\views\layout\footer.php on line 9
[01-Dec-2025 00:48:35 Asia/Ho_Chi_Minh] PHP Deprecated:  htmlspecialchars(): Passing null to parameter #1 ($string) of type string is deprecated in C:\xampp\htdocs\bookstore\resources\views\layout\footer.php on line 9
[01-Dec-2025 00:48:35 Asia/Ho_Chi_Minh] PHP Warning:  Undefined variable $appName in C:\xampp\htdocs\bookstore\resources\views\layout\footer.php on line 97
[01-Dec-2025 00:48:35 Asia/Ho_Chi_Minh] PHP Deprecated:  htmlspecialchars(): Passing null to parameter #1 ($string) of type string is deprecated in C:\xampp\htdocs\bookstore\resources\views\layout\footer.php on line 97
[01-Dec-2025 00:48:37 Asia/Ho_Chi_Minh] PHP Warning:  Undefined variable $appName in C:\xampp\htdocs\bookstore\resources\views\layout\footer.php on line 9
[01-Dec-2025 00:48:37 Asia/Ho_Chi_Minh] PHP Deprecated:  htmlspecialchars(): Passing null to parameter #1 ($string) of type string is deprecated in C:\xampp\htdocs\bookstore\resources\views\layout\footer.php on line 9
[01-Dec-2025 00:48:37 Asia/Ho_Chi_Minh] PHP Warning:  Undefined variable $appName in C:\xampp\htdocs\bookstore\resources\views\layout\footer.php on line 97
[01-Dec-2025 00:48:37 Asia/Ho_Chi_Minh] PHP Deprecated:  htmlspecialchars(): Passing null to parameter #1 ($string) of type string is deprecated in C:\xampp\htdocs\bookstore\resources\views\layout\footer.php on line 97
[01-Dec-2025 00:48:53 Asia/Ho_Chi_Minh] PHP Warning:  Undefined variable $appName in C:\xampp\htdocs\bookstore\resources\views\layout\footer.php on line 9
[01-Dec-2025 00:48:53 Asia/Ho_Chi_Minh] PHP Deprecated:  htmlspecialchars(): Passing null to parameter #1 ($string) of type string is deprecated in C:\xampp\htdocs\bookstore\resources\views\layout\footer.php on line 9
[01-Dec-2025 00:48:53 Asia/Ho_Chi_Minh] PHP Warning:  Undefined variable $appName in C:\xampp\htdocs\bookstore\resources\views\layout\footer.php on line 97
[01-Dec-2025 00:48:53 Asia/Ho_Chi_Minh] PHP Deprecated:  htmlspecialchars(): Passing null to parameter #1 ($string) of type string is deprecated in C:\xampp\htdocs\bookstore\resources\views\layout\footer.php on line 97
[01-Dec-2025 00:48:59 Asia/Ho_Chi_Minh] PHP Warning:  Undefined variable $appName in C:\xampp\htdocs\bookstore\resources\views\layout\footer.php on line 9
[01-Dec-2025 00:48:59 Asia/Ho_Chi_Minh] PHP Deprecated:  htmlspecialchars(): Passing null to parameter #1 ($string) of type string is deprecated in C:\xampp\htdocs\bookstore\resources\views\layout\footer.php on line 9
[01-Dec-2025 00:48:59 Asia/Ho_Chi_Minh] PHP Warning:  Undefined variable $appName in C:\xampp\htdocs\bookstore\resources\views\layout\footer.php on line 97
[01-Dec-2025 00:48:59 Asia/Ho_Chi_Minh] PHP Deprecated:  htmlspecialchars(): Passing null to parameter #1 ($string) of type string is deprecated in C:\xampp\htdocs\bookstore\resources\views\layout\footer.php on line 97
[01-Dec-2025 00:49:05 Asia/Ho_Chi_Minh] PHP Warning:  Undefined variable $appName in C:\xampp\htdocs\bookstore\resources\views\layout\footer.php on line 9
[01-Dec-2025 00:49:05 Asia/Ho_Chi_Minh] PHP Deprecated:  htmlspecialchars(): Passing null to parameter #1 ($string) of type string is deprecated in C:\xampp\htdocs\bookstore\resources\views\layout\footer.php on line 9
[01-Dec-2025 00:49:05 Asia/Ho_Chi_Minh] PHP Warning:  Undefined variable $appName in C:\xampp\htdocs\bookstore\resources\views\layout\footer.php on line 97
[01-Dec-2025 00:49:05 Asia/Ho_Chi_Minh] PHP Deprecated:  htmlspecialchars(): Passing null to parameter #1 ($string) of type string is deprecated in C:\xampp\htdocs\bookstore\resources\views\layout\footer.php on line 97
[01-Dec-2025 00:49:14 Asia/Ho_Chi_Minh] PHP Warning:  Undefined variable $appName in C:\xampp\htdocs\bookstore\resources\views\layout\footer.php on line 9
[01-Dec-2025 00:49:14 Asia/Ho_Chi_Minh] PHP Deprecated:  htmlspecialchars(): Passing null to parameter #1 ($string) of type string is deprecated in C:\xampp\htdocs\bookstore\resources\views\layout\footer.php on line 9
[01-Dec-2025 00:49:14 Asia/Ho_Chi_Minh] PHP Warning:  Undefined variable $appName in C:\xampp\htdocs\bookstore\resources\views\layout\footer.php on line 97
[01-Dec-2025 00:49:14 Asia/Ho_Chi_Minh] PHP Deprecated:  htmlspecialchars(): Passing null to parameter #1 ($string) of type string is deprecated in C:\xampp\htdocs\bookstore\resources\views\layout\footer.php on line 97
[01-Dec-2025 00:49:19 Asia/Ho_Chi_Minh] PHP Warning:  Undefined variable $appName in C:\xampp\htdocs\bookstore\resources\views\layout\footer.php on line 9
[01-Dec-2025 00:49:19 Asia/Ho_Chi_Minh] PHP Deprecated:  htmlspecialchars(): Passing null to parameter #1 ($string) of type string is deprecated in C:\xampp\htdocs\bookstore\resources\views\layout\footer.php on line 9
[01-Dec-2025 00:49:19 Asia/Ho_Chi_Minh] PHP Warning:  Undefined variable $appName in C:\xampp\htdocs\bookstore\resources\views\layout\footer.php on line 97
[01-Dec-2025 00:49:19 Asia/Ho_Chi_Minh] PHP Deprecated:  htmlspecialchars(): Passing null to parameter #1 ($string) of type string is deprecated in C:\xampp\htdocs\bookstore\resources\views\layout\footer.php on line 97
[01-Dec-2025 00:49:21 Asia/Ho_Chi_Minh] PHP Warning:  Undefined variable $appName in C:\xampp\htdocs\bookstore\resources\views\layout\footer.php on line 9
[01-Dec-2025 00:49:21 Asia/Ho_Chi_Minh] PHP Deprecated:  htmlspecialchars(): Passing null to parameter #1 ($string) of type string is deprecated in C:\xampp\htdocs\bookstore\resources\views\layout\footer.php on line 9
[01-Dec-2025 00:49:21 Asia/Ho_Chi_Minh] PHP Warning:  Undefined variable $appName in C:\xampp\htdocs\bookstore\resources\views\layout\footer.php on line 97
[01-Dec-2025 00:49:21 Asia/Ho_Chi_Minh] PHP Deprecated:  htmlspecialchars(): Passing null to parameter #1 ($string) of type string is deprecated in C:\xampp\htdocs\bookstore\resources\views\layout\footer.php on line 97
[01-Dec-2025 00:49:23 Asia/Ho_Chi_Minh] PHP Warning:  Undefined variable $appName in C:\xampp\htdocs\bookstore\resources\views\layout\footer.php on line 9
[01-Dec-2025 00:49:23 Asia/Ho_Chi_Minh] PHP Deprecated:  htmlspecialchars(): Passing null to parameter #1 ($string) of type string is deprecated in C:\xampp\htdocs\bookstore\resources\views\layout\footer.php on line 9
[01-Dec-2025 00:49:23 Asia/Ho_Chi_Minh] PHP Warning:  Undefined variable $appName in C:\xampp\htdocs\bookstore\resources\views\layout\footer.php on line 97
[01-Dec-2025 00:49:23 Asia/Ho_Chi_Minh] PHP Deprecated:  htmlspecialchars(): Passing null to parameter #1 ($string) of type string is deprecated in C:\xampp\htdocs\bookstore\resources\views\layout\footer.php on line 97
[01-Dec-2025 00:50:12 Asia/Ho_Chi_Minh] PHP Warning:  Undefined variable $appName in C:\xampp\htdocs\bookstore\resources\views\layout\footer.php on line 97
[01-Dec-2025 00:50:12 Asia/Ho_Chi_Minh] PHP Deprecated:  htmlspecialchars(): Passing null to parameter #1 ($string) of type string is deprecated in C:\xampp\htdocs\bookstore\resources\views\layout\footer.php on line 97
[01-Dec-2025 00:59:07 Asia/Ho_Chi_Minh] PHP Deprecated:  htmlspecialchars(): Passing null to parameter #1 ($string) of type string is deprecated in C:\xampp\htdocs\bookstore\resources\views\books\index.php on line 37
[01-Dec-2025 00:59:07 Asia/Ho_Chi_Minh] PHP Deprecated:  htmlspecialchars(): Passing null to parameter #1 ($string) of type string is deprecated in C:\xampp\htdocs\bookstore\resources\views\books\index.php on line 38
[01-Dec-2025 01:01:24 Asia/Ho_Chi_Minh] PHP Deprecated:  htmlspecialchars(): Passing null to parameter #1 ($string) of type string is deprecated in C:\xampp\htdocs\bookstore\resources\views\books\index.php on line 37
[01-Dec-2025 01:01:24 Asia/Ho_Chi_Minh] PHP Deprecated:  htmlspecialchars(): Passing null to parameter #1 ($string) of type string is deprecated in C:\xampp\htdocs\bookstore\resources\views\books\index.php on line 38
[01-Dec-2025 01:01:30 Asia/Ho_Chi_Minh] PHP Deprecated:  htmlspecialchars(): Passing null to parameter #1 ($string) of type string is deprecated in C:\xampp\htdocs\bookstore\resources\views\books\index.php on line 37
[01-Dec-2025 01:01:30 Asia/Ho_Chi_Minh] PHP Deprecated:  htmlspecialchars(): Passing null to parameter #1 ($string) of type string is deprecated in C:\xampp\htdocs\bookstore\resources\views\books\index.php on line 38
[01-Dec-2025 01:01:30 Asia/Ho_Chi_Minh] PHP Deprecated:  htmlspecialchars(): Passing null to parameter #1 ($string) of type string is deprecated in C:\xampp\htdocs\bookstore\resources\views\books\index.php on line 37
[01-Dec-2025 01:01:30 Asia/Ho_Chi_Minh] PHP Deprecated:  htmlspecialchars(): Passing null to parameter #1 ($string) of type string is deprecated in C:\xampp\htdocs\bookstore\resources\views\books\index.php on line 38
[01-Dec-2025 01:01:30 Asia/Ho_Chi_Minh] PHP Deprecated:  htmlspecialchars(): Passing null to parameter #1 ($string) of type string is deprecated in C:\xampp\htdocs\bookstore\resources\views\books\index.php on line 37
[01-Dec-2025 01:01:30 Asia/Ho_Chi_Minh] PHP Deprecated:  htmlspecialchars(): Passing null to parameter #1 ($string) of type string is deprecated in C:\xampp\htdocs\bookstore\resources\views\books\index.php on line 38
[01-Dec-2025 01:01:36 Asia/Ho_Chi_Minh] PHP Deprecated:  htmlspecialchars(): Passing null to parameter #1 ($string) of type string is deprecated in C:\xampp\htdocs\bookstore\resources\views\books\index.php on line 37
[01-Dec-2025 01:01:36 Asia/Ho_Chi_Minh] PHP Deprecated:  htmlspecialchars(): Passing null to parameter #1 ($string) of type string is deprecated in C:\xampp\htdocs\bookstore\resources\views\books\index.php on line 38
[01-Dec-2025 01:03:24 Asia/Ho_Chi_Minh] PHP Deprecated:  htmlspecialchars(): Passing null to parameter #1 ($string) of type string is deprecated in C:\xampp\htdocs\bookstore\resources\views\books\index.php on line 37
[01-Dec-2025 01:03:24 Asia/Ho_Chi_Minh] PHP Deprecated:  htmlspecialchars(): Passing null to parameter #1 ($string) of type string is deprecated in C:\xampp\htdocs\bookstore\resources\views\books\index.php on line 38
[01-Dec-2025 01:03:25 Asia/Ho_Chi_Minh] PHP Deprecated:  htmlspecialchars(): Passing null to parameter #1 ($string) of type string is deprecated in C:\xampp\htdocs\bookstore\resources\views\books\index.php on line 37
[01-Dec-2025 01:03:25 Asia/Ho_Chi_Minh] PHP Deprecated:  htmlspecialchars(): Passing null to parameter #1 ($string) of type string is deprecated in C:\xampp\htdocs\bookstore\resources\views\books\index.php on line 38
[01-Dec-2025 01:03:25 Asia/Ho_Chi_Minh] PHP Deprecated:  htmlspecialchars(): Passing null to parameter #1 ($string) of type string is deprecated in C:\xampp\htdocs\bookstore\resources\views\books\index.php on line 37
[01-Dec-2025 01:03:25 Asia/Ho_Chi_Minh] PHP Deprecated:  htmlspecialchars(): Passing null to parameter #1 ($string) of type string is deprecated in C:\xampp\htdocs\bookstore\resources\views\books\index.php on line 38
[01-Dec-2025 01:03:25 Asia/Ho_Chi_Minh] PHP Deprecated:  htmlspecialchars(): Passing null to parameter #1 ($string) of type string is deprecated in C:\xampp\htdocs\bookstore\resources\views\books\index.php on line 37
[01-Dec-2025 01:03:25 Asia/Ho_Chi_Minh] PHP Deprecated:  htmlspecialchars(): Passing null to parameter #1 ($string) of type string is deprecated in C:\xampp\htdocs\bookstore\resources\views\books\index.php on line 38
[01-Dec-2025 01:03:26 Asia/Ho_Chi_Minh] PHP Deprecated:  htmlspecialchars(): Passing null to parameter #1 ($string) of type string is deprecated in C:\xampp\htdocs\bookstore\resources\views\books\index.php on line 37
[01-Dec-2025 01:03:26 Asia/Ho_Chi_Minh] PHP Deprecated:  htmlspecialchars(): Passing null to parameter #1 ($string) of type string is deprecated in C:\xampp\htdocs\bookstore\resources\views\books\index.php on line 38
[01-Dec-2025 01:03:26 Asia/Ho_Chi_Minh] PHP Deprecated:  htmlspecialchars(): Passing null to parameter #1 ($string) of type string is deprecated in C:\xampp\htdocs\bookstore\resources\views\books\index.php on line 37
[01-Dec-2025 01:03:26 Asia/Ho_Chi_Minh] PHP Deprecated:  htmlspecialchars(): Passing null to parameter #1 ($string) of type string is deprecated in C:\xampp\htdocs\bookstore\resources\views\books\index.php on line 38
[01-Dec-2025 01:03:26 Asia/Ho_Chi_Minh] PHP Deprecated:  htmlspecialchars(): Passing null to parameter #1 ($string) of type string is deprecated in C:\xampp\htdocs\bookstore\resources\views\books\index.php on line 37
[01-Dec-2025 01:03:26 Asia/Ho_Chi_Minh] PHP Deprecated:  htmlspecialchars(): Passing null to parameter #1 ($string) of type string is deprecated in C:\xampp\htdocs\bookstore\resources\views\books\index.php on line 38
[01-Dec-2025 01:03:26 Asia/Ho_Chi_Minh] PHP Deprecated:  htmlspecialchars(): Passing null to parameter #1 ($string) of type string is deprecated in C:\xampp\htdocs\bookstore\resources\views\books\index.php on line 37
[01-Dec-2025 01:03:26 Asia/Ho_Chi_Minh] PHP Deprecated:  htmlspecialchars(): Passing null to parameter #1 ($string) of type string is deprecated in C:\xampp\htdocs\bookstore\resources\views\books\index.php on line 38
[01-Dec-2025 01:03:26 Asia/Ho_Chi_Minh] PHP Deprecated:  htmlspecialchars(): Passing null to parameter #1 ($string) of type string is deprecated in C:\xampp\htdocs\bookstore\resources\views\books\index.php on line 37
[01-Dec-2025 01:03:26 Asia/Ho_Chi_Minh] PHP Deprecated:  htmlspecialchars(): Passing null to parameter #1 ($string) of type string is deprecated in C:\xampp\htdocs\bookstore\resources\views\books\index.php on line 38
[01-Dec-2025 01:03:26 Asia/Ho_Chi_Minh] PHP Deprecated:  htmlspecialchars(): Passing null to parameter #1 ($string) of type string is deprecated in C:\xampp\htdocs\bookstore\resources\views\books\index.php on line 37
[01-Dec-2025 01:03:26 Asia/Ho_Chi_Minh] PHP Deprecated:  htmlspecialchars(): Passing null to parameter #1 ($string) of type string is deprecated in C:\xampp\htdocs\bookstore\resources\views\books\index.php on line 38
[01-Dec-2025 01:03:26 Asia/Ho_Chi_Minh] PHP Deprecated:  htmlspecialchars(): Passing null to parameter #1 ($string) of type string is deprecated in C:\xampp\htdocs\bookstore\resources\views\books\index.php on line 37
[01-Dec-2025 01:03:26 Asia/Ho_Chi_Minh] PHP Deprecated:  htmlspecialchars(): Passing null to parameter #1 ($string) of type string is deprecated in C:\xampp\htdocs\bookstore\resources\views\books\index.php on line 38
[01-Dec-2025 01:03:27 Asia/Ho_Chi_Minh] PHP Deprecated:  htmlspecialchars(): Passing null to parameter #1 ($string) of type string is deprecated in C:\xampp\htdocs\bookstore\resources\views\books\index.php on line 37
[01-Dec-2025 01:03:27 Asia/Ho_Chi_Minh] PHP Deprecated:  htmlspecialchars(): Passing null to parameter #1 ($string) of type string is deprecated in C:\xampp\htdocs\bookstore\resources\views\books\index.php on line 38
[01-Dec-2025 01:03:27 Asia/Ho_Chi_Minh] PHP Deprecated:  htmlspecialchars(): Passing null to parameter #1 ($string) of type string is deprecated in C:\xampp\htdocs\bookstore\resources\views\books\index.php on line 37
[01-Dec-2025 01:03:27 Asia/Ho_Chi_Minh] PHP Deprecated:  htmlspecialchars(): Passing null to parameter #1 ($string) of type string is deprecated in C:\xampp\htdocs\bookstore\resources\views\books\index.php on line 38
[01-Dec-2025 01:03:27 Asia/Ho_Chi_Minh] PHP Deprecated:  htmlspecialchars(): Passing null to parameter #1 ($string) of type string is deprecated in C:\xampp\htdocs\bookstore\resources\views\books\index.php on line 37
[01-Dec-2025 01:03:27 Asia/Ho_Chi_Minh] PHP Deprecated:  htmlspecialchars(): Passing null to parameter #1 ($string) of type string is deprecated in C:\xampp\htdocs\bookstore\resources\views\books\index.php on line 38
[01-Dec-2025 01:03:27 Asia/Ho_Chi_Minh] PHP Deprecated:  htmlspecialchars(): Passing null to parameter #1 ($string) of type string is deprecated in C:\xampp\htdocs\bookstore\resources\views\books\index.php on line 37
[01-Dec-2025 01:03:27 Asia/Ho_Chi_Minh] PHP Deprecated:  htmlspecialchars(): Passing null to parameter #1 ($string) of type string is deprecated in C:\xampp\htdocs\bookstore\resources\views\books\index.php on line 38
[01-Dec-2025 01:03:30 Asia/Ho_Chi_Minh] PHP Deprecated:  htmlspecialchars(): Passing null to parameter #1 ($string) of type string is deprecated in C:\xampp\htdocs\bookstore\resources\views\books\index.php on line 37
[01-Dec-2025 01:03:30 Asia/Ho_Chi_Minh] PHP Deprecated:  htmlspecialchars(): Passing null to parameter #1 ($string) of type string is deprecated in C:\xampp\htdocs\bookstore\resources\views\books\index.php on line 38
[01-Dec-2025 01:03:43 Asia/Ho_Chi_Minh] PHP Deprecated:  htmlspecialchars(): Passing null to parameter #1 ($string) of type string is deprecated in C:\xampp\htdocs\bookstore\resources\views\books\index.php on line 37
[01-Dec-2025 01:03:43 Asia/Ho_Chi_Minh] PHP Deprecated:  htmlspecialchars(): Passing null to parameter #1 ($string) of type string is deprecated in C:\xampp\htdocs\bookstore\resources\views\books\index.php on line 38
[01-Dec-2025 01:04:21 Asia/Ho_Chi_Minh] PHP Deprecated:  htmlspecialchars(): Passing null to parameter #1 ($string) of type string is deprecated in C:\xampp\htdocs\bookstore\resources\views\books\index.php on line 37
[01-Dec-2025 01:04:21 Asia/Ho_Chi_Minh] PHP Deprecated:  htmlspecialchars(): Passing null to parameter #1 ($string) of type string is deprecated in C:\xampp\htdocs\bookstore\resources\views\books\index.php on line 38
[01-Dec-2025 01:04:30 Asia/Ho_Chi_Minh] PHP Deprecated:  htmlspecialchars(): Passing null to parameter #1 ($string) of type string is deprecated in C:\xampp\htdocs\bookstore\resources\views\books\index.php on line 37
[01-Dec-2025 01:04:30 Asia/Ho_Chi_Minh] PHP Deprecated:  htmlspecialchars(): Passing null to parameter #1 ($string) of type string is deprecated in C:\xampp\htdocs\bookstore\resources\views\books\index.php on line 38
[01-Dec-2025 01:08:28 Asia/Ho_Chi_Minh] PHP Deprecated:  htmlspecialchars(): Passing null to parameter #1 ($string) of type string is deprecated in C:\xampp\htdocs\bookstore\resources\views\books\index.php on line 37
[01-Dec-2025 01:08:28 Asia/Ho_Chi_Minh] PHP Deprecated:  htmlspecialchars(): Passing null to parameter #1 ($string) of type string is deprecated in C:\xampp\htdocs\bookstore\resources\views\books\index.php on line 38
[01-Dec-2025 01:08:32 Asia/Ho_Chi_Minh] PHP Deprecated:  htmlspecialchars(): Passing null to parameter #1 ($string) of type string is deprecated in C:\xampp\htdocs\bookstore\resources\views\books\index.php on line 37
[01-Dec-2025 01:08:32 Asia/Ho_Chi_Minh] PHP Deprecated:  htmlspecialchars(): Passing null to parameter #1 ($string) of type string is deprecated in C:\xampp\htdocs\bookstore\resources\views\books\index.php on line 38
[01-Dec-2025 01:08:45 Asia/Ho_Chi_Minh] PHP Deprecated:  htmlspecialchars(): Passing null to parameter #1 ($string) of type string is deprecated in C:\xampp\htdocs\bookstore\resources\views\books\index.php on line 37
[01-Dec-2025 01:08:45 Asia/Ho_Chi_Minh] PHP Deprecated:  htmlspecialchars(): Passing null to parameter #1 ($string) of type string is deprecated in C:\xampp\htdocs\bookstore\resources\views\books\index.php on line 38
[01-Dec-2025 01:08:59 Asia/Ho_Chi_Minh] PHP Deprecated:  htmlspecialchars(): Passing null to parameter #1 ($string) of type string is deprecated in C:\xampp\htdocs\bookstore\resources\views\books\index.php on line 37
[01-Dec-2025 01:08:59 Asia/Ho_Chi_Minh] PHP Deprecated:  htmlspecialchars(): Passing null to parameter #1 ($string) of type string is deprecated in C:\xampp\htdocs\bookstore\resources\views\books\index.php on line 38
[01-Dec-2025 01:10:55 Asia/Ho_Chi_Minh] PHP Deprecated:  htmlspecialchars(): Passing null to parameter #1 ($string) of type string is deprecated in C:\xampp\htdocs\bookstore\resources\views\books\index.php on line 37
[01-Dec-2025 01:10:55 Asia/Ho_Chi_Minh] PHP Deprecated:  htmlspecialchars(): Passing null to parameter #1 ($string) of type string is deprecated in C:\xampp\htdocs\bookstore\resources\views\books\index.php on line 38
[01-Dec-2025 01:11:07 Asia/Ho_Chi_Minh] PHP Deprecated:  htmlspecialchars(): Passing null to parameter #1 ($string) of type string is deprecated in C:\xampp\htdocs\bookstore\resources\views\books\index.php on line 37
[01-Dec-2025 01:11:07 Asia/Ho_Chi_Minh] PHP Deprecated:  htmlspecialchars(): Passing null to parameter #1 ($string) of type string is deprecated in C:\xampp\htdocs\bookstore\resources\views\books\index.php on line 38
[01-Dec-2025 01:11:08 Asia/Ho_Chi_Minh] PHP Deprecated:  htmlspecialchars(): Passing null to parameter #1 ($string) of type string is deprecated in C:\xampp\htdocs\bookstore\resources\views\books\index.php on line 37
[01-Dec-2025 01:11:08 Asia/Ho_Chi_Minh] PHP Deprecated:  htmlspecialchars(): Passing null to parameter #1 ($string) of type string is deprecated in C:\xampp\htdocs\bookstore\resources\views\books\index.php on line 38
[01-Dec-2025 01:11:08 Asia/Ho_Chi_Minh] PHP Deprecated:  htmlspecialchars(): Passing null to parameter #1 ($string) of type string is deprecated in C:\xampp\htdocs\bookstore\resources\views\books\index.php on line 37
[01-Dec-2025 01:11:08 Asia/Ho_Chi_Minh] PHP Deprecated:  htmlspecialchars(): Passing null to parameter #1 ($string) of type string is deprecated in C:\xampp\htdocs\bookstore\resources\views\books\index.php on line 38
[01-Dec-2025 01:11:08 Asia/Ho_Chi_Minh] PHP Deprecated:  htmlspecialchars(): Passing null to parameter #1 ($string) of type string is deprecated in C:\xampp\htdocs\bookstore\resources\views\books\index.php on line 37
[01-Dec-2025 01:11:08 Asia/Ho_Chi_Minh] PHP Deprecated:  htmlspecialchars(): Passing null to parameter #1 ($string) of type string is deprecated in C:\xampp\htdocs\bookstore\resources\views\books\index.php on line 38
[01-Dec-2025 01:11:08 Asia/Ho_Chi_Minh] PHP Deprecated:  htmlspecialchars(): Passing null to parameter #1 ($string) of type string is deprecated in C:\xampp\htdocs\bookstore\resources\views\books\index.php on line 37
[01-Dec-2025 01:11:08 Asia/Ho_Chi_Minh] PHP Deprecated:  htmlspecialchars(): Passing null to parameter #1 ($string) of type string is deprecated in C:\xampp\htdocs\bookstore\resources\views\books\index.php on line 38
[01-Dec-2025 01:11:08 Asia/Ho_Chi_Minh] PHP Deprecated:  htmlspecialchars(): Passing null to parameter #1 ($string) of type string is deprecated in C:\xampp\htdocs\bookstore\resources\views\books\index.php on line 37
[01-Dec-2025 01:11:08 Asia/Ho_Chi_Minh] PHP Deprecated:  htmlspecialchars(): Passing null to parameter #1 ($string) of type string is deprecated in C:\xampp\htdocs\bookstore\resources\views\books\index.php on line 38
[01-Dec-2025 01:11:45 Asia/Ho_Chi_Minh] PHP Deprecated:  htmlspecialchars(): Passing null to parameter #1 ($string) of type string is deprecated in C:\xampp\htdocs\bookstore\resources\views\books\index.php on line 37
[01-Dec-2025 01:11:45 Asia/Ho_Chi_Minh] PHP Deprecated:  htmlspecialchars(): Passing null to parameter #1 ($string) of type string is deprecated in C:\xampp\htdocs\bookstore\resources\views\books\index.php on line 38
[01-Dec-2025 01:11:54 Asia/Ho_Chi_Minh] PHP Deprecated:  htmlspecialchars(): Passing null to parameter #1 ($string) of type string is deprecated in C:\xampp\htdocs\bookstore\resources\views\books\index.php on line 37
[01-Dec-2025 01:11:54 Asia/Ho_Chi_Minh] PHP Deprecated:  htmlspecialchars(): Passing null to parameter #1 ($string) of type string is deprecated in C:\xampp\htdocs\bookstore\resources\views\books\index.php on line 38
[01-Dec-2025 01:12:02 Asia/Ho_Chi_Minh] PHP Deprecated:  htmlspecialchars(): Passing null to parameter #1 ($string) of type string is deprecated in C:\xampp\htdocs\bookstore\resources\views\books\index.php on line 37
[01-Dec-2025 01:12:02 Asia/Ho_Chi_Minh] PHP Deprecated:  htmlspecialchars(): Passing null to parameter #1 ($string) of type string is deprecated in C:\xampp\htdocs\bookstore\resources\views\books\index.php on line 38
[01-Dec-2025 01:14:15 Asia/Ho_Chi_Minh] PHP Deprecated:  htmlspecialchars(): Passing null to parameter #1 ($string) of type string is deprecated in C:\xampp\htdocs\bookstore\resources\views\books\index.php on line 37
[01-Dec-2025 01:14:15 Asia/Ho_Chi_Minh] PHP Deprecated:  htmlspecialchars(): Passing null to parameter #1 ($string) of type string is deprecated in C:\xampp\htdocs\bookstore\resources\views\books\index.php on line 38
[01-Dec-2025 01:14:40 Asia/Ho_Chi_Minh] PHP Deprecated:  htmlspecialchars(): Passing null to parameter #1 ($string) of type string is deprecated in C:\xampp\htdocs\bookstore\resources\views\books\index.php on line 37
[01-Dec-2025 01:14:40 Asia/Ho_Chi_Minh] PHP Deprecated:  htmlspecialchars(): Passing null to parameter #1 ($string) of type string is deprecated in C:\xampp\htdocs\bookstore\resources\views\books\index.php on line 38
[01-Dec-2025 01:15:51 Asia/Ho_Chi_Minh] PHP Deprecated:  htmlspecialchars(): Passing null to parameter #1 ($string) of type string is deprecated in C:\xampp\htdocs\bookstore\resources\views\books\index.php on line 37
[01-Dec-2025 01:15:51 Asia/Ho_Chi_Minh] PHP Deprecated:  htmlspecialchars(): Passing null to parameter #1 ($string) of type string is deprecated in C:\xampp\htdocs\bookstore\resources\views\books\index.php on line 38
[03-Dec-2025 10:16:22 Asia/Ho_Chi_Minh] PHP Warning:  Undefined variable $appName in C:\xampp\htdocs\bookstore\resources\views\checkout\success.php on line 8
[03-Dec-2025 10:16:22 Asia/Ho_Chi_Minh] PHP Deprecated:  htmlspecialchars(): Passing null to parameter #1 ($string) of type string is deprecated in C:\xampp\htdocs\bookstore\resources\views\checkout\success.php on line 8
[03-Dec-2025 10:33:34 Asia/Ho_Chi_Minh] PHP Fatal error:  Uncaught Error: Class "App\ReflectionMethod" not found in C:\xampp\htdocs\bookstore\app\Router.php:108
Stack trace:
#0 C:\xampp\htdocs\bookstore\app\Router.php(37): App\Router->invokeHandler(Array, Array)
#1 C:\xampp\htdocs\bookstore\public\index.php(165): App\Router->dispatch('GET', '/bookstore/publ...')
#2 {main}
  thrown in C:\xampp\htdocs\bookstore\app\Router.php on line 108
[03-Dec-2025 10:34:06 Asia/Ho_Chi_Minh] PHP Deprecated:  htmlspecialchars(): Passing null to parameter #1 ($string) of type string is deprecated in C:\xampp\htdocs\bookstore\resources\views\books\index.php on line 37
[03-Dec-2025 10:34:06 Asia/Ho_Chi_Minh] PHP Deprecated:  htmlspecialchars(): Passing null to parameter #1 ($string) of type string is deprecated in C:\xampp\htdocs\bookstore\resources\views\books\index.php on line 38
[03-Dec-2025 10:34:46 Asia/Ho_Chi_Minh] PHP Deprecated:  htmlspecialchars(): Passing null to parameter #1 ($string) of type string is deprecated in C:\xampp\htdocs\bookstore\resources\views\books\index.php on line 37
[03-Dec-2025 10:34:46 Asia/Ho_Chi_Minh] PHP Deprecated:  htmlspecialchars(): Passing null to parameter #1 ($string) of type string is deprecated in C:\xampp\htdocs\bookstore\resources\views\books\index.php on line 38
[03-Dec-2025 10:34:51 Asia/Ho_Chi_Minh] PHP Deprecated:  htmlspecialchars(): Passing null to parameter #1 ($string) of type string is deprecated in C:\xampp\htdocs\bookstore\resources\views\books\index.php on line 37
[03-Dec-2025 10:34:51 Asia/Ho_Chi_Minh] PHP Deprecated:  htmlspecialchars(): Passing null to parameter #1 ($string) of type string is deprecated in C:\xampp\htdocs\bookstore\resources\views\books\index.php on line 38
[03-Dec-2025 10:34:53 Asia/Ho_Chi_Minh] PHP Deprecated:  htmlspecialchars(): Passing null to parameter #1 ($string) of type string is deprecated in C:\xampp\htdocs\bookstore\resources\views\books\index.php on line 37
[03-Dec-2025 10:34:53 Asia/Ho_Chi_Minh] PHP Deprecated:  htmlspecialchars(): Passing null to parameter #1 ($string) of type string is deprecated in C:\xampp\htdocs\bookstore\resources\views\books\index.php on line 38
[03-Dec-2025 10:34:54 Asia/Ho_Chi_Minh] PHP Deprecated:  htmlspecialchars(): Passing null to parameter #1 ($string) of type string is deprecated in C:\xampp\htdocs\bookstore\resources\views\books\index.php on line 37
[03-Dec-2025 10:34:54 Asia/Ho_Chi_Minh] PHP Deprecated:  htmlspecialchars(): Passing null to parameter #1 ($string) of type string is deprecated in C:\xampp\htdocs\bookstore\resources\views\books\index.php on line 38
[03-Dec-2025 10:34:56 Asia/Ho_Chi_Minh] PHP Deprecated:  htmlspecialchars(): Passing null to parameter #1 ($string) of type string is deprecated in C:\xampp\htdocs\bookstore\resources\views\books\index.php on line 37
[03-Dec-2025 10:34:56 Asia/Ho_Chi_Minh] PHP Deprecated:  htmlspecialchars(): Passing null to parameter #1 ($string) of type string is deprecated in C:\xampp\htdocs\bookstore\resources\views\books\index.php on line 38
[03-Dec-2025 10:34:56 Asia/Ho_Chi_Minh] PHP Deprecated:  htmlspecialchars(): Passing null to parameter #1 ($string) of type string is deprecated in C:\xampp\htdocs\bookstore\resources\views\books\index.php on line 37
[03-Dec-2025 10:34:56 Asia/Ho_Chi_Minh] PHP Deprecated:  htmlspecialchars(): Passing null to parameter #1 ($string) of type string is deprecated in C:\xampp\htdocs\bookstore\resources\views\books\index.php on line 38
[03-Dec-2025 10:35:00 Asia/Ho_Chi_Minh] PHP Deprecated:  htmlspecialchars(): Passing null to parameter #1 ($string) of type string is deprecated in C:\xampp\htdocs\bookstore\resources\views\books\index.php on line 37
[03-Dec-2025 10:35:00 Asia/Ho_Chi_Minh] PHP Deprecated:  htmlspecialchars(): Passing null to parameter #1 ($string) of type string is deprecated in C:\xampp\htdocs\bookstore\resources\views\books\index.php on line 38
[03-Dec-2025 10:35:21 Asia/Ho_Chi_Minh] PHP Deprecated:  htmlspecialchars(): Passing null to parameter #1 ($string) of type string is deprecated in C:\xampp\htdocs\bookstore\resources\views\books\index.php on line 37
[03-Dec-2025 10:35:21 Asia/Ho_Chi_Minh] PHP Deprecated:  htmlspecialchars(): Passing null to parameter #1 ($string) of type string is deprecated in C:\xampp\htdocs\bookstore\resources\views\books\index.php on line 38
[03-Dec-2025 10:45:25 Asia/Ho_Chi_Minh] PHP Fatal error:  Uncaught TypeError: App\Controllers\GiftController::category(): Argument #1 ($id) must be of type int, array given in C:\xampp\htdocs\bookstore\app\Controllers\GiftController.php:143
Stack trace:
#0 [internal function]: App\Controllers\GiftController->category(Array)
#1 C:\xampp\htdocs\bookstore\app\Router.php(112): call_user_func(Array, Array)
#2 C:\xampp\htdocs\bookstore\app\Router.php(37): App\Router->invokeHandler(Array, Array)
#3 C:\xampp\htdocs\bookstore\public\index.php(179): App\Router->dispatch('GET', '/bookstore/publ...')
#4 {main}
  thrown in C:\xampp\htdocs\bookstore\app\Controllers\GiftController.php on line 143
[03-Dec-2025 10:45:35 Asia/Ho_Chi_Minh] PHP Fatal error:  Uncaught TypeError: App\Controllers\GiftController::category(): Argument #1 ($id) must be of type int, array given in C:\xampp\htdocs\bookstore\app\Controllers\GiftController.php:143
Stack trace:
#0 [internal function]: App\Controllers\GiftController->category(Array)
#1 C:\xampp\htdocs\bookstore\app\Router.php(112): call_user_func(Array, Array)
#2 C:\xampp\htdocs\bookstore\app\Router.php(37): App\Router->invokeHandler(Array, Array)
#3 C:\xampp\htdocs\bookstore\public\index.php(179): App\Router->dispatch('GET', '/bookstore/publ...')
#4 {main}
  thrown in C:\xampp\htdocs\bookstore\app\Controllers\GiftController.php on line 143
[03-Dec-2025 10:48:48 Asia/Ho_Chi_Minh] PHP Parse error:  syntax error, unexpected token "<" in C:\xampp\htdocs\bookstore\resources\views\promotions\index.php on line 111
[03-Dec-2025 10:51:56 Asia/Ho_Chi_Minh] PHP Deprecated:  htmlspecialchars(): Passing null to parameter #1 ($string) of type string is deprecated in C:\xampp\htdocs\bookstore\resources\views\books\index.php on line 37
[03-Dec-2025 10:51:56 Asia/Ho_Chi_Minh] PHP Deprecated:  htmlspecialchars(): Passing null to parameter #1 ($string) of type string is deprecated in C:\xampp\htdocs\bookstore\resources\views\books\index.php on line 38
[03-Dec-2025 11:26:10 Asia/Ho_Chi_Minh] PHP Deprecated:  htmlspecialchars(): Passing null to parameter #1 ($string) of type string is deprecated in C:\xampp\htdocs\bookstore\resources\views\books\index.php on line 37
[03-Dec-2025 11:26:10 Asia/Ho_Chi_Minh] PHP Deprecated:  htmlspecialchars(): Passing null to parameter #1 ($string) of type string is deprecated in C:\xampp\htdocs\bookstore\resources\views\books\index.php on line 38
[03-Dec-2025 11:26:31 Asia/Ho_Chi_Minh] PHP Deprecated:  htmlspecialchars(): Passing null to parameter #1 ($string) of type string is deprecated in C:\xampp\htdocs\bookstore\resources\views\books\index.php on line 37
[03-Dec-2025 11:26:31 Asia/Ho_Chi_Minh] PHP Deprecated:  htmlspecialchars(): Passing null to parameter #1 ($string) of type string is deprecated in C:\xampp\htdocs\bookstore\resources\views\books\index.php on line 38
[03-Dec-2025 11:59:21 Asia/Ho_Chi_Minh] PHP Deprecated:  htmlspecialchars(): Passing null to parameter #1 ($string) of type string is deprecated in C:\xampp\htdocs\bookstore\resources\views\books\index.php on line 37
[03-Dec-2025 11:59:21 Asia/Ho_Chi_Minh] PHP Deprecated:  htmlspecialchars(): Passing null to parameter #1 ($string) of type string is deprecated in C:\xampp\htdocs\bookstore\resources\views\books\index.php on line 38
[03-Dec-2025 12:02:41 Asia/Ho_Chi_Minh] PHP Deprecated:  htmlspecialchars(): Passing null to parameter #1 ($string) of type string is deprecated in C:\xampp\htdocs\bookstore\resources\views\books\index.php on line 37
[03-Dec-2025 12:02:41 Asia/Ho_Chi_Minh] PHP Deprecated:  htmlspecialchars(): Passing null to parameter #1 ($string) of type string is deprecated in C:\xampp\htdocs\bookstore\resources\views\books\index.php on line 38
[2025-12-03 12:03:43] [ERROR] AuthController.php:90 | Login failed | Context: {"username_or_email":"admin@gmail.com","ip_address":"::1","user_found":false,"password_correct":false,"type":"authentication"}
[03-Dec-2025 12:03:43 Asia/Ho_Chi_Minh] Login failed | Context: {"username_or_email":"admin@gmail.com","ip_address":"::1","user_found":false,"password_correct":false,"type":"authentication"}
[03-Dec-2025 12:05:14 Asia/Ho_Chi_Minh] PHP Deprecated:  htmlspecialchars(): Passing null to parameter #1 ($string) of type string is deprecated in C:\xampp\htdocs\bookstore\resources\views\books\index.php on line 37
[03-Dec-2025 12:05:14 Asia/Ho_Chi_Minh] PHP Deprecated:  htmlspecialchars(): Passing null to parameter #1 ($string) of type string is deprecated in C:\xampp\htdocs\bookstore\resources\views\books\index.php on line 38
[03-Dec-2025 12:05:15 Asia/Ho_Chi_Minh] PHP Deprecated:  htmlspecialchars(): Passing null to parameter #1 ($string) of type string is deprecated in C:\xampp\htdocs\bookstore\resources\views\books\index.php on line 37
[03-Dec-2025 12:05:15 Asia/Ho_Chi_Minh] PHP Deprecated:  htmlspecialchars(): Passing null to parameter #1 ($string) of type string is deprecated in C:\xampp\htdocs\bookstore\resources\views\books\index.php on line 38
[03-Dec-2025 12:05:15 Asia/Ho_Chi_Minh] PHP Deprecated:  htmlspecialchars(): Passing null to parameter #1 ($string) of type string is deprecated in C:\xampp\htdocs\bookstore\resources\views\books\index.php on line 37
[03-Dec-2025 12:05:15 Asia/Ho_Chi_Minh] PHP Deprecated:  htmlspecialchars(): Passing null to parameter #1 ($string) of type string is deprecated in C:\xampp\htdocs\bookstore\resources\views\books\index.php on line 38
[03-Dec-2025 12:05:43 Asia/Ho_Chi_Minh] PHP Deprecated:  htmlspecialchars(): Passing null to parameter #1 ($string) of type string is deprecated in C:\xampp\htdocs\bookstore\resources\views\books\index.php on line 37
[03-Dec-2025 12:05:43 Asia/Ho_Chi_Minh] PHP Deprecated:  htmlspecialchars(): Passing null to parameter #1 ($string) of type string is deprecated in C:\xampp\htdocs\bookstore\resources\views\books\index.php on line 38
[03-Dec-2025 12:05:45 Asia/Ho_Chi_Minh] PHP Deprecated:  htmlspecialchars(): Passing null to parameter #1 ($string) of type string is deprecated in C:\xampp\htdocs\bookstore\resources\views\books\index.php on line 37
[03-Dec-2025 12:05:45 Asia/Ho_Chi_Minh] PHP Deprecated:  htmlspecialchars(): Passing null to parameter #1 ($string) of type string is deprecated in C:\xampp\htdocs\bookstore\resources\views\books\index.php on line 38
[03-Dec-2025 12:06:38 Asia/Ho_Chi_Minh] PHP Warning:  Undefined variable $appName in C:\xampp\htdocs\bookstore\resources\views\layout\admin_header.php on line 8
[03-Dec-2025 12:06:38 Asia/Ho_Chi_Minh] PHP Warning:  Undefined variable $appName in C:\xampp\htdocs\bookstore\resources\views\layout\admin_header.php on line 20
[03-Dec-2025 12:06:38 Asia/Ho_Chi_Minh] PHP Deprecated:  htmlspecialchars(): Passing null to parameter #1 ($string) of type string is deprecated in C:\xampp\htdocs\bookstore\resources\views\layout\admin_header.php on line 20
[03-Dec-2025 12:08:08 Asia/Ho_Chi_Minh] PHP Warning:  Undefined variable $appName in C:\xampp\htdocs\bookstore\resources\views\layout\admin_header.php on line 8
[03-Dec-2025 12:08:08 Asia/Ho_Chi_Minh] PHP Warning:  Undefined variable $appName in C:\xampp\htdocs\bookstore\resources\views\layout\admin_header.php on line 20
[03-Dec-2025 12:08:08 Asia/Ho_Chi_Minh] PHP Deprecated:  htmlspecialchars(): Passing null to parameter #1 ($string) of type string is deprecated in C:\xampp\htdocs\bookstore\resources\views\layout\admin_header.php on line 20
[03-Dec-2025 12:08:10 Asia/Ho_Chi_Minh] PHP Warning:  Undefined variable $appName in C:\xampp\htdocs\bookstore\resources\views\layout\admin_header.php on line 8
[03-Dec-2025 12:08:10 Asia/Ho_Chi_Minh] PHP Warning:  Undefined variable $appName in C:\xampp\htdocs\bookstore\resources\views\layout\admin_header.php on line 20
[03-Dec-2025 12:08:10 Asia/Ho_Chi_Minh] PHP Deprecated:  htmlspecialchars(): Passing null to parameter #1 ($string) of type string is deprecated in C:\xampp\htdocs\bookstore\resources\views\layout\admin_header.php on line 20
[03-Dec-2025 12:08:12 Asia/Ho_Chi_Minh] PHP Warning:  Undefined variable $appName in C:\xampp\htdocs\bookstore\resources\views\layout\admin_header.php on line 8
[03-Dec-2025 12:08:12 Asia/Ho_Chi_Minh] PHP Warning:  Undefined variable $appName in C:\xampp\htdocs\bookstore\resources\views\layout\admin_header.php on line 20
[03-Dec-2025 12:08:12 Asia/Ho_Chi_Minh] PHP Deprecated:  htmlspecialchars(): Passing null to parameter #1 ($string) of type string is deprecated in C:\xampp\htdocs\bookstore\resources\views\layout\admin_header.php on line 20
[03-Dec-2025 12:08:14 Asia/Ho_Chi_Minh] PHP Warning:  Undefined variable $appName in C:\xampp\htdocs\bookstore\resources\views\layout\admin_header.php on line 8
[03-Dec-2025 12:08:14 Asia/Ho_Chi_Minh] PHP Warning:  Undefined variable $appName in C:\xampp\htdocs\bookstore\resources\views\layout\admin_header.php on line 20
[03-Dec-2025 12:08:14 Asia/Ho_Chi_Minh] PHP Deprecated:  htmlspecialchars(): Passing null to parameter #1 ($string) of type string is deprecated in C:\xampp\htdocs\bookstore\resources\views\layout\admin_header.php on line 20
[03-Dec-2025 12:08:17 Asia/Ho_Chi_Minh] PHP Warning:  Undefined variable $appName in C:\xampp\htdocs\bookstore\resources\views\layout\admin_header.php on line 8
[03-Dec-2025 12:08:17 Asia/Ho_Chi_Minh] PHP Warning:  Undefined variable $appName in C:\xampp\htdocs\bookstore\resources\views\layout\admin_header.php on line 20
[03-Dec-2025 12:08:17 Asia/Ho_Chi_Minh] PHP Deprecated:  htmlspecialchars(): Passing null to parameter #1 ($string) of type string is deprecated in C:\xampp\htdocs\bookstore\resources\views\layout\admin_header.php on line 20
[03-Dec-2025 12:08:21 Asia/Ho_Chi_Minh] PHP Warning:  Undefined variable $appName in C:\xampp\htdocs\bookstore\resources\views\layout\admin_header.php on line 8
[03-Dec-2025 12:08:21 Asia/Ho_Chi_Minh] PHP Warning:  Undefined variable $appName in C:\xampp\htdocs\bookstore\resources\views\layout\admin_header.php on line 20
[03-Dec-2025 12:08:21 Asia/Ho_Chi_Minh] PHP Deprecated:  htmlspecialchars(): Passing null to parameter #1 ($string) of type string is deprecated in C:\xampp\htdocs\bookstore\resources\views\layout\admin_header.php on line 20
[03-Dec-2025 12:08:22 Asia/Ho_Chi_Minh] PHP Warning:  Undefined variable $appName in C:\xampp\htdocs\bookstore\resources\views\layout\admin_header.php on line 8
[03-Dec-2025 12:08:22 Asia/Ho_Chi_Minh] PHP Warning:  Undefined variable $appName in C:\xampp\htdocs\bookstore\resources\views\layout\admin_header.php on line 20
[03-Dec-2025 12:08:22 Asia/Ho_Chi_Minh] PHP Deprecated:  htmlspecialchars(): Passing null to parameter #1 ($string) of type string is deprecated in C:\xampp\htdocs\bookstore\resources\views\layout\admin_header.php on line 20
[03-Dec-2025 12:08:25 Asia/Ho_Chi_Minh] PHP Warning:  Undefined variable $appName in C:\xampp\htdocs\bookstore\resources\views\layout\admin_header.php on line 8
[03-Dec-2025 12:08:25 Asia/Ho_Chi_Minh] PHP Warning:  Undefined variable $appName in C:\xampp\htdocs\bookstore\resources\views\layout\admin_header.php on line 20
[03-Dec-2025 12:08:25 Asia/Ho_Chi_Minh] PHP Deprecated:  htmlspecialchars(): Passing null to parameter #1 ($string) of type string is deprecated in C:\xampp\htdocs\bookstore\resources\views\layout\admin_header.php on line 20
[03-Dec-2025 12:08:26 Asia/Ho_Chi_Minh] PHP Warning:  Undefined variable $appName in C:\xampp\htdocs\bookstore\resources\views\layout\admin_header.php on line 8
[03-Dec-2025 12:08:26 Asia/Ho_Chi_Minh] PHP Warning:  Undefined variable $appName in C:\xampp\htdocs\bookstore\resources\views\layout\admin_header.php on line 20
[03-Dec-2025 12:08:26 Asia/Ho_Chi_Minh] PHP Deprecated:  htmlspecialchars(): Passing null to parameter #1 ($string) of type string is deprecated in C:\xampp\htdocs\bookstore\resources\views\layout\admin_header.php on line 20
[03-Dec-2025 12:08:32 Asia/Ho_Chi_Minh] PHP Warning:  Undefined variable $appName in C:\xampp\htdocs\bookstore\resources\views\layout\admin_header.php on line 8
[03-Dec-2025 12:08:32 Asia/Ho_Chi_Minh] PHP Warning:  Undefined variable $appName in C:\xampp\htdocs\bookstore\resources\views\layout\admin_header.php on line 20
[03-Dec-2025 12:08:32 Asia/Ho_Chi_Minh] PHP Deprecated:  htmlspecialchars(): Passing null to parameter #1 ($string) of type string is deprecated in C:\xampp\htdocs\bookstore\resources\views\layout\admin_header.php on line 20
[03-Dec-2025 12:08:36 Asia/Ho_Chi_Minh] PHP Warning:  Undefined variable $appName in C:\xampp\htdocs\bookstore\resources\views\layout\admin_header.php on line 8
[03-Dec-2025 12:08:36 Asia/Ho_Chi_Minh] PHP Warning:  Undefined variable $appName in C:\xampp\htdocs\bookstore\resources\views\layout\admin_header.php on line 20
[03-Dec-2025 12:08:36 Asia/Ho_Chi_Minh] PHP Deprecated:  htmlspecialchars(): Passing null to parameter #1 ($string) of type string is deprecated in C:\xampp\htdocs\bookstore\resources\views\layout\admin_header.php on line 20
[03-Dec-2025 12:08:37 Asia/Ho_Chi_Minh] PHP Warning:  Undefined variable $appName in C:\xampp\htdocs\bookstore\resources\views\layout\admin_header.php on line 8
[03-Dec-2025 12:08:37 Asia/Ho_Chi_Minh] PHP Warning:  Undefined variable $appName in C:\xampp\htdocs\bookstore\resources\views\layout\admin_header.php on line 20
[03-Dec-2025 12:08:37 Asia/Ho_Chi_Minh] PHP Deprecated:  htmlspecialchars(): Passing null to parameter #1 ($string) of type string is deprecated in C:\xampp\htdocs\bookstore\resources\views\layout\admin_header.php on line 20
[03-Dec-2025 12:17:17 Asia/Ho_Chi_Minh] Router dispatch - Method: GET, URI: /bookstore/public/admin?page=products
[03-Dec-2025 12:17:17 Asia/Ho_Chi_Minh] Router dispatch successful
[03-Dec-2025 12:17:18 Asia/Ho_Chi_Minh] Router dispatch - Method: GET, URI: /bookstore/public/admin?page=products
[03-Dec-2025 12:17:18 Asia/Ho_Chi_Minh] Router dispatch successful
[03-Dec-2025 12:17:20 Asia/Ho_Chi_Minh] Router dispatch - Method: GET, URI: /bookstore/public/cart/count
[03-Dec-2025 12:17:21 Asia/Ho_Chi_Minh] Router dispatch - Method: GET, URI: /bookstore/public/admin?page=users
[03-Dec-2025 12:17:21 Asia/Ho_Chi_Minh] Router dispatch successful
[03-Dec-2025 12:17:21 Asia/Ho_Chi_Minh] Router dispatch - Method: GET, URI: /bookstore/public/admin?page=users
[03-Dec-2025 12:17:21 Asia/Ho_Chi_Minh] Router dispatch successful
[03-Dec-2025 12:17:21 Asia/Ho_Chi_Minh] Router dispatch - Method: GET, URI: /bookstore/public/admin?page=users
[03-Dec-2025 12:17:21 Asia/Ho_Chi_Minh] Router dispatch successful
[03-Dec-2025 12:17:22 Asia/Ho_Chi_Minh] Router dispatch - Method: GET, URI: /bookstore/public/admin?page=users
[03-Dec-2025 12:17:22 Asia/Ho_Chi_Minh] Router dispatch successful
[03-Dec-2025 12:17:22 Asia/Ho_Chi_Minh] Router dispatch - Method: GET, URI: /bookstore/public/admin?page=users
[03-Dec-2025 12:17:22 Asia/Ho_Chi_Minh] Router dispatch successful
[03-Dec-2025 12:17:22 Asia/Ho_Chi_Minh] Router dispatch - Method: GET, URI: /bookstore/public/admin?page=vouchers
[03-Dec-2025 12:17:22 Asia/Ho_Chi_Minh] Router dispatch successful
[03-Dec-2025 12:17:23 Asia/Ho_Chi_Minh] Router dispatch - Method: GET, URI: /bookstore/public/admin?page=categories
[03-Dec-2025 12:17:23 Asia/Ho_Chi_Minh] Router dispatch successful
[03-Dec-2025 12:17:23 Asia/Ho_Chi_Minh] Router dispatch - Method: GET, URI: /bookstore/public/admin?page=statistics
[03-Dec-2025 12:17:23 Asia/Ho_Chi_Minh] Router dispatch successful
[03-Dec-2025 12:17:25 Asia/Ho_Chi_Minh] Router dispatch - Method: GET, URI: /bookstore/public/admin
[03-Dec-2025 12:17:25 Asia/Ho_Chi_Minh] Router dispatch successful
[03-Dec-2025 12:17:25 Asia/Ho_Chi_Minh] Router dispatch - Method: GET, URI: /bookstore/public/admin?page=products
[03-Dec-2025 12:17:25 Asia/Ho_Chi_Minh] Router dispatch successful
[03-Dec-2025 12:22:12 Asia/Ho_Chi_Minh] Router dispatch - Method: GET, URI: /bookstore/public/admin?page=products
[03-Dec-2025 12:22:12 Asia/Ho_Chi_Minh] Router dispatch successful
[03-Dec-2025 12:22:13 Asia/Ho_Chi_Minh] Router dispatch - Method: GET, URI: /bookstore/public/admin?page=products
[03-Dec-2025 12:22:13 Asia/Ho_Chi_Minh] Router dispatch successful
[03-Dec-2025 12:22:15 Asia/Ho_Chi_Minh] Router dispatch - Method: GET, URI: /bookstore/public/cart/count
[03-Dec-2025 12:22:16 Asia/Ho_Chi_Minh] Router dispatch - Method: GET, URI: /bookstore/public/admin?page=users
[03-Dec-2025 12:22:16 Asia/Ho_Chi_Minh] Router dispatch successful
[03-Dec-2025 12:22:17 Asia/Ho_Chi_Minh] Router dispatch - Method: GET, URI: /bookstore/public/admin?page=users
[03-Dec-2025 12:22:17 Asia/Ho_Chi_Minh] Router dispatch successful
[03-Dec-2025 12:22:18 Asia/Ho_Chi_Minh] Router dispatch - Method: GET, URI: /bookstore/public/admin?page=vouchers
[03-Dec-2025 12:22:18 Asia/Ho_Chi_Minh] Router dispatch successful
[03-Dec-2025 12:22:18 Asia/Ho_Chi_Minh] Router dispatch - Method: GET, URI: /bookstore/public/admin?page=categories
[03-Dec-2025 12:22:18 Asia/Ho_Chi_Minh] Router dispatch successful
[03-Dec-2025 12:22:18 Asia/Ho_Chi_Minh] Router dispatch - Method: GET, URI: /bookstore/public/admin?page=statistics
[03-Dec-2025 12:22:18 Asia/Ho_Chi_Minh] Router dispatch successful
[03-Dec-2025 12:22:29 Asia/Ho_Chi_Minh] Router dispatch - Method: GET, URI: /bookstore/public/admin?page=statistics
[03-Dec-2025 12:22:29 Asia/Ho_Chi_Minh] Router dispatch successful
[03-Dec-2025 12:22:33 Asia/Ho_Chi_Minh] Router dispatch - Method: GET, URI: /bookstore/public/cart/count
[03-Dec-2025 12:22:50 Asia/Ho_Chi_Minh] Router dispatch - Method: GET, URI: /bookstore/public/admin
[03-Dec-2025 12:22:50 Asia/Ho_Chi_Minh] Router dispatch successful
[04-Dec-2025 00:15:28 Asia/Ho_Chi_Minh] Router dispatch - Method: GET, URI: /bookstore/public/cart/count
[04-Dec-2025 00:15:32 Asia/Ho_Chi_Minh] Router dispatch - Method: GET, URI: /bookstore/public/logout
[04-Dec-2025 00:15:33 Asia/Ho_Chi_Minh] Router dispatch - Method: GET, URI: /bookstore/public/login
[04-Dec-2025 00:15:33 Asia/Ho_Chi_Minh] Router dispatch successful
[04-Dec-2025 00:15:41 Asia/Ho_Chi_Minh] Router dispatch - Method: POST, URI: /bookstore/public/login
[04-Dec-2025 00:16:09 Asia/Ho_Chi_Minh] Router dispatch - Method: POST, URI: /bookstore/public/login
[04-Dec-2025 00:16:09 Asia/Ho_Chi_Minh] Router dispatch - Method: GET, URI: /bookstore/public/admin
[04-Dec-2025 00:16:09 Asia/Ho_Chi_Minh] Router dispatch successful
[04-Dec-2025 00:16:12 Asia/Ho_Chi_Minh] Router dispatch - Method: GET, URI: /bookstore/public/admin
[04-Dec-2025 00:16:12 Asia/Ho_Chi_Minh] Router dispatch successful
[04-Dec-2025 00:16:13 Asia/Ho_Chi_Minh] Router dispatch - Method: GET, URI: /bookstore/public/admin?page=products
[04-Dec-2025 00:16:13 Asia/Ho_Chi_Minh] Router dispatch successful
[04-Dec-2025 00:16:14 Asia/Ho_Chi_Minh] Router dispatch - Method: GET, URI: /bookstore/public/cart/count
[04-Dec-2025 00:16:18 Asia/Ho_Chi_Minh] Router dispatch - Method: GET, URI: /bookstore/public/admin?page=users
[04-Dec-2025 00:16:18 Asia/Ho_Chi_Minh] Router dispatch successful
[04-Dec-2025 00:16:19 Asia/Ho_Chi_Minh] Router dispatch - Method: GET, URI: /bookstore/public/admin?page=products
[04-Dec-2025 00:16:19 Asia/Ho_Chi_Minh] Router dispatch successful
[04-Dec-2025 00:16:19 Asia/Ho_Chi_Minh] Router dispatch - Method: GET, URI: /bookstore/public/admin?page=vouchers
[04-Dec-2025 00:16:19 Asia/Ho_Chi_Minh] Router dispatch successful
[04-Dec-2025 00:16:20 Asia/Ho_Chi_Minh] Router dispatch - Method: GET, URI: /bookstore/public/admin?page=categories
[04-Dec-2025 00:16:20 Asia/Ho_Chi_Minh] Router dispatch successful
[04-Dec-2025 00:16:21 Asia/Ho_Chi_Minh] Router dispatch - Method: GET, URI: /bookstore/public/admin?page=statistics
[04-Dec-2025 00:16:21 Asia/Ho_Chi_Minh] Router dispatch successful
[04-Dec-2025 00:16:23 Asia/Ho_Chi_Minh] Router dispatch - Method: GET, URI: /bookstore/public/cart/count
[04-Dec-2025 00:16:31 Asia/Ho_Chi_Minh] Router dispatch - Method: GET, URI: /bookstore/public/admin
[04-Dec-2025 00:16:31 Asia/Ho_Chi_Minh] Router dispatch successful
[04-Dec-2025 00:16:32 Asia/Ho_Chi_Minh] Router dispatch - Method: GET, URI: /bookstore/public/admin?page=products
[04-Dec-2025 00:16:32 Asia/Ho_Chi_Minh] Router dispatch successful
[04-Dec-2025 00:16:33 Asia/Ho_Chi_Minh] Router dispatch - Method: GET, URI: /bookstore/public/admin?page=products
[04-Dec-2025 00:16:33 Asia/Ho_Chi_Minh] Router dispatch successful
[04-Dec-2025 00:16:33 Asia/Ho_Chi_Minh] Router dispatch - Method: GET, URI: /bookstore/public/admin?page=products
[04-Dec-2025 00:16:33 Asia/Ho_Chi_Minh] Router dispatch successful
[04-Dec-2025 00:16:33 Asia/Ho_Chi_Minh] Router dispatch - Method: GET, URI: /bookstore/public/admin?page=products
[04-Dec-2025 00:16:33 Asia/Ho_Chi_Minh] Router dispatch successful
[04-Dec-2025 00:24:08 Asia/Ho_Chi_Minh] AdminController::books() called
[04-Dec-2025 00:24:08 Asia/Ho_Chi_Minh] Session data: Array
(
    [user] => Array
        (
            [id] => 1
            [ma_nguoi_dung] => 1
            [ten_dang_nhap] => admin
            [ho_ten] => Administrator
            [name] => Administrator
            [email] => admin@bookstore.com
            [so_dien_thoai] => 
            [phone] => 
            [dia_chi] => 
            [address] => 
            [vai_tro] => quan_tri_vien
            [ngay_tao] => 2025-11-18 21:30:54
        )

    [user_id] => 1
    [ten_dang_nhap] => admin
    [user_name] => Administrator
    [vai_tro] => quan_tri_vien
    [role] => admin
    [last_activity] => 1764782193
)

[04-Dec-2025 00:24:08 Asia/Ho_Chi_Minh] Request URI: /bookstore/public/admin?page=products
[04-Dec-2025 00:24:08 Asia/Ho_Chi_Minh] Admin authentication passed - loading books
[04-Dec-2025 00:24:08 Asia/Ho_Chi_Minh] Books count: 13
[04-Dec-2025 00:24:16 Asia/Ho_Chi_Minh] Router dispatch - Method: GET, URI: /bookstore/public/admin/books/edit/6
[04-Dec-2025 00:24:16 Asia/Ho_Chi_Minh] PHP Warning:  Undefined variable $success in C:\xampp\htdocs\bookstore\resources\views\admin\edit.php on line 25
[04-Dec-2025 00:24:16 Asia/Ho_Chi_Minh] PHP Warning:  Undefined variable $book in C:\xampp\htdocs\bookstore\resources\views\admin\edit.php on line 35
[04-Dec-2025 00:24:16 Asia/Ho_Chi_Minh] PHP Warning:  Attempt to read property "title" on null in C:\xampp\htdocs\bookstore\resources\views\admin\edit.php on line 35
[04-Dec-2025 00:24:16 Asia/Ho_Chi_Minh] PHP Deprecated:  htmlspecialchars(): Passing null to parameter #1 ($string) of type string is deprecated in C:\xampp\htdocs\bookstore\resources\views\admin\edit.php on line 35
[04-Dec-2025 00:24:16 Asia/Ho_Chi_Minh] PHP Warning:  Undefined variable $book in C:\xampp\htdocs\bookstore\resources\views\admin\edit.php on line 41
[04-Dec-2025 00:24:16 Asia/Ho_Chi_Minh] PHP Warning:  Attempt to read property "author" on null in C:\xampp\htdocs\bookstore\resources\views\admin\edit.php on line 41
[04-Dec-2025 00:24:16 Asia/Ho_Chi_Minh] PHP Deprecated:  htmlspecialchars(): Passing null to parameter #1 ($string) of type string is deprecated in C:\xampp\htdocs\bookstore\resources\views\admin\edit.php on line 41
[04-Dec-2025 00:24:16 Asia/Ho_Chi_Minh] PHP Warning:  Undefined variable $book in C:\xampp\htdocs\bookstore\resources\views\admin\edit.php on line 53
[04-Dec-2025 00:24:16 Asia/Ho_Chi_Minh] PHP Warning:  Attempt to read property "description" on null in C:\xampp\htdocs\bookstore\resources\views\admin\edit.php on line 53
[04-Dec-2025 00:24:16 Asia/Ho_Chi_Minh] PHP Deprecated:  htmlspecialchars(): Passing null to parameter #1 ($string) of type string is deprecated in C:\xampp\htdocs\bookstore\resources\views\admin\edit.php on line 53
[04-Dec-2025 00:24:16 Asia/Ho_Chi_Minh] PHP Warning:  Undefined variable $book in C:\xampp\htdocs\bookstore\resources\views\admin\edit.php on line 59
[04-Dec-2025 00:24:16 Asia/Ho_Chi_Minh] PHP Warning:  Attempt to read property "price" on null in C:\xampp\htdocs\bookstore\resources\views\admin\edit.php on line 59
[04-Dec-2025 00:24:16 Asia/Ho_Chi_Minh] PHP Deprecated:  htmlspecialchars(): Passing null to parameter #1 ($string) of type string is deprecated in C:\xampp\htdocs\bookstore\resources\views\admin\edit.php on line 59
[04-Dec-2025 00:24:16 Asia/Ho_Chi_Minh] PHP Warning:  Undefined variable $book in C:\xampp\htdocs\bookstore\resources\views\admin\edit.php on line 65
[04-Dec-2025 00:24:16 Asia/Ho_Chi_Minh] PHP Warning:  Attempt to read property "coverImage" on null in C:\xampp\htdocs\bookstore\resources\views\admin\edit.php on line 65
[04-Dec-2025 00:24:16 Asia/Ho_Chi_Minh] Router dispatch successful
[04-Dec-2025 00:24:17 Asia/Ho_Chi_Minh] Router dispatch - Method: GET, URI: /bookstore/public/cart/count
[04-Dec-2025 00:27:08 Asia/Ho_Chi_Minh] Router dispatch - Method: GET, URI: /bookstore/public/admin/books/edit/6
[04-Dec-2025 00:27:08 Asia/Ho_Chi_Minh] PHP Fatal error:  Uncaught TypeError: App\Repositories\BookRepository::findById(): Argument #1 ($id) must be of type string, int given, called in C:\xampp\htdocs\bookstore\app\Controllers\AdminController.php on line 156 and defined in C:\xampp\htdocs\bookstore\app\Repositories\BookRepository.php:83
Stack trace:
#0 C:\xampp\htdocs\bookstore\app\Controllers\AdminController.php(156): App\Repositories\BookRepository->findById(0)
#1 [internal function]: App\Controllers\AdminController->edit(Array)
#2 C:\xampp\htdocs\bookstore\app\Router.php(112): call_user_func(Array, Array)
#3 C:\xampp\htdocs\bookstore\app\Router.php(37): App\Router->invokeHandler(Array, Array)
#4 C:\xampp\htdocs\bookstore\public\index.php(257): App\Router->dispatch('GET', '/bookstore/publ...')
#5 {main}
  thrown in C:\xampp\htdocs\bookstore\app\Repositories\BookRepository.php on line 83
[04-Dec-2025 00:28:56 Asia/Ho_Chi_Minh] Router dispatch - Method: GET, URI: /bookstore/public/admin/books/edit/6
[04-Dec-2025 00:28:56 Asia/Ho_Chi_Minh] AdminController::books() called
[04-Dec-2025 00:28:56 Asia/Ho_Chi_Minh] Session data: Array
(
    [user] => Array
        (
            [id] => 1
            [ma_nguoi_dung] => 1
            [ten_dang_nhap] => admin
            [ho_ten] => Administrator
            [name] => Administrator
            [email] => admin@bookstore.com
            [so_dien_thoai] => 
            [phone] => 
            [dia_chi] => 
            [address] => 
            [vai_tro] => quan_tri_vien
            [ngay_tao] => 2025-11-18 21:30:54
        )

    [user_id] => 1
    [ten_dang_nhap] => admin
    [user_name] => Administrator
    [vai_tro] => quan_tri_vien
    [role] => admin
    [last_activity] => 1764782648
    [error] => Không tìm thấy sản phẩm
)

[04-Dec-2025 00:28:56 Asia/Ho_Chi_Minh] Request URI: /bookstore/public/admin?page=products
[04-Dec-2025 00:28:56 Asia/Ho_Chi_Minh] Admin authentication passed - loading books
[04-Dec-2025 00:28:56 Asia/Ho_Chi_Minh] Books count: 13
[04-Dec-2025 00:28:59 Asia/Ho_Chi_Minh] Router dispatch - Method: GET, URI: /bookstore/public/admin/books/edit/13
[04-Dec-2025 00:28:59 Asia/Ho_Chi_Minh] AdminController::books() called
[04-Dec-2025 00:28:59 Asia/Ho_Chi_Minh] Session data: Array
(
    [user] => Array
        (
            [id] => 1
            [ma_nguoi_dung] => 1
            [ten_dang_nhap] => admin
            [ho_ten] => Administrator
            [name] => Administrator
            [email] => admin@bookstore.com
            [so_dien_thoai] => 
            [phone] => 
            [dia_chi] => 
            [address] => 
            [vai_tro] => quan_tri_vien
            [ngay_tao] => 2025-11-18 21:30:54
        )

    [user_id] => 1
    [ten_dang_nhap] => admin
    [user_name] => Administrator
    [vai_tro] => quan_tri_vien
    [role] => admin
    [last_activity] => 1764782936
    [error] => Không tìm thấy sản phẩm
)

[04-Dec-2025 00:28:59 Asia/Ho_Chi_Minh] Request URI: /bookstore/public/admin?page=products
[04-Dec-2025 00:28:59 Asia/Ho_Chi_Minh] Admin authentication passed - loading books
[04-Dec-2025 00:28:59 Asia/Ho_Chi_Minh] Books count: 13
[04-Dec-2025 00:29:00 Asia/Ho_Chi_Minh] Router dispatch - Method: GET, URI: /bookstore/public/admin/books/edit/13
[04-Dec-2025 00:29:00 Asia/Ho_Chi_Minh] AdminController::books() called
[04-Dec-2025 00:29:00 Asia/Ho_Chi_Minh] Session data: Array
(
    [user] => Array
        (
            [id] => 1
            [ma_nguoi_dung] => 1
            [ten_dang_nhap] => admin
            [ho_ten] => Administrator
            [name] => Administrator
            [email] => admin@bookstore.com
            [so_dien_thoai] => 
            [phone] => 
            [dia_chi] => 
            [address] => 
            [vai_tro] => quan_tri_vien
            [ngay_tao] => 2025-11-18 21:30:54
        )

    [user_id] => 1
    [ten_dang_nhap] => admin
    [user_name] => Administrator
    [vai_tro] => quan_tri_vien
    [role] => admin
    [last_activity] => 1764782939
    [error] => Không tìm thấy sản phẩm
)

[04-Dec-2025 00:29:00 Asia/Ho_Chi_Minh] Request URI: /bookstore/public/admin?page=products
[04-Dec-2025 00:29:00 Asia/Ho_Chi_Minh] Admin authentication passed - loading books
[04-Dec-2025 00:29:00 Asia/Ho_Chi_Minh] Books count: 13
[04-Dec-2025 00:29:01 Asia/Ho_Chi_Minh] Router dispatch - Method: GET, URI: /bookstore/public/admin/books/edit/13
[04-Dec-2025 00:29:01 Asia/Ho_Chi_Minh] AdminController::books() called
[04-Dec-2025 00:29:01 Asia/Ho_Chi_Minh] Session data: Array
(
    [user] => Array
        (
            [id] => 1
            [ma_nguoi_dung] => 1
            [ten_dang_nhap] => admin
            [ho_ten] => Administrator
            [name] => Administrator
            [email] => admin@bookstore.com
            [so_dien_thoai] => 
            [phone] => 
            [dia_chi] => 
            [address] => 
            [vai_tro] => quan_tri_vien
            [ngay_tao] => 2025-11-18 21:30:54
        )

    [user_id] => 1
    [ten_dang_nhap] => admin
    [user_name] => Administrator
    [vai_tro] => quan_tri_vien
    [role] => admin
    [last_activity] => 1764782940
    [error] => Không tìm thấy sản phẩm
)

[04-Dec-2025 00:29:01 Asia/Ho_Chi_Minh] Request URI: /bookstore/public/admin?page=products
[04-Dec-2025 00:29:01 Asia/Ho_Chi_Minh] Admin authentication passed - loading books
[04-Dec-2025 00:29:01 Asia/Ho_Chi_Minh] Books count: 13
[04-Dec-2025 00:29:01 Asia/Ho_Chi_Minh] Router dispatch - Method: GET, URI: /bookstore/public/admin/books/edit/13
[04-Dec-2025 00:29:01 Asia/Ho_Chi_Minh] AdminController::books() called
[04-Dec-2025 00:29:01 Asia/Ho_Chi_Minh] Session data: Array
(
    [user] => Array
        (
            [id] => 1
            [ma_nguoi_dung] => 1
            [ten_dang_nhap] => admin
            [ho_ten] => Administrator
            [name] => Administrator
            [email] => admin@bookstore.com
            [so_dien_thoai] => 
            [phone] => 
            [dia_chi] => 
            [address] => 
            [vai_tro] => quan_tri_vien
            [ngay_tao] => 2025-11-18 21:30:54
        )

    [user_id] => 1
    [ten_dang_nhap] => admin
    [user_name] => Administrator
    [vai_tro] => quan_tri_vien
    [role] => admin
    [last_activity] => 1764782941
    [error] => Không tìm thấy sản phẩm
)

[04-Dec-2025 00:29:01 Asia/Ho_Chi_Minh] Request URI: /bookstore/public/admin?page=products
[04-Dec-2025 00:29:01 Asia/Ho_Chi_Minh] Admin authentication passed - loading books
[04-Dec-2025 00:29:01 Asia/Ho_Chi_Minh] Books count: 13
[04-Dec-2025 00:29:01 Asia/Ho_Chi_Minh] Router dispatch - Method: GET, URI: /bookstore/public/admin/books/edit/13
[04-Dec-2025 00:29:01 Asia/Ho_Chi_Minh] AdminController::books() called
[04-Dec-2025 00:29:01 Asia/Ho_Chi_Minh] Session data: Array
(
    [user] => Array
        (
            [id] => 1
            [ma_nguoi_dung] => 1
            [ten_dang_nhap] => admin
            [ho_ten] => Administrator
            [name] => Administrator
            [email] => admin@bookstore.com
            [so_dien_thoai] => 
            [phone] => 
            [dia_chi] => 
            [address] => 
            [vai_tro] => quan_tri_vien
            [ngay_tao] => 2025-11-18 21:30:54
        )

    [user_id] => 1
    [ten_dang_nhap] => admin
    [user_name] => Administrator
    [vai_tro] => quan_tri_vien
    [role] => admin
    [last_activity] => 1764782941
    [error] => Không tìm thấy sản phẩm
)

[04-Dec-2025 00:29:01 Asia/Ho_Chi_Minh] Request URI: /bookstore/public/admin?page=products
[04-Dec-2025 00:29:01 Asia/Ho_Chi_Minh] Admin authentication passed - loading books
[04-Dec-2025 00:29:01 Asia/Ho_Chi_Minh] Books count: 13
[04-Dec-2025 00:29:03 Asia/Ho_Chi_Minh] AdminController::books() called
[04-Dec-2025 00:29:03 Asia/Ho_Chi_Minh] Session data: Array
(
    [user] => Array
        (
            [id] => 1
            [ma_nguoi_dung] => 1
            [ten_dang_nhap] => admin
            [ho_ten] => Administrator
            [name] => Administrator
            [email] => admin@bookstore.com
            [so_dien_thoai] => 
            [phone] => 
            [dia_chi] => 
            [address] => 
            [vai_tro] => quan_tri_vien
            [ngay_tao] => 2025-11-18 21:30:54
        )

    [user_id] => 1
    [ten_dang_nhap] => admin
    [user_name] => Administrator
    [vai_tro] => quan_tri_vien
    [role] => admin
    [last_activity] => 1764782941
)

[04-Dec-2025 00:29:03 Asia/Ho_Chi_Minh] Request URI: /bookstore/public/admin?page=products
[04-Dec-2025 00:29:03 Asia/Ho_Chi_Minh] Admin authentication passed - loading books
[04-Dec-2025 00:29:03 Asia/Ho_Chi_Minh] Books count: 13
[04-Dec-2025 00:29:04 Asia/Ho_Chi_Minh] AdminController::orders() called
[04-Dec-2025 00:29:04 Asia/Ho_Chi_Minh] Session data: Array
(
    [user] => Array
        (
            [id] => 1
            [ma_nguoi_dung] => 1
            [ten_dang_nhap] => admin
            [ho_ten] => Administrator
            [name] => Administrator
            [email] => admin@bookstore.com
            [so_dien_thoai] => 
            [phone] => 
            [dia_chi] => 
            [address] => 
            [vai_tro] => quan_tri_vien
            [ngay_tao] => 2025-11-18 21:30:54
        )

    [user_id] => 1
    [ten_dang_nhap] => admin
    [user_name] => Administrator
    [vai_tro] => quan_tri_vien
    [role] => admin
    [last_activity] => 1764782943
)

[04-Dec-2025 00:29:04 Asia/Ho_Chi_Minh] Admin authentication passed - loading orders
[04-Dec-2025 00:29:04 Asia/Ho_Chi_Minh] Orders count: 0
[04-Dec-2025 00:29:06 Asia/Ho_Chi_Minh] AdminController::users() called
[04-Dec-2025 00:29:06 Asia/Ho_Chi_Minh] Session data: Array
(
    [user] => Array
        (
            [id] => 1
            [ma_nguoi_dung] => 1
            [ten_dang_nhap] => admin
            [ho_ten] => Administrator
            [name] => Administrator
            [email] => admin@bookstore.com
            [so_dien_thoai] => 
            [phone] => 
            [dia_chi] => 
            [address] => 
            [vai_tro] => quan_tri_vien
            [ngay_tao] => 2025-11-18 21:30:54
        )

    [user_id] => 1
    [ten_dang_nhap] => admin
    [user_name] => Administrator
    [vai_tro] => quan_tri_vien
    [role] => admin
    [last_activity] => 1764782944
)

[04-Dec-2025 00:29:06 Asia/Ho_Chi_Minh] Admin authentication passed - loading users
[04-Dec-2025 00:29:06 Asia/Ho_Chi_Minh] Users count: 0
[04-Dec-2025 00:29:09 Asia/Ho_Chi_Minh] PHP Fatal error:  Uncaught Error: Call to undefined method App\Models\Voucher::getAllVouchers() in C:\xampp\htdocs\bookstore\app\Controllers\AdminController.php:337
Stack trace:
#0 C:\xampp\htdocs\bookstore\public\index.php(213): App\Controllers\AdminController->vouchers()
#1 {main}
  thrown in C:\xampp\htdocs\bookstore\app\Controllers\AdminController.php on line 337
[04-Dec-2025 00:32:48 Asia/Ho_Chi_Minh] PHP Fatal error:  Uncaught Error: Call to undefined method App\Models\Voucher::getAllVouchers() in C:\xampp\htdocs\bookstore\app\Controllers\AdminController.php:337
Stack trace:
#0 C:\xampp\htdocs\bookstore\public\index.php(213): App\Controllers\AdminController->vouchers()
#1 {main}
  thrown in C:\xampp\htdocs\bookstore\app\Controllers\AdminController.php on line 337
[04-Dec-2025 00:32:50 Asia/Ho_Chi_Minh] PHP Fatal error:  Uncaught Error: Call to undefined method App\Models\Voucher::getAllVouchers() in C:\xampp\htdocs\bookstore\app\Controllers\AdminController.php:337
Stack trace:
#0 C:\xampp\htdocs\bookstore\public\index.php(213): App\Controllers\AdminController->vouchers()
#1 {main}
  thrown in C:\xampp\htdocs\bookstore\app\Controllers\AdminController.php on line 337
[04-Dec-2025 00:33:00 Asia/Ho_Chi_Minh] PHP Fatal error:  Uncaught Error: Call to undefined method App\Models\Voucher::getAllVouchers() in C:\xampp\htdocs\bookstore\app\Controllers\AdminController.php:337
Stack trace:
#0 C:\xampp\htdocs\bookstore\public\index.php(213): App\Controllers\AdminController->vouchers()
#1 {main}
  thrown in C:\xampp\htdocs\bookstore\app\Controllers\AdminController.php on line 337
[04-Dec-2025 00:33:03 Asia/Ho_Chi_Minh] PHP Fatal error:  Uncaught Error: Call to undefined method App\Models\Voucher::getAllVouchers() in C:\xampp\htdocs\bookstore\app\Controllers\AdminController.php:337
Stack trace:
#0 C:\xampp\htdocs\bookstore\public\index.php(213): App\Controllers\AdminController->vouchers()
#1 {main}
  thrown in C:\xampp\htdocs\bookstore\app\Controllers\AdminController.php on line 337
[04-Dec-2025 00:33:03 Asia/Ho_Chi_Minh] PHP Fatal error:  Uncaught Error: Call to undefined method App\Models\Voucher::getAllVouchers() in C:\xampp\htdocs\bookstore\app\Controllers\AdminController.php:337
Stack trace:
#0 C:\xampp\htdocs\bookstore\public\index.php(213): App\Controllers\AdminController->vouchers()
#1 {main}
  thrown in C:\xampp\htdocs\bookstore\app\Controllers\AdminController.php on line 337
[04-Dec-2025 00:33:03 Asia/Ho_Chi_Minh] PHP Fatal error:  Uncaught Error: Call to undefined method App\Models\Voucher::getAllVouchers() in C:\xampp\htdocs\bookstore\app\Controllers\AdminController.php:337
Stack trace:
#0 C:\xampp\htdocs\bookstore\public\index.php(213): App\Controllers\AdminController->vouchers()
#1 {main}
  thrown in C:\xampp\htdocs\bookstore\app\Controllers\AdminController.php on line 337
[04-Dec-2025 00:33:04 Asia/Ho_Chi_Minh] PHP Fatal error:  Uncaught Error: Call to undefined method App\Models\Voucher::getAllVouchers() in C:\xampp\htdocs\bookstore\app\Controllers\AdminController.php:337
Stack trace:
#0 C:\xampp\htdocs\bookstore\public\index.php(213): App\Controllers\AdminController->vouchers()
#1 {main}
  thrown in C:\xampp\htdocs\bookstore\app\Controllers\AdminController.php on line 337
[04-Dec-2025 00:33:04 Asia/Ho_Chi_Minh] PHP Fatal error:  Uncaught Error: Call to undefined method App\Models\Voucher::getAllVouchers() in C:\xampp\htdocs\bookstore\app\Controllers\AdminController.php:337
Stack trace:
#0 C:\xampp\htdocs\bookstore\public\index.php(213): App\Controllers\AdminController->vouchers()
#1 {main}
  thrown in C:\xampp\htdocs\bookstore\app\Controllers\AdminController.php on line 337
[04-Dec-2025 00:34:59 Asia/Ho_Chi_Minh] Router dispatch - Method: GET, URI: /bookstore/public/cart/count
[04-Dec-2025 00:35:03 Asia/Ho_Chi_Minh] AdminController::users() called
[04-Dec-2025 00:35:03 Asia/Ho_Chi_Minh] Session data: Array
(
    [user] => Array
        (
            [id] => 1
            [ma_nguoi_dung] => 1
            [ten_dang_nhap] => admin
            [ho_ten] => Administrator
            [name] => Administrator
            [email] => admin@bookstore.com
            [so_dien_thoai] => 
            [phone] => 
            [dia_chi] => 
            [address] => 
            [vai_tro] => quan_tri_vien
            [ngay_tao] => 2025-11-18 21:30:54
        )

    [user_id] => 1
    [ten_dang_nhap] => admin
    [user_name] => Administrator
    [vai_tro] => quan_tri_vien
    [role] => admin
    [last_activity] => 1764782946
)

[04-Dec-2025 00:35:03 Asia/Ho_Chi_Minh] Admin authentication passed - loading users
[04-Dec-2025 00:35:03 Asia/Ho_Chi_Minh] Users count: 0
[04-Dec-2025 00:35:04 Asia/Ho_Chi_Minh] AdminController::orders() called
[04-Dec-2025 00:35:04 Asia/Ho_Chi_Minh] Session data: Array
(
    [user] => Array
        (
            [id] => 1
            [ma_nguoi_dung] => 1
            [ten_dang_nhap] => admin
            [ho_ten] => Administrator
            [name] => Administrator
            [email] => admin@bookstore.com
            [so_dien_thoai] => 
            [phone] => 
            [dia_chi] => 
            [address] => 
            [vai_tro] => quan_tri_vien
            [ngay_tao] => 2025-11-18 21:30:54
        )

    [user_id] => 1
    [ten_dang_nhap] => admin
    [user_name] => Administrator
    [vai_tro] => quan_tri_vien
    [role] => admin
    [last_activity] => 1764783303
)

[04-Dec-2025 00:35:04 Asia/Ho_Chi_Minh] Admin authentication passed - loading orders
[04-Dec-2025 00:35:04 Asia/Ho_Chi_Minh] Orders count: 0
[04-Dec-2025 00:35:05 Asia/Ho_Chi_Minh] AdminController::books() called
[04-Dec-2025 00:35:05 Asia/Ho_Chi_Minh] Session data: Array
(
    [user] => Array
        (
            [id] => 1
            [ma_nguoi_dung] => 1
            [ten_dang_nhap] => admin
            [ho_ten] => Administrator
            [name] => Administrator
            [email] => admin@bookstore.com
            [so_dien_thoai] => 
            [phone] => 
            [dia_chi] => 
            [address] => 
            [vai_tro] => quan_tri_vien
            [ngay_tao] => 2025-11-18 21:30:54
        )

    [user_id] => 1
    [ten_dang_nhap] => admin
    [user_name] => Administrator
    [vai_tro] => quan_tri_vien
    [role] => admin
    [last_activity] => 1764783304
)

[04-Dec-2025 00:35:05 Asia/Ho_Chi_Minh] Request URI: /bookstore/public/admin?page=products
[04-Dec-2025 00:35:05 Asia/Ho_Chi_Minh] Admin authentication passed - loading books
[04-Dec-2025 00:35:05 Asia/Ho_Chi_Minh] Books count: 11
[04-Dec-2025 00:35:06 Asia/Ho_Chi_Minh] Router dispatch - Method: GET, URI: /bookstore/public/admin/books/edit/12
[04-Dec-2025 00:35:06 Asia/Ho_Chi_Minh] AdminController::books() called
[04-Dec-2025 00:35:06 Asia/Ho_Chi_Minh] Session data: Array
(
    [user] => Array
        (
            [id] => 1
            [ma_nguoi_dung] => 1
            [ten_dang_nhap] => admin
            [ho_ten] => Administrator
            [name] => Administrator
            [email] => admin@bookstore.com
            [so_dien_thoai] => 
            [phone] => 
            [dia_chi] => 
            [address] => 
            [vai_tro] => quan_tri_vien
            [ngay_tao] => 2025-11-18 21:30:54
        )

    [user_id] => 1
    [ten_dang_nhap] => admin
    [user_name] => Administrator
    [vai_tro] => quan_tri_vien
    [role] => admin
    [last_activity] => 1764783305
    [error] => Không tìm thấy sản phẩm
)

[04-Dec-2025 00:35:06 Asia/Ho_Chi_Minh] Request URI: /bookstore/public/admin?page=products
[04-Dec-2025 00:35:06 Asia/Ho_Chi_Minh] Admin authentication passed - loading books
[04-Dec-2025 00:35:06 Asia/Ho_Chi_Minh] Books count: 11
[04-Dec-2025 00:35:09 Asia/Ho_Chi_Minh] Router dispatch - Method: GET, URI: /bookstore/public/admin/books/create
[04-Dec-2025 00:35:09 Asia/Ho_Chi_Minh] Router dispatch successful
[04-Dec-2025 00:35:10 Asia/Ho_Chi_Minh] Router dispatch - Method: GET, URI: /bookstore/public/cart/count
[04-Dec-2025 00:39:31 Asia/Ho_Chi_Minh] AdminController::books() called
[04-Dec-2025 00:39:31 Asia/Ho_Chi_Minh] Session data: Array
(
    [user] => Array
        (
            [id] => 1
            [ma_nguoi_dung] => 1
            [ten_dang_nhap] => admin
            [ho_ten] => Administrator
            [name] => Administrator
            [email] => admin@bookstore.com
            [so_dien_thoai] => 
            [phone] => 
            [dia_chi] => 
            [address] => 
            [vai_tro] => quan_tri_vien
            [ngay_tao] => 2025-11-18 21:30:54
        )

    [user_id] => 1
    [ten_dang_nhap] => admin
    [user_name] => Administrator
    [vai_tro] => quan_tri_vien
    [role] => admin
    [last_activity] => 1764783306
)

[04-Dec-2025 00:39:31 Asia/Ho_Chi_Minh] Request URI: /bookstore/public/admin?page=products
[04-Dec-2025 00:39:31 Asia/Ho_Chi_Minh] Admin authentication passed - loading books
[04-Dec-2025 00:39:31 Asia/Ho_Chi_Minh] Books count: 11
[04-Dec-2025 00:39:33 Asia/Ho_Chi_Minh] Router dispatch - Method: GET, URI: /bookstore/public/admin/books/create
[04-Dec-2025 00:39:33 Asia/Ho_Chi_Minh] Router dispatch successful
[04-Dec-2025 00:39:34 Asia/Ho_Chi_Minh] Router dispatch - Method: GET, URI: /bookstore/public/cart/count
[04-Dec-2025 00:40:18 Asia/Ho_Chi_Minh] Router dispatch - Method: POST, URI: /bookstore/public/admin/books/create
[04-Dec-2025 00:40:18 Asia/Ho_Chi_Minh] Router dispatch successful
[04-Dec-2025 00:40:28 Asia/Ho_Chi_Minh] Router dispatch - Method: POST, URI: /bookstore/public/admin/books/create
[04-Dec-2025 00:40:28 Asia/Ho_Chi_Minh] Router dispatch successful
[04-Dec-2025 00:41:35 Asia/Ho_Chi_Minh] Router dispatch - Method: POST, URI: /bookstore/public/admin/books/create
[04-Dec-2025 00:41:35 Asia/Ho_Chi_Minh] Router dispatch successful
[04-Dec-2025 00:41:39 Asia/Ho_Chi_Minh] Router dispatch - Method: POST, URI: /bookstore/public/admin/books/create
[04-Dec-2025 00:41:39 Asia/Ho_Chi_Minh] Router dispatch successful
[04-Dec-2025 00:41:39 Asia/Ho_Chi_Minh] Router dispatch - Method: POST, URI: /bookstore/public/admin/books/create
[04-Dec-2025 00:41:39 Asia/Ho_Chi_Minh] Router dispatch successful
[04-Dec-2025 00:41:39 Asia/Ho_Chi_Minh] Router dispatch - Method: POST, URI: /bookstore/public/admin/books/create
[04-Dec-2025 00:41:39 Asia/Ho_Chi_Minh] Router dispatch successful
[04-Dec-2025 00:41:39 Asia/Ho_Chi_Minh] Router dispatch - Method: POST, URI: /bookstore/public/admin/books/create
[04-Dec-2025 00:41:39 Asia/Ho_Chi_Minh] Router dispatch successful
[04-Dec-2025 00:41:40 Asia/Ho_Chi_Minh] Router dispatch - Method: POST, URI: /bookstore/public/admin/books/create
[04-Dec-2025 00:41:40 Asia/Ho_Chi_Minh] Router dispatch successful
[04-Dec-2025 00:54:12 Asia/Ho_Chi_Minh] AdminController::statistics() called
[04-Dec-2025 00:54:12 Asia/Ho_Chi_Minh] Session data: Array
(
    [user] => Array
        (
            [id] => 1
            [ma_nguoi_dung] => 1
            [ten_dang_nhap] => admin
            [ho_ten] => Administrator
            [name] => Administrator
            [email] => admin@bookstore.com
            [so_dien_thoai] => 
            [phone] => 
            [dia_chi] => 
            [address] => 
            [vai_tro] => quan_tri_vien
            [ngay_tao] => 2025-11-18 21:30:54
        )

    [user_id] => 1
    [ten_dang_nhap] => admin
    [user_name] => Administrator
    [vai_tro] => quan_tri_vien
    [role] => admin
    [last_activity] => 1764784164
)

[04-Dec-2025 00:54:12 Asia/Ho_Chi_Minh] Admin authentication passed - loading statistics
[04-Dec-2025 00:54:12 Asia/Ho_Chi_Minh] PHP Fatal error:  Uncaught PDOException: SQLSTATE[42S22]: Column not found: 1054 Unknown column 'ngay_dat' in 'where clause' in C:\xampp\htdocs\bookstore\app\Controllers\AdminController.php:576
Stack trace:
#0 C:\xampp\htdocs\bookstore\app\Controllers\AdminController.php(576): PDO->query('SELECT SUM(tong...')
#1 C:\xampp\htdocs\bookstore\public\index.php(133): App\Controllers\AdminController->statistics()
#2 {main}
  thrown in C:\xampp\htdocs\bookstore\app\Controllers\AdminController.php on line 576
[04-Dec-2025 00:54:20 Asia/Ho_Chi_Minh] AdminController::categories() called
[04-Dec-2025 00:54:20 Asia/Ho_Chi_Minh] Session data: Array
(
    [user] => Array
        (
            [id] => 1
            [ma_nguoi_dung] => 1
            [ten_dang_nhap] => admin
            [ho_ten] => Administrator
            [name] => Administrator
            [email] => admin@bookstore.com
            [so_dien_thoai] => 
            [phone] => 
            [dia_chi] => 
            [address] => 
            [vai_tro] => quan_tri_vien
            [ngay_tao] => 2025-11-18 21:30:54
        )

    [user_id] => 1
    [ten_dang_nhap] => admin
    [user_name] => Administrator
    [vai_tro] => quan_tri_vien
    [role] => admin
    [last_activity] => 1764784164
)

[04-Dec-2025 00:54:20 Asia/Ho_Chi_Minh] Admin authentication passed - loading categories
[04-Dec-2025 00:54:20 Asia/Ho_Chi_Minh] Categories count: 11
[04-Dec-2025 00:54:22 Asia/Ho_Chi_Minh] AdminController::books() called
[04-Dec-2025 00:54:22 Asia/Ho_Chi_Minh] Session data: Array
(
    [user] => Array
        (
            [id] => 1
            [ma_nguoi_dung] => 1
            [ten_dang_nhap] => admin
            [ho_ten] => Administrator
            [name] => Administrator
            [email] => admin@bookstore.com
            [so_dien_thoai] => 
            [phone] => 
            [dia_chi] => 
            [address] => 
            [vai_tro] => quan_tri_vien
            [ngay_tao] => 2025-11-18 21:30:54
        )

    [user_id] => 1
    [ten_dang_nhap] => admin
    [user_name] => Administrator
    [vai_tro] => quan_tri_vien
    [role] => admin
    [last_activity] => 1764784460
)

[04-Dec-2025 00:54:22 Asia/Ho_Chi_Minh] Request URI: /bookstore/public/admin?page=products
[04-Dec-2025 00:54:22 Asia/Ho_Chi_Minh] Admin authentication passed - loading books
[04-Dec-2025 00:54:22 Asia/Ho_Chi_Minh] Books count: 12
[04-Dec-2025 00:54:26 Asia/Ho_Chi_Minh] AdminController::books() called
[04-Dec-2025 00:54:26 Asia/Ho_Chi_Minh] Session data: Array
(
    [user] => Array
        (
            [id] => 1
            [ma_nguoi_dung] => 1
            [ten_dang_nhap] => admin
            [ho_ten] => Administrator
            [name] => Administrator
            [email] => admin@bookstore.com
            [so_dien_thoai] => 
            [phone] => 
            [dia_chi] => 
            [address] => 
            [vai_tro] => quan_tri_vien
            [ngay_tao] => 2025-11-18 21:30:54
        )

    [user_id] => 1
    [ten_dang_nhap] => admin
    [user_name] => Administrator
    [vai_tro] => quan_tri_vien
    [role] => admin
    [last_activity] => 1764784465
)

[04-Dec-2025 00:54:26 Asia/Ho_Chi_Minh] Request URI: /bookstore/public/admin?page=products
[04-Dec-2025 00:54:26 Asia/Ho_Chi_Minh] Admin authentication passed - loading books
[04-Dec-2025 00:54:26 Asia/Ho_Chi_Minh] Books count: 12
[04-Dec-2025 00:54:34 Asia/Ho_Chi_Minh] AdminController::books() called
[04-Dec-2025 00:54:34 Asia/Ho_Chi_Minh] Session data: Array
(
    [user] => Array
        (
            [id] => 1
            [ma_nguoi_dung] => 1
            [ten_dang_nhap] => admin
            [ho_ten] => Administrator
            [name] => Administrator
            [email] => admin@bookstore.com
            [so_dien_thoai] => 
            [phone] => 
            [dia_chi] => 
            [address] => 
            [vai_tro] => quan_tri_vien
            [ngay_tao] => 2025-11-18 21:30:54
        )

    [user_id] => 1
    [ten_dang_nhap] => admin
    [user_name] => Administrator
    [vai_tro] => quan_tri_vien
    [role] => admin
    [last_activity] => 1764784466
)

[04-Dec-2025 00:54:34 Asia/Ho_Chi_Minh] Request URI: /bookstore/public/admin?page=products
[04-Dec-2025 00:54:34 Asia/Ho_Chi_Minh] Admin authentication passed - loading books
[04-Dec-2025 00:54:34 Asia/Ho_Chi_Minh] Books count: 12
[04-Dec-2025 00:55:19 Asia/Ho_Chi_Minh] AdminController::books() called
[04-Dec-2025 00:55:19 Asia/Ho_Chi_Minh] Session data: Array
(
    [user] => Array
        (
            [id] => 1
            [ma_nguoi_dung] => 1
            [ten_dang_nhap] => admin
            [ho_ten] => Administrator
            [name] => Administrator
            [email] => admin@bookstore.com
            [so_dien_thoai] => 
            [phone] => 
            [dia_chi] => 
            [address] => 
            [vai_tro] => quan_tri_vien
            [ngay_tao] => 2025-11-18 21:30:54
        )

    [user_id] => 1
    [ten_dang_nhap] => admin
    [user_name] => Administrator
    [vai_tro] => quan_tri_vien
    [role] => admin
    [last_activity] => 1764784474
)

[04-Dec-2025 00:55:19 Asia/Ho_Chi_Minh] Request URI: /bookstore/public/admin?page=products
[04-Dec-2025 00:55:19 Asia/Ho_Chi_Minh] Admin authentication passed - loading books
[04-Dec-2025 00:55:19 Asia/Ho_Chi_Minh] Books count: 12
[04-Dec-2025 00:56:10 Asia/Ho_Chi_Minh] AdminController::books() called
[04-Dec-2025 00:56:10 Asia/Ho_Chi_Minh] Session data: Array
(
    [user] => Array
        (
            [id] => 1
            [ma_nguoi_dung] => 1
            [ten_dang_nhap] => admin
            [ho_ten] => Administrator
            [name] => Administrator
            [email] => admin@bookstore.com
            [so_dien_thoai] => 
            [phone] => 
            [dia_chi] => 
            [address] => 
            [vai_tro] => quan_tri_vien
            [ngay_tao] => 2025-11-18 21:30:54
        )

    [user_id] => 1
    [ten_dang_nhap] => admin
    [user_name] => Administrator
    [vai_tro] => quan_tri_vien
    [role] => admin
    [last_activity] => 1764784519
    [success] => Thêm sản phẩm thành công!
)

[04-Dec-2025 00:56:10 Asia/Ho_Chi_Minh] Request URI: /bookstore/public/admin?page=products
[04-Dec-2025 00:56:10 Asia/Ho_Chi_Minh] Admin authentication passed - loading books
[04-Dec-2025 00:56:10 Asia/Ho_Chi_Minh] Books count: 13
[04-Dec-2025 00:56:52 Asia/Ho_Chi_Minh] AdminController::books() called
[04-Dec-2025 00:56:52 Asia/Ho_Chi_Minh] Session data: Array
(
    [user] => Array
        (
            [id] => 1
            [ma_nguoi_dung] => 1
            [ten_dang_nhap] => admin
            [ho_ten] => Administrator
            [name] => Administrator
            [email] => admin@bookstore.com
            [so_dien_thoai] => 
            [phone] => 
            [dia_chi] => 
            [address] => 
            [vai_tro] => quan_tri_vien
            [ngay_tao] => 2025-11-18 21:30:54
        )

    [user_id] => 1
    [ten_dang_nhap] => admin
    [user_name] => Administrator
    [vai_tro] => quan_tri_vien
    [role] => admin
    [last_activity] => 1764784570
)

[04-Dec-2025 00:56:52 Asia/Ho_Chi_Minh] Request URI: /bookstore/public/admin?page=products
[04-Dec-2025 00:56:52 Asia/Ho_Chi_Minh] Admin authentication passed - loading books
[04-Dec-2025 00:56:52 Asia/Ho_Chi_Minh] Books count: 13
[04-Dec-2025 00:56:56 Asia/Ho_Chi_Minh] AdminController::books() called
[04-Dec-2025 00:56:56 Asia/Ho_Chi_Minh] Session data: Array
(
    [user] => Array
        (
            [id] => 1
            [ma_nguoi_dung] => 1
            [ten_dang_nhap] => admin
            [ho_ten] => Administrator
            [name] => Administrator
            [email] => admin@bookstore.com
            [so_dien_thoai] => 
            [phone] => 
            [dia_chi] => 
            [address] => 
            [vai_tro] => quan_tri_vien
            [ngay_tao] => 2025-11-18 21:30:54
        )

    [user_id] => 1
    [ten_dang_nhap] => admin
    [user_name] => Administrator
    [vai_tro] => quan_tri_vien
    [role] => admin
    [last_activity] => 1764784612
    [success] => Xóa sản phẩm thành công!
)

[04-Dec-2025 00:56:56 Asia/Ho_Chi_Minh] Request URI: /bookstore/public/admin?page=products
[04-Dec-2025 00:56:56 Asia/Ho_Chi_Minh] Admin authentication passed - loading books
[04-Dec-2025 00:56:56 Asia/Ho_Chi_Minh] Books count: 12
[04-Dec-2025 00:58:15 Asia/Ho_Chi_Minh] AdminController::books() called
[04-Dec-2025 00:58:15 Asia/Ho_Chi_Minh] Session data: Array
(
    [user] => Array
        (
            [id] => 1
            [ma_nguoi_dung] => 1
            [ten_dang_nhap] => admin
            [ho_ten] => Administrator
            [name] => Administrator
            [email] => admin@bookstore.com
            [so_dien_thoai] => 
            [phone] => 
            [dia_chi] => 
            [address] => 
            [vai_tro] => quan_tri_vien
            [ngay_tao] => 2025-11-18 21:30:54
        )

    [user_id] => 1
    [ten_dang_nhap] => admin
    [user_name] => Administrator
    [vai_tro] => quan_tri_vien
    [role] => admin
    [last_activity] => 1764784616
    [success] => Cập nhật sản phẩm thành công!
)

[04-Dec-2025 00:58:15 Asia/Ho_Chi_Minh] Request URI: /bookstore/public/admin?page=products
[04-Dec-2025 00:58:15 Asia/Ho_Chi_Minh] Admin authentication passed - loading books
[04-Dec-2025 00:58:15 Asia/Ho_Chi_Minh] Books count: 12
[04-Dec-2025 00:58:28 Asia/Ho_Chi_Minh] AdminController::books() called
[04-Dec-2025 00:58:28 Asia/Ho_Chi_Minh] Session data: Array
(
    [user] => Array
        (
            [id] => 1
            [ma_nguoi_dung] => 1
            [ten_dang_nhap] => admin
            [ho_ten] => Administrator
            [name] => Administrator
            [email] => admin@bookstore.com
            [so_dien_thoai] => 
            [phone] => 
            [dia_chi] => 
            [address] => 
            [vai_tro] => quan_tri_vien
            [ngay_tao] => 2025-11-18 21:30:54
        )

    [user_id] => 1
    [ten_dang_nhap] => admin
    [user_name] => Administrator
    [vai_tro] => quan_tri_vien
    [role] => admin
    [last_activity] => 1764784695
    [success] => Cập nhật sản phẩm thành công!
)

[04-Dec-2025 00:58:28 Asia/Ho_Chi_Minh] Request URI: /bookstore/public/admin?page=products
[04-Dec-2025 00:58:28 Asia/Ho_Chi_Minh] Admin authentication passed - loading books
[04-Dec-2025 00:58:28 Asia/Ho_Chi_Minh] Books count: 12
[04-Dec-2025 00:59:26 Asia/Ho_Chi_Minh] AdminController::books() called
[04-Dec-2025 00:59:26 Asia/Ho_Chi_Minh] Session data: Array
(
    [user] => Array
        (
            [id] => 1
            [ma_nguoi_dung] => 1
            [ten_dang_nhap] => admin
            [ho_ten] => Administrator
            [name] => Administrator
            [email] => admin@bookstore.com
            [so_dien_thoai] => 
            [phone] => 
            [dia_chi] => 
            [address] => 
            [vai_tro] => quan_tri_vien
            [ngay_tao] => 2025-11-18 21:30:54
        )

    [user_id] => 1
    [ten_dang_nhap] => admin
    [user_name] => Administrator
    [vai_tro] => quan_tri_vien
    [role] => admin
    [last_activity] => 1764784708
)

[04-Dec-2025 00:59:26 Asia/Ho_Chi_Minh] Request URI: /bookstore/public/admin?page=products
[04-Dec-2025 00:59:26 Asia/Ho_Chi_Minh] Admin authentication passed - loading books
[04-Dec-2025 00:59:26 Asia/Ho_Chi_Minh] Books count: 12
[04-Dec-2025 00:59:29 Asia/Ho_Chi_Minh] AdminController::books() called
[04-Dec-2025 00:59:29 Asia/Ho_Chi_Minh] Session data: Array
(
    [user] => Array
        (
            [id] => 1
            [ma_nguoi_dung] => 1
            [ten_dang_nhap] => admin
            [ho_ten] => Administrator
            [name] => Administrator
            [email] => admin@bookstore.com
            [so_dien_thoai] => 
            [phone] => 
            [dia_chi] => 
            [address] => 
            [vai_tro] => quan_tri_vien
            [ngay_tao] => 2025-11-18 21:30:54
        )

    [user_id] => 1
    [ten_dang_nhap] => admin
    [user_name] => Administrator
    [vai_tro] => quan_tri_vien
    [role] => admin
    [last_activity] => 1764784766
)

[04-Dec-2025 00:59:29 Asia/Ho_Chi_Minh] Request URI: /bookstore/public/admin?page=products
[04-Dec-2025 00:59:29 Asia/Ho_Chi_Minh] Admin authentication passed - loading books
[04-Dec-2025 00:59:29 Asia/Ho_Chi_Minh] Books count: 12
[04-Dec-2025 00:59:29 Asia/Ho_Chi_Minh] AdminController::books() called
[04-Dec-2025 00:59:29 Asia/Ho_Chi_Minh] Session data: Array
(
    [user] => Array
        (
            [id] => 1
            [ma_nguoi_dung] => 1
            [ten_dang_nhap] => admin
            [ho_ten] => Administrator
            [name] => Administrator
            [email] => admin@bookstore.com
            [so_dien_thoai] => 
            [phone] => 
            [dia_chi] => 
            [address] => 
            [vai_tro] => quan_tri_vien
            [ngay_tao] => 2025-11-18 21:30:54
        )

    [user_id] => 1
    [ten_dang_nhap] => admin
    [user_name] => Administrator
    [vai_tro] => quan_tri_vien
    [role] => admin
    [last_activity] => 1764784769
)

[04-Dec-2025 00:59:29 Asia/Ho_Chi_Minh] Request URI: /bookstore/public/admin?page=products
[04-Dec-2025 00:59:29 Asia/Ho_Chi_Minh] Admin authentication passed - loading books
[04-Dec-2025 00:59:29 Asia/Ho_Chi_Minh] Books count: 12
[04-Dec-2025 00:59:29 Asia/Ho_Chi_Minh] AdminController::books() called
[04-Dec-2025 00:59:29 Asia/Ho_Chi_Minh] Session data: Array
(
    [user] => Array
        (
            [id] => 1
            [ma_nguoi_dung] => 1
            [ten_dang_nhap] => admin
            [ho_ten] => Administrator
            [name] => Administrator
            [email] => admin@bookstore.com
            [so_dien_thoai] => 
            [phone] => 
            [dia_chi] => 
            [address] => 
            [vai_tro] => quan_tri_vien
            [ngay_tao] => 2025-11-18 21:30:54
        )

    [user_id] => 1
    [ten_dang_nhap] => admin
    [user_name] => Administrator
    [vai_tro] => quan_tri_vien
    [role] => admin
    [last_activity] => 1764784769
)

[04-Dec-2025 00:59:29 Asia/Ho_Chi_Minh] Request URI: /bookstore/public/admin?page=products
[04-Dec-2025 00:59:29 Asia/Ho_Chi_Minh] Admin authentication passed - loading books
[04-Dec-2025 00:59:29 Asia/Ho_Chi_Minh] Books count: 12
[04-Dec-2025 00:59:29 Asia/Ho_Chi_Minh] AdminController::books() called
[04-Dec-2025 00:59:29 Asia/Ho_Chi_Minh] Session data: Array
(
    [user] => Array
        (
            [id] => 1
            [ma_nguoi_dung] => 1
            [ten_dang_nhap] => admin
            [ho_ten] => Administrator
            [name] => Administrator
            [email] => admin@bookstore.com
            [so_dien_thoai] => 
            [phone] => 
            [dia_chi] => 
            [address] => 
            [vai_tro] => quan_tri_vien
            [ngay_tao] => 2025-11-18 21:30:54
        )

    [user_id] => 1
    [ten_dang_nhap] => admin
    [user_name] => Administrator
    [vai_tro] => quan_tri_vien
    [role] => admin
    [last_activity] => 1764784769
)

[04-Dec-2025 00:59:29 Asia/Ho_Chi_Minh] Request URI: /bookstore/public/admin?page=products
[04-Dec-2025 00:59:29 Asia/Ho_Chi_Minh] Admin authentication passed - loading books
[04-Dec-2025 00:59:29 Asia/Ho_Chi_Minh] Books count: 12
[04-Dec-2025 01:00:33 Asia/Ho_Chi_Minh] AdminController::books() called
[04-Dec-2025 01:00:33 Asia/Ho_Chi_Minh] Session data: Array
(
    [user] => Array
        (
            [id] => 1
            [ma_nguoi_dung] => 1
            [ten_dang_nhap] => admin
            [ho_ten] => Administrator
            [name] => Administrator
            [email] => admin@bookstore.com
            [so_dien_thoai] => 
            [phone] => 
            [dia_chi] => 
            [address] => 
            [vai_tro] => quan_tri_vien
            [ngay_tao] => 2025-11-18 21:30:54
        )

    [user_id] => 1
    [ten_dang_nhap] => admin
    [user_name] => Administrator
    [vai_tro] => quan_tri_vien
    [role] => admin
    [last_activity] => 1764784769
)

[04-Dec-2025 01:00:33 Asia/Ho_Chi_Minh] Request URI: /bookstore/public/admin?page=products
[04-Dec-2025 01:00:33 Asia/Ho_Chi_Minh] Admin authentication passed - loading books
[04-Dec-2025 01:00:33 Asia/Ho_Chi_Minh] Books count: 12
[04-Dec-2025 01:00:35 Asia/Ho_Chi_Minh] AdminController::books() called
[04-Dec-2025 01:00:35 Asia/Ho_Chi_Minh] Session data: Array
(
    [user] => Array
        (
            [id] => 1
            [ma_nguoi_dung] => 1
            [ten_dang_nhap] => admin
            [ho_ten] => Administrator
            [name] => Administrator
            [email] => admin@bookstore.com
            [so_dien_thoai] => 
            [phone] => 
            [dia_chi] => 
            [address] => 
            [vai_tro] => quan_tri_vien
            [ngay_tao] => 2025-11-18 21:30:54
        )

    [user_id] => 1
    [ten_dang_nhap] => admin
    [user_name] => Administrator
    [vai_tro] => quan_tri_vien
    [role] => admin
    [last_activity] => 1764784833
)

[04-Dec-2025 01:00:35 Asia/Ho_Chi_Minh] Request URI: /bookstore/public/admin?page=products
[04-Dec-2025 01:00:35 Asia/Ho_Chi_Minh] Admin authentication passed - loading books
[04-Dec-2025 01:00:35 Asia/Ho_Chi_Minh] Books count: 12
[04-Dec-2025 01:00:35 Asia/Ho_Chi_Minh] AdminController::books() called
[04-Dec-2025 01:00:35 Asia/Ho_Chi_Minh] Session data: Array
(
    [user] => Array
        (
            [id] => 1
            [ma_nguoi_dung] => 1
            [ten_dang_nhap] => admin
            [ho_ten] => Administrator
            [name] => Administrator
            [email] => admin@bookstore.com
            [so_dien_thoai] => 
            [phone] => 
            [dia_chi] => 
            [address] => 
            [vai_tro] => quan_tri_vien
            [ngay_tao] => 2025-11-18 21:30:54
        )

    [user_id] => 1
    [ten_dang_nhap] => admin
    [user_name] => Administrator
    [vai_tro] => quan_tri_vien
    [role] => admin
    [last_activity] => 1764784835
)

[04-Dec-2025 01:00:35 Asia/Ho_Chi_Minh] Request URI: /bookstore/public/admin?page=products
[04-Dec-2025 01:00:35 Asia/Ho_Chi_Minh] Admin authentication passed - loading books
[04-Dec-2025 01:00:35 Asia/Ho_Chi_Minh] Books count: 12
[04-Dec-2025 01:00:35 Asia/Ho_Chi_Minh] AdminController::books() called
[04-Dec-2025 01:00:35 Asia/Ho_Chi_Minh] Session data: Array
(
    [user] => Array
        (
            [id] => 1
            [ma_nguoi_dung] => 1
            [ten_dang_nhap] => admin
            [ho_ten] => Administrator
            [name] => Administrator
            [email] => admin@bookstore.com
            [so_dien_thoai] => 
            [phone] => 
            [dia_chi] => 
            [address] => 
            [vai_tro] => quan_tri_vien
            [ngay_tao] => 2025-11-18 21:30:54
        )

    [user_id] => 1
    [ten_dang_nhap] => admin
    [user_name] => Administrator
    [vai_tro] => quan_tri_vien
    [role] => admin
    [last_activity] => 1764784835
)

[04-Dec-2025 01:00:35 Asia/Ho_Chi_Minh] Request URI: /bookstore/public/admin?page=products
[04-Dec-2025 01:00:35 Asia/Ho_Chi_Minh] Admin authentication passed - loading books
[04-Dec-2025 01:00:35 Asia/Ho_Chi_Minh] Books count: 12
[04-Dec-2025 01:00:35 Asia/Ho_Chi_Minh] AdminController::books() called
[04-Dec-2025 01:00:35 Asia/Ho_Chi_Minh] Session data: Array
(
    [user] => Array
        (
            [id] => 1
            [ma_nguoi_dung] => 1
            [ten_dang_nhap] => admin
            [ho_ten] => Administrator
            [name] => Administrator
            [email] => admin@bookstore.com
            [so_dien_thoai] => 
            [phone] => 
            [dia_chi] => 
            [address] => 
            [vai_tro] => quan_tri_vien
            [ngay_tao] => 2025-11-18 21:30:54
        )

    [user_id] => 1
    [ten_dang_nhap] => admin
    [user_name] => Administrator
    [vai_tro] => quan_tri_vien
    [role] => admin
    [last_activity] => 1764784835
)

[04-Dec-2025 01:00:35 Asia/Ho_Chi_Minh] Request URI: /bookstore/public/admin?page=products
[04-Dec-2025 01:00:35 Asia/Ho_Chi_Minh] Admin authentication passed - loading books
[04-Dec-2025 01:00:35 Asia/Ho_Chi_Minh] Books count: 12
[04-Dec-2025 01:00:36 Asia/Ho_Chi_Minh] AdminController::orders() called
[04-Dec-2025 01:00:36 Asia/Ho_Chi_Minh] Session data: Array
(
    [user] => Array
        (
            [id] => 1
            [ma_nguoi_dung] => 1
            [ten_dang_nhap] => admin
            [ho_ten] => Administrator
            [name] => Administrator
            [email] => admin@bookstore.com
            [so_dien_thoai] => 
            [phone] => 
            [dia_chi] => 
            [address] => 
            [vai_tro] => quan_tri_vien
            [ngay_tao] => 2025-11-18 21:30:54
        )

    [user_id] => 1
    [ten_dang_nhap] => admin
    [user_name] => Administrator
    [vai_tro] => quan_tri_vien
    [role] => admin
    [last_activity] => 1764784835
)

[04-Dec-2025 01:00:36 Asia/Ho_Chi_Minh] Admin authentication passed - loading orders
[04-Dec-2025 01:00:36 Asia/Ho_Chi_Minh] Orders count: 0
[04-Dec-2025 01:00:37 Asia/Ho_Chi_Minh] AdminController::users() called
[04-Dec-2025 01:00:37 Asia/Ho_Chi_Minh] Session data: Array
(
    [user] => Array
        (
            [id] => 1
            [ma_nguoi_dung] => 1
            [ten_dang_nhap] => admin
            [ho_ten] => Administrator
            [name] => Administrator
            [email] => admin@bookstore.com
            [so_dien_thoai] => 
            [phone] => 
            [dia_chi] => 
            [address] => 
            [vai_tro] => quan_tri_vien
            [ngay_tao] => 2025-11-18 21:30:54
        )

    [user_id] => 1
    [ten_dang_nhap] => admin
    [user_name] => Administrator
    [vai_tro] => quan_tri_vien
    [role] => admin
    [last_activity] => 1764784836
)

[04-Dec-2025 01:00:37 Asia/Ho_Chi_Minh] Admin authentication passed - loading users
[04-Dec-2025 01:00:37 Asia/Ho_Chi_Minh] Users count: 0
[04-Dec-2025 01:00:45 Asia/Ho_Chi_Minh] AdminController::categories() called
[04-Dec-2025 01:00:45 Asia/Ho_Chi_Minh] Session data: Array
(
    [user] => Array
        (
            [id] => 1
            [ma_nguoi_dung] => 1
            [ten_dang_nhap] => admin
            [ho_ten] => Administrator
            [name] => Administrator
            [email] => admin@bookstore.com
            [so_dien_thoai] => 
            [phone] => 
            [dia_chi] => 
            [address] => 
            [vai_tro] => quan_tri_vien
            [ngay_tao] => 2025-11-18 21:30:54
        )

    [user_id] => 1
    [ten_dang_nhap] => admin
    [user_name] => Administrator
    [vai_tro] => quan_tri_vien
    [role] => admin
    [last_activity] => 1764784837
)

[04-Dec-2025 01:00:45 Asia/Ho_Chi_Minh] Admin authentication passed - loading categories
[04-Dec-2025 01:00:45 Asia/Ho_Chi_Minh] Categories count: 11
[04-Dec-2025 01:00:54 Asia/Ho_Chi_Minh] AdminController::statistics() called
[04-Dec-2025 01:00:54 Asia/Ho_Chi_Minh] Session data: Array
(
    [user] => Array
        (
            [id] => 1
            [ma_nguoi_dung] => 1
            [ten_dang_nhap] => admin
            [ho_ten] => Administrator
            [name] => Administrator
            [email] => admin@bookstore.com
            [so_dien_thoai] => 
            [phone] => 
            [dia_chi] => 
            [address] => 
            [vai_tro] => quan_tri_vien
            [ngay_tao] => 2025-11-18 21:30:54
        )

    [user_id] => 1
    [ten_dang_nhap] => admin
    [user_name] => Administrator
    [vai_tro] => quan_tri_vien
    [role] => admin
    [last_activity] => 1764784845
)

[04-Dec-2025 01:00:54 Asia/Ho_Chi_Minh] Admin authentication passed - loading statistics
[04-Dec-2025 01:00:54 Asia/Ho_Chi_Minh] PHP Fatal error:  Uncaught PDOException: SQLSTATE[42S22]: Column not found: 1054 Unknown column 'ngay_dat' in 'where clause' in C:\xampp\htdocs\bookstore\app\Controllers\AdminController.php:680
Stack trace:
#0 C:\xampp\htdocs\bookstore\app\Controllers\AdminController.php(680): PDO->query('SELECT SUM(tong...')
#1 C:\xampp\htdocs\bookstore\public\index.php(133): App\Controllers\AdminController->statistics()
#2 {main}
  thrown in C:\xampp\htdocs\bookstore\app\Controllers\AdminController.php on line 680
[04-Dec-2025 01:00:57 Asia/Ho_Chi_Minh] AdminController::books() called
[04-Dec-2025 01:00:57 Asia/Ho_Chi_Minh] Session data: Array
(
    [user] => Array
        (
            [id] => 1
            [ma_nguoi_dung] => 1
            [ten_dang_nhap] => admin
            [ho_ten] => Administrator
            [name] => Administrator
            [email] => admin@bookstore.com
            [so_dien_thoai] => 
            [phone] => 
            [dia_chi] => 
            [address] => 
            [vai_tro] => quan_tri_vien
            [ngay_tao] => 2025-11-18 21:30:54
        )

    [user_id] => 1
    [ten_dang_nhap] => admin
    [user_name] => Administrator
    [vai_tro] => quan_tri_vien
    [role] => admin
    [last_activity] => 1764784857
)

[04-Dec-2025 01:00:57 Asia/Ho_Chi_Minh] Request URI: /bookstore/public/admin?page=products
[04-Dec-2025 01:00:57 Asia/Ho_Chi_Minh] Admin authentication passed - loading books
[04-Dec-2025 01:00:57 Asia/Ho_Chi_Minh] Books count: 12
[04-Dec-2025 01:03:56 Asia/Ho_Chi_Minh] AdminController::books() called
[04-Dec-2025 01:03:56 Asia/Ho_Chi_Minh] Session data: Array
(
    [user] => Array
        (
            [id] => 1
            [ma_nguoi_dung] => 1
            [ten_dang_nhap] => admin
            [ho_ten] => Administrator
            [name] => Administrator
            [email] => admin@bookstore.com
            [so_dien_thoai] => 
            [phone] => 
            [dia_chi] => 
            [address] => 
            [vai_tro] => quan_tri_vien
            [ngay_tao] => 2025-11-18 21:30:54
        )

    [user_id] => 1
    [ten_dang_nhap] => admin
    [user_name] => Administrator
    [vai_tro] => quan_tri_vien
    [role] => admin
    [last_activity] => 1764784857
)

[04-Dec-2025 01:03:56 Asia/Ho_Chi_Minh] Request URI: /bookstore/public/admin?page=products
[04-Dec-2025 01:03:56 Asia/Ho_Chi_Minh] Admin authentication passed - loading books
[04-Dec-2025 01:03:56 Asia/Ho_Chi_Minh] Books count: 12
[04-Dec-2025 01:03:57 Asia/Ho_Chi_Minh] AdminController::books() called
[04-Dec-2025 01:03:57 Asia/Ho_Chi_Minh] Session data: Array
(
    [user] => Array
        (
            [id] => 1
            [ma_nguoi_dung] => 1
            [ten_dang_nhap] => admin
            [ho_ten] => Administrator
            [name] => Administrator
            [email] => admin@bookstore.com
            [so_dien_thoai] => 
            [phone] => 
            [dia_chi] => 
            [address] => 
            [vai_tro] => quan_tri_vien
            [ngay_tao] => 2025-11-18 21:30:54
        )

    [user_id] => 1
    [ten_dang_nhap] => admin
    [user_name] => Administrator
    [vai_tro] => quan_tri_vien
    [role] => admin
    [last_activity] => 1764785036
)

[04-Dec-2025 01:03:57 Asia/Ho_Chi_Minh] Request URI: /bookstore/public/admin?page=products
[04-Dec-2025 01:03:57 Asia/Ho_Chi_Minh] Admin authentication passed - loading books
[04-Dec-2025 01:03:57 Asia/Ho_Chi_Minh] Books count: 12
[04-Dec-2025 01:06:41 Asia/Ho_Chi_Minh] AdminController::books() called
[04-Dec-2025 01:06:41 Asia/Ho_Chi_Minh] Session data: Array
(
    [user] => Array
        (
            [id] => 1
            [ma_nguoi_dung] => 1
            [ten_dang_nhap] => admin
            [ho_ten] => Administrator
            [name] => Administrator
            [email] => admin@bookstore.com
            [so_dien_thoai] => 
            [phone] => 
            [dia_chi] => 
            [address] => 
            [vai_tro] => quan_tri_vien
            [ngay_tao] => 2025-11-18 21:30:54
        )

    [user_id] => 1
    [ten_dang_nhap] => admin
    [user_name] => Administrator
    [vai_tro] => quan_tri_vien
    [role] => admin
    [last_activity] => 1764785037
)

[04-Dec-2025 01:06:41 Asia/Ho_Chi_Minh] Request URI: /bookstore/public/admin?page=products
[04-Dec-2025 01:06:41 Asia/Ho_Chi_Minh] Admin authentication passed - loading books
[04-Dec-2025 01:06:41 Asia/Ho_Chi_Minh] Books count: 12
[04-Dec-2025 01:06:52 Asia/Ho_Chi_Minh] AdminController::books() called
[04-Dec-2025 01:06:52 Asia/Ho_Chi_Minh] Session data: Array
(
    [user] => Array
        (
            [id] => 1
            [ma_nguoi_dung] => 1
            [ten_dang_nhap] => admin
            [ho_ten] => Administrator
            [name] => Administrator
            [email] => admin@bookstore.com
            [so_dien_thoai] => 
            [phone] => 
            [dia_chi] => 
            [address] => 
            [vai_tro] => quan_tri_vien
            [ngay_tao] => 2025-11-18 21:30:54
        )

    [user_id] => 1
    [ten_dang_nhap] => admin
    [user_name] => Administrator
    [vai_tro] => quan_tri_vien
    [role] => admin
    [last_activity] => 1764785201
    [success] => Cập nhật sản phẩm thành công!
)

[04-Dec-2025 01:06:52 Asia/Ho_Chi_Minh] Request URI: /bookstore/public/admin?page=products
[04-Dec-2025 01:06:52 Asia/Ho_Chi_Minh] Admin authentication passed - loading books
[04-Dec-2025 01:06:52 Asia/Ho_Chi_Minh] Books count: 12
[04-Dec-2025 01:06:54 Asia/Ho_Chi_Minh] AdminController::books() called
[04-Dec-2025 01:06:54 Asia/Ho_Chi_Minh] Session data: Array
(
    [user] => Array
        (
            [id] => 1
            [ma_nguoi_dung] => 1
            [ten_dang_nhap] => admin
            [ho_ten] => Administrator
            [name] => Administrator
            [email] => admin@bookstore.com
            [so_dien_thoai] => 
            [phone] => 
            [dia_chi] => 
            [address] => 
            [vai_tro] => quan_tri_vien
            [ngay_tao] => 2025-11-18 21:30:54
        )

    [user_id] => 1
    [ten_dang_nhap] => admin
    [user_name] => Administrator
    [vai_tro] => quan_tri_vien
    [role] => admin
    [last_activity] => 1764785212
)

[04-Dec-2025 01:06:54 Asia/Ho_Chi_Minh] Request URI: /bookstore/public/admin?page=products
[04-Dec-2025 01:06:54 Asia/Ho_Chi_Minh] Admin authentication passed - loading books
[04-Dec-2025 01:06:54 Asia/Ho_Chi_Minh] Books count: 12
[04-Dec-2025 01:08:42 Asia/Ho_Chi_Minh] AdminController::books() called
[04-Dec-2025 01:08:42 Asia/Ho_Chi_Minh] Session data: Array
(
    [user] => Array
        (
            [id] => 1
            [ma_nguoi_dung] => 1
            [ten_dang_nhap] => admin
            [ho_ten] => Administrator
            [name] => Administrator
            [email] => admin@bookstore.com
            [so_dien_thoai] => 
            [phone] => 
            [dia_chi] => 
            [address] => 
            [vai_tro] => quan_tri_vien
            [ngay_tao] => 2025-11-18 21:30:54
        )

    [user_id] => 1
    [ten_dang_nhap] => admin
    [user_name] => Administrator
    [vai_tro] => quan_tri_vien
    [role] => admin
    [last_activity] => 1764785214
    [success] => Thêm sản phẩm thành công!
)

[04-Dec-2025 01:08:42 Asia/Ho_Chi_Minh] Request URI: /bookstore/public/admin?page=products
[04-Dec-2025 01:08:42 Asia/Ho_Chi_Minh] Admin authentication passed - loading books
[04-Dec-2025 01:08:42 Asia/Ho_Chi_Minh] Books count: 13
[04-Dec-2025 01:09:13 Asia/Ho_Chi_Minh] AdminController::books() called
[04-Dec-2025 01:09:13 Asia/Ho_Chi_Minh] Session data: Array
(
    [user] => Array
        (
            [id] => 1
            [ma_nguoi_dung] => 1
            [ten_dang_nhap] => admin
            [ho_ten] => Administrator
            [name] => Administrator
            [email] => admin@bookstore.com
            [so_dien_thoai] => 
            [phone] => 
            [dia_chi] => 
            [address] => 
            [vai_tro] => quan_tri_vien
            [ngay_tao] => 2025-11-18 21:30:54
        )

    [user_id] => 1
    [ten_dang_nhap] => admin
    [user_name] => Administrator
    [vai_tro] => quan_tri_vien
    [role] => admin
    [last_activity] => 1764785322
    [success] => Thêm sản phẩm thành công!
)

[04-Dec-2025 01:09:13 Asia/Ho_Chi_Minh] Request URI: /bookstore/public/admin?page=products
[04-Dec-2025 01:09:13 Asia/Ho_Chi_Minh] Admin authentication passed - loading books
[04-Dec-2025 01:09:13 Asia/Ho_Chi_Minh] Books count: 14
[04-Dec-2025 01:09:16 Asia/Ho_Chi_Minh] AdminController::books() called
[04-Dec-2025 01:09:16 Asia/Ho_Chi_Minh] Session data: Array
(
    [user] => Array
        (
            [id] => 1
            [ma_nguoi_dung] => 1
            [ten_dang_nhap] => admin
            [ho_ten] => Administrator
            [name] => Administrator
            [email] => admin@bookstore.com
            [so_dien_thoai] => 
            [phone] => 
            [dia_chi] => 
            [address] => 
            [vai_tro] => quan_tri_vien
            [ngay_tao] => 2025-11-18 21:30:54
        )

    [user_id] => 1
    [ten_dang_nhap] => admin
    [user_name] => Administrator
    [vai_tro] => quan_tri_vien
    [role] => admin
    [last_activity] => 1764785353
    [success] => Xóa sản phẩm thành công!
)

[04-Dec-2025 01:09:16 Asia/Ho_Chi_Minh] Request URI: /bookstore/public/admin?page=products
[04-Dec-2025 01:09:16 Asia/Ho_Chi_Minh] Admin authentication passed - loading books
[04-Dec-2025 01:09:16 Asia/Ho_Chi_Minh] Books count: 13
[04-Dec-2025 01:09:18 Asia/Ho_Chi_Minh] AdminController::orders() called
[04-Dec-2025 01:09:18 Asia/Ho_Chi_Minh] Session data: Array
(
    [user] => Array
        (
            [id] => 1
            [ma_nguoi_dung] => 1
            [ten_dang_nhap] => admin
            [ho_ten] => Administrator
            [name] => Administrator
            [email] => admin@bookstore.com
            [so_dien_thoai] => 
            [phone] => 
            [dia_chi] => 
            [address] => 
            [vai_tro] => quan_tri_vien
            [ngay_tao] => 2025-11-18 21:30:54
        )

    [user_id] => 1
    [ten_dang_nhap] => admin
    [user_name] => Administrator
    [vai_tro] => quan_tri_vien
    [role] => admin
    [last_activity] => 1764785356
)

[04-Dec-2025 01:09:18 Asia/Ho_Chi_Minh] Admin authentication passed - loading orders
[04-Dec-2025 01:09:18 Asia/Ho_Chi_Minh] Orders count: 0
[04-Dec-2025 01:09:20 Asia/Ho_Chi_Minh] AdminController::orders() called
[04-Dec-2025 01:09:20 Asia/Ho_Chi_Minh] Session data: Array
(
    [user] => Array
        (
            [id] => 1
            [ma_nguoi_dung] => 1
            [ten_dang_nhap] => admin
            [ho_ten] => Administrator
            [name] => Administrator
            [email] => admin@bookstore.com
            [so_dien_thoai] => 
            [phone] => 
            [dia_chi] => 
            [address] => 
            [vai_tro] => quan_tri_vien
            [ngay_tao] => 2025-11-18 21:30:54
        )

    [user_id] => 1
    [ten_dang_nhap] => admin
    [user_name] => Administrator
    [vai_tro] => quan_tri_vien
    [role] => admin
    [last_activity] => 1764785358
)

[04-Dec-2025 01:09:20 Asia/Ho_Chi_Minh] Admin authentication passed - loading orders
[04-Dec-2025 01:09:20 Asia/Ho_Chi_Minh] Orders count: 0
[04-Dec-2025 01:09:21 Asia/Ho_Chi_Minh] AdminController::users() called
[04-Dec-2025 01:09:21 Asia/Ho_Chi_Minh] Session data: Array
(
    [user] => Array
        (
            [id] => 1
            [ma_nguoi_dung] => 1
            [ten_dang_nhap] => admin
            [ho_ten] => Administrator
            [name] => Administrator
            [email] => admin@bookstore.com
            [so_dien_thoai] => 
            [phone] => 
            [dia_chi] => 
            [address] => 
            [vai_tro] => quan_tri_vien
            [ngay_tao] => 2025-11-18 21:30:54
        )

    [user_id] => 1
    [ten_dang_nhap] => admin
    [user_name] => Administrator
    [vai_tro] => quan_tri_vien
    [role] => admin
    [last_activity] => 1764785360
)

[04-Dec-2025 01:09:21 Asia/Ho_Chi_Minh] Admin authentication passed - loading users
[04-Dec-2025 01:09:21 Asia/Ho_Chi_Minh] Users count: 0
[04-Dec-2025 01:09:28 Asia/Ho_Chi_Minh] AdminController::orders() called
[04-Dec-2025 01:09:28 Asia/Ho_Chi_Minh] Session data: Array
(
    [user] => Array
        (
            [id] => 1
            [ma_nguoi_dung] => 1
            [ten_dang_nhap] => admin
            [ho_ten] => Administrator
            [name] => Administrator
            [email] => admin@bookstore.com
            [so_dien_thoai] => 
            [phone] => 
            [dia_chi] => 
            [address] => 
            [vai_tro] => quan_tri_vien
            [ngay_tao] => 2025-11-18 21:30:54
        )

    [user_id] => 1
    [ten_dang_nhap] => admin
    [user_name] => Administrator
    [vai_tro] => quan_tri_vien
    [role] => admin
    [last_activity] => 1764785361
)

[04-Dec-2025 01:09:28 Asia/Ho_Chi_Minh] Admin authentication passed - loading orders
[04-Dec-2025 01:09:28 Asia/Ho_Chi_Minh] Orders count: 0
[04-Dec-2025 01:09:29 Asia/Ho_Chi_Minh] AdminController::orders() called
[04-Dec-2025 01:09:29 Asia/Ho_Chi_Minh] Session data: Array
(
    [user] => Array
        (
            [id] => 1
            [ma_nguoi_dung] => 1
            [ten_dang_nhap] => admin
            [ho_ten] => Administrator
            [name] => Administrator
            [email] => admin@bookstore.com
            [so_dien_thoai] => 
            [phone] => 
            [dia_chi] => 
            [address] => 
            [vai_tro] => quan_tri_vien
            [ngay_tao] => 2025-11-18 21:30:54
        )

    [user_id] => 1
    [ten_dang_nhap] => admin
    [user_name] => Administrator
    [vai_tro] => quan_tri_vien
    [role] => admin
    [last_activity] => 1764785368
)

[04-Dec-2025 01:09:29 Asia/Ho_Chi_Minh] Admin authentication passed - loading orders
[04-Dec-2025 01:09:29 Asia/Ho_Chi_Minh] Orders count: 0
[04-Dec-2025 01:14:22 Asia/Ho_Chi_Minh] AdminController::orders() called
[04-Dec-2025 01:14:22 Asia/Ho_Chi_Minh] Session data: Array
(
    [user] => Array
        (
            [id] => 1
            [ma_nguoi_dung] => 1
            [ten_dang_nhap] => admin
            [ho_ten] => Administrator
            [name] => Administrator
            [email] => admin@bookstore.com
            [so_dien_thoai] => 
            [phone] => 
            [dia_chi] => 
            [address] => 
            [vai_tro] => quan_tri_vien
            [ngay_tao] => 2025-11-18 21:30:54
        )

    [user_id] => 1
    [ten_dang_nhap] => admin
    [user_name] => Administrator
    [vai_tro] => quan_tri_vien
    [role] => admin
    [last_activity] => 1764785369
)

[04-Dec-2025 01:14:22 Asia/Ho_Chi_Minh] Admin authentication passed - loading orders
[04-Dec-2025 01:14:22 Asia/Ho_Chi_Minh] PHP Fatal error:  Uncaught Error: Call to undefined method App\Models\Order::getOrderTable() in C:\xampp\htdocs\bookstore\app\Models\Order.php:395
Stack trace:
#0 C:\xampp\htdocs\bookstore\app\Controllers\AdminController.php(79): App\Models\Order::getAll()
#1 C:\xampp\htdocs\bookstore\public\index.php(119): App\Controllers\AdminController->orders()
#2 {main}
  thrown in C:\xampp\htdocs\bookstore\app\Models\Order.php on line 395
[04-Dec-2025 01:15:43 Asia/Ho_Chi_Minh] AdminController::orders() called
[04-Dec-2025 01:15:43 Asia/Ho_Chi_Minh] Session data: Array
(
    [user] => Array
        (
            [id] => 1
            [ma_nguoi_dung] => 1
            [ten_dang_nhap] => admin
            [ho_ten] => Administrator
            [name] => Administrator
            [email] => admin@bookstore.com
            [so_dien_thoai] => 
            [phone] => 
            [dia_chi] => 
            [address] => 
            [vai_tro] => quan_tri_vien
            [ngay_tao] => 2025-11-18 21:30:54
        )

    [user_id] => 1
    [ten_dang_nhap] => admin
    [user_name] => Administrator
    [vai_tro] => quan_tri_vien
    [role] => admin
    [last_activity] => 1764785369
)

[04-Dec-2025 01:15:43 Asia/Ho_Chi_Minh] Admin authentication passed - loading orders
[04-Dec-2025 01:15:43 Asia/Ho_Chi_Minh] PHP Fatal error:  Uncaught PDOException: SQLSTATE[42S22]: Column not found: 1054 Unknown column 'o.ngay_dat' in 'order clause' in C:\xampp\htdocs\bookstore\app\Models\Order.php:401
Stack trace:
#0 C:\xampp\htdocs\bookstore\app\Models\Order.php(401): PDO->query('SELECT o.*, u.e...')
#1 C:\xampp\htdocs\bookstore\app\Controllers\AdminController.php(79): App\Models\Order::getAll()
#2 C:\xampp\htdocs\bookstore\public\index.php(119): App\Controllers\AdminController->orders()
#3 {main}
  thrown in C:\xampp\htdocs\bookstore\app\Models\Order.php on line 401
[04-Dec-2025 01:15:44 Asia/Ho_Chi_Minh] AdminController::orders() called
[04-Dec-2025 01:15:44 Asia/Ho_Chi_Minh] Session data: Array
(
    [user] => Array
        (
            [id] => 1
            [ma_nguoi_dung] => 1
            [ten_dang_nhap] => admin
            [ho_ten] => Administrator
            [name] => Administrator
            [email] => admin@bookstore.com
            [so_dien_thoai] => 
            [phone] => 
            [dia_chi] => 
            [address] => 
            [vai_tro] => quan_tri_vien
            [ngay_tao] => 2025-11-18 21:30:54
        )

    [user_id] => 1
    [ten_dang_nhap] => admin
    [user_name] => Administrator
    [vai_tro] => quan_tri_vien
    [role] => admin
    [last_activity] => 1764785369
)

[04-Dec-2025 01:15:44 Asia/Ho_Chi_Minh] Admin authentication passed - loading orders
[04-Dec-2025 01:15:44 Asia/Ho_Chi_Minh] PHP Fatal error:  Uncaught PDOException: SQLSTATE[42S22]: Column not found: 1054 Unknown column 'o.ngay_dat' in 'order clause' in C:\xampp\htdocs\bookstore\app\Models\Order.php:401
Stack trace:
#0 C:\xampp\htdocs\bookstore\app\Models\Order.php(401): PDO->query('SELECT o.*, u.e...')
#1 C:\xampp\htdocs\bookstore\app\Controllers\AdminController.php(79): App\Models\Order::getAll()
#2 C:\xampp\htdocs\bookstore\public\index.php(119): App\Controllers\AdminController->orders()
#3 {main}
  thrown in C:\xampp\htdocs\bookstore\app\Models\Order.php on line 401
[04-Dec-2025 01:16:32 Asia/Ho_Chi_Minh] AdminController::orders() called
[04-Dec-2025 01:16:32 Asia/Ho_Chi_Minh] Session data: Array
(
    [user] => Array
        (
            [id] => 1
            [ma_nguoi_dung] => 1
            [ten_dang_nhap] => admin
            [ho_ten] => Administrator
            [name] => Administrator
            [email] => admin@bookstore.com
            [so_dien_thoai] => 
            [phone] => 
            [dia_chi] => 
            [address] => 
            [vai_tro] => quan_tri_vien
            [ngay_tao] => 2025-11-18 21:30:54
        )

    [user_id] => 1
    [ten_dang_nhap] => admin
    [user_name] => Administrator
    [vai_tro] => quan_tri_vien
    [role] => admin
    [last_activity] => 1764785369
)

[04-Dec-2025 01:16:32 Asia/Ho_Chi_Minh] Admin authentication passed - loading orders
[04-Dec-2025 01:16:32 Asia/Ho_Chi_Minh] PHP Fatal error:  Uncaught Error: Class "App\Models\PDO" not found in C:\xampp\htdocs\bookstore\app\Models\Order.php:404
Stack trace:
#0 C:\xampp\htdocs\bookstore\app\Controllers\AdminController.php(79): App\Models\Order::getAll()
#1 C:\xampp\htdocs\bookstore\public\index.php(119): App\Controllers\AdminController->orders()
#2 {main}
  thrown in C:\xampp\htdocs\bookstore\app\Models\Order.php on line 404
[04-Dec-2025 01:17:18 Asia/Ho_Chi_Minh] AdminController::orders() called
[04-Dec-2025 01:17:18 Asia/Ho_Chi_Minh] Session data: Array
(
    [user] => Array
        (
            [id] => 1
            [ma_nguoi_dung] => 1
            [ten_dang_nhap] => admin
            [ho_ten] => Administrator
            [name] => Administrator
            [email] => admin@bookstore.com
            [so_dien_thoai] => 
            [phone] => 
            [dia_chi] => 
            [address] => 
            [vai_tro] => quan_tri_vien
            [ngay_tao] => 2025-11-18 21:30:54
        )

    [user_id] => 1
    [ten_dang_nhap] => admin
    [user_name] => Administrator
    [vai_tro] => quan_tri_vien
    [role] => admin
    [last_activity] => 1764785369
)

[04-Dec-2025 01:17:18 Asia/Ho_Chi_Minh] Admin authentication passed - loading orders
[04-Dec-2025 01:17:18 Asia/Ho_Chi_Minh] Orders count: 6
[04-Dec-2025 01:17:26 Asia/Ho_Chi_Minh] AdminController::orders() called
[04-Dec-2025 01:17:26 Asia/Ho_Chi_Minh] Session data: Array
(
    [user] => Array
        (
            [id] => 1
            [ma_nguoi_dung] => 1
            [ten_dang_nhap] => admin
            [ho_ten] => Administrator
            [name] => Administrator
            [email] => admin@bookstore.com
            [so_dien_thoai] => 
            [phone] => 
            [dia_chi] => 
            [address] => 
            [vai_tro] => quan_tri_vien
            [ngay_tao] => 2025-11-18 21:30:54
        )

    [user_id] => 1
    [ten_dang_nhap] => admin
    [user_name] => Administrator
    [vai_tro] => quan_tri_vien
    [role] => admin
    [last_activity] => 1764785838
)

[04-Dec-2025 01:17:26 Asia/Ho_Chi_Minh] Admin authentication passed - loading orders
[04-Dec-2025 01:17:26 Asia/Ho_Chi_Minh] Orders count: 6
[04-Dec-2025 01:17:30 Asia/Ho_Chi_Minh] AdminController::orders() called
[04-Dec-2025 01:17:30 Asia/Ho_Chi_Minh] Session data: Array
(
    [user] => Array
        (
            [id] => 1
            [ma_nguoi_dung] => 1
            [ten_dang_nhap] => admin
            [ho_ten] => Administrator
            [name] => Administrator
            [email] => admin@bookstore.com
            [so_dien_thoai] => 
            [phone] => 
            [dia_chi] => 
            [address] => 
            [vai_tro] => quan_tri_vien
            [ngay_tao] => 2025-11-18 21:30:54
        )

    [user_id] => 1
    [ten_dang_nhap] => admin
    [user_name] => Administrator
    [vai_tro] => quan_tri_vien
    [role] => admin
    [last_activity] => 1764785846
)

[04-Dec-2025 01:17:30 Asia/Ho_Chi_Minh] Admin authentication passed - loading orders
[04-Dec-2025 01:17:30 Asia/Ho_Chi_Minh] Orders count: 6
[04-Dec-2025 01:17:32 Asia/Ho_Chi_Minh] AdminController::orders() called
[04-Dec-2025 01:17:32 Asia/Ho_Chi_Minh] Session data: Array
(
    [user] => Array
        (
            [id] => 1
            [ma_nguoi_dung] => 1
            [ten_dang_nhap] => admin
            [ho_ten] => Administrator
            [name] => Administrator
            [email] => admin@bookstore.com
            [so_dien_thoai] => 
            [phone] => 
            [dia_chi] => 
            [address] => 
            [vai_tro] => quan_tri_vien
            [ngay_tao] => 2025-11-18 21:30:54
        )

    [user_id] => 1
    [ten_dang_nhap] => admin
    [user_name] => Administrator
    [vai_tro] => quan_tri_vien
    [role] => admin
    [last_activity] => 1764785850
)

[04-Dec-2025 01:17:32 Asia/Ho_Chi_Minh] Admin authentication passed - loading orders
[04-Dec-2025 01:17:32 Asia/Ho_Chi_Minh] Orders count: 6
[04-Dec-2025 01:17:38 Asia/Ho_Chi_Minh] AdminController::orders() called
[04-Dec-2025 01:17:38 Asia/Ho_Chi_Minh] Session data: Array
(
    [user] => Array
        (
            [id] => 1
            [ma_nguoi_dung] => 1
            [ten_dang_nhap] => admin
            [ho_ten] => Administrator
            [name] => Administrator
            [email] => admin@bookstore.com
            [so_dien_thoai] => 
            [phone] => 
            [dia_chi] => 
            [address] => 
            [vai_tro] => quan_tri_vien
            [ngay_tao] => 2025-11-18 21:30:54
        )

    [user_id] => 1
    [ten_dang_nhap] => admin
    [user_name] => Administrator
    [vai_tro] => quan_tri_vien
    [role] => admin
    [last_activity] => 1764785852
)

[04-Dec-2025 01:17:38 Asia/Ho_Chi_Minh] Admin authentication passed - loading orders
[04-Dec-2025 01:17:38 Asia/Ho_Chi_Minh] Orders count: 6
[04-Dec-2025 01:20:19 Asia/Ho_Chi_Minh] PHP Fatal error:  Cannot redeclare App\Controllers\AdminController::orderDetail() in C:\xampp\htdocs\bookstore\app\Controllers\AdminController.php on line 805
[04-Dec-2025 01:20:48 Asia/Ho_Chi_Minh] AdminController::orders() called
[04-Dec-2025 01:20:48 Asia/Ho_Chi_Minh] Session data: Array
(
    [user] => Array
        (
            [id] => 1
            [ma_nguoi_dung] => 1
            [ten_dang_nhap] => admin
            [ho_ten] => Administrator
            [name] => Administrator
            [email] => admin@bookstore.com
            [so_dien_thoai] => 
            [phone] => 
            [dia_chi] => 
            [address] => 
            [vai_tro] => quan_tri_vien
            [ngay_tao] => 2025-11-18 21:30:54
        )

    [user_id] => 1
    [ten_dang_nhap] => admin
    [user_name] => Administrator
    [vai_tro] => quan_tri_vien
    [role] => admin
    [last_activity] => 1764785858
)

[04-Dec-2025 01:20:48 Asia/Ho_Chi_Minh] Admin authentication passed - loading orders
[04-Dec-2025 01:20:48 Asia/Ho_Chi_Minh] Orders count: 6
[04-Dec-2025 01:20:49 Asia/Ho_Chi_Minh] PHP Fatal error:  Uncaught TypeError: App\Controllers\AdminController::orderDetail(): Argument #1 ($orderId) must be of type int, string given, called in C:\xampp\htdocs\bookstore\public\index.php on line 124 and defined in C:\xampp\htdocs\bookstore\app\Controllers\AdminController.php:91
Stack trace:
#0 C:\xampp\htdocs\bookstore\public\index.php(124): App\Controllers\AdminController->orderDetail('8')
#1 {main}
  thrown in C:\xampp\htdocs\bookstore\app\Controllers\AdminController.php on line 91
[04-Dec-2025 01:24:12 Asia/Ho_Chi_Minh] PHP Fatal error:  Uncaught PDOException: SQLSTATE[42S22]: Column not found: 1054 Unknown column 'ct.don_hang_id' in 'where clause' in C:\xampp\htdocs\bookstore\app\Models\Order.php:438
Stack trace:
#0 C:\xampp\htdocs\bookstore\app\Models\Order.php(438): PDO->prepare('SELECT ct.*, s....')
#1 C:\xampp\htdocs\bookstore\app\Controllers\AdminController.php(103): App\Models\Order::getOrderById(8)
#2 C:\xampp\htdocs\bookstore\public\index.php(124): App\Controllers\AdminController->orderDetail(8)
#3 {main}
  thrown in C:\xampp\htdocs\bookstore\app\Models\Order.php on line 438
[04-Dec-2025 01:24:13 Asia/Ho_Chi_Minh] PHP Fatal error:  Uncaught PDOException: SQLSTATE[42S22]: Column not found: 1054 Unknown column 'ct.don_hang_id' in 'where clause' in C:\xampp\htdocs\bookstore\app\Models\Order.php:438
Stack trace:
#0 C:\xampp\htdocs\bookstore\app\Models\Order.php(438): PDO->prepare('SELECT ct.*, s....')
#1 C:\xampp\htdocs\bookstore\app\Controllers\AdminController.php(103): App\Models\Order::getOrderById(8)
#2 C:\xampp\htdocs\bookstore\public\index.php(124): App\Controllers\AdminController->orderDetail(8)
#3 {main}
  thrown in C:\xampp\htdocs\bookstore\app\Models\Order.php on line 438
[04-Dec-2025 01:25:22 Asia/Ho_Chi_Minh] PHP Fatal error:  Uncaught PDOException: SQLSTATE[42S22]: Column not found: 1054 Unknown column 'ct.don_hang_id' in 'where clause' in C:\xampp\htdocs\bookstore\app\Models\Order.php:438
Stack trace:
#0 C:\xampp\htdocs\bookstore\app\Models\Order.php(438): PDO->prepare('SELECT ct.*, s....')
#1 C:\xampp\htdocs\bookstore\app\Controllers\AdminController.php(103): App\Models\Order::getOrderById(8)
#2 C:\xampp\htdocs\bookstore\public\index.php(124): App\Controllers\AdminController->orderDetail(8)
#3 {main}
  thrown in C:\xampp\htdocs\bookstore\app\Models\Order.php on line 438
[04-Dec-2025 01:25:23 Asia/Ho_Chi_Minh] PHP Fatal error:  Uncaught PDOException: SQLSTATE[42S22]: Column not found: 1054 Unknown column 'ct.don_hang_id' in 'where clause' in C:\xampp\htdocs\bookstore\app\Models\Order.php:438
Stack trace:
#0 C:\xampp\htdocs\bookstore\app\Models\Order.php(438): PDO->prepare('SELECT ct.*, s....')
#1 C:\xampp\htdocs\bookstore\app\Controllers\AdminController.php(103): App\Models\Order::getOrderById(8)
#2 C:\xampp\htdocs\bookstore\public\index.php(124): App\Controllers\AdminController->orderDetail(8)
#3 {main}
  thrown in C:\xampp\htdocs\bookstore\app\Models\Order.php on line 438
[04-Dec-2025 01:25:35 Asia/Ho_Chi_Minh] PHP Fatal error:  Uncaught PDOException: SQLSTATE[42S22]: Column not found: 1054 Unknown column 'ct.don_hang_id' in 'where clause' in C:\xampp\htdocs\bookstore\app\Models\Order.php:438
Stack trace:
#0 C:\xampp\htdocs\bookstore\app\Models\Order.php(438): PDO->prepare('SELECT ct.*, s....')
#1 C:\xampp\htdocs\bookstore\app\Controllers\AdminController.php(103): App\Models\Order::getOrderById(8)
#2 C:\xampp\htdocs\bookstore\public\index.php(124): App\Controllers\AdminController->orderDetail(8)
#3 {main}
  thrown in C:\xampp\htdocs\bookstore\app\Models\Order.php on line 438
[04-Dec-2025 01:25:35 Asia/Ho_Chi_Minh] PHP Fatal error:  Uncaught PDOException: SQLSTATE[42S22]: Column not found: 1054 Unknown column 'ct.don_hang_id' in 'where clause' in C:\xampp\htdocs\bookstore\app\Models\Order.php:438
Stack trace:
#0 C:\xampp\htdocs\bookstore\app\Models\Order.php(438): PDO->prepare('SELECT ct.*, s....')
#1 C:\xampp\htdocs\bookstore\app\Controllers\AdminController.php(103): App\Models\Order::getOrderById(8)
#2 C:\xampp\htdocs\bookstore\public\index.php(124): App\Controllers\AdminController->orderDetail(8)
#3 {main}
  thrown in C:\xampp\htdocs\bookstore\app\Models\Order.php on line 438
[04-Dec-2025 01:25:35 Asia/Ho_Chi_Minh] PHP Fatal error:  Uncaught PDOException: SQLSTATE[42S22]: Column not found: 1054 Unknown column 'ct.don_hang_id' in 'where clause' in C:\xampp\htdocs\bookstore\app\Models\Order.php:438
Stack trace:
#0 C:\xampp\htdocs\bookstore\app\Models\Order.php(438): PDO->prepare('SELECT ct.*, s....')
#1 C:\xampp\htdocs\bookstore\app\Controllers\AdminController.php(103): App\Models\Order::getOrderById(8)
#2 C:\xampp\htdocs\bookstore\public\index.php(124): App\Controllers\AdminController->orderDetail(8)
#3 {main}
  thrown in C:\xampp\htdocs\bookstore\app\Models\Order.php on line 438
[04-Dec-2025 01:25:36 Asia/Ho_Chi_Minh] PHP Fatal error:  Uncaught PDOException: SQLSTATE[42S22]: Column not found: 1054 Unknown column 'ct.don_hang_id' in 'where clause' in C:\xampp\htdocs\bookstore\app\Models\Order.php:438
Stack trace:
#0 C:\xampp\htdocs\bookstore\app\Models\Order.php(438): PDO->prepare('SELECT ct.*, s....')
#1 C:\xampp\htdocs\bookstore\app\Controllers\AdminController.php(103): App\Models\Order::getOrderById(8)
#2 C:\xampp\htdocs\bookstore\public\index.php(124): App\Controllers\AdminController->orderDetail(8)
#3 {main}
  thrown in C:\xampp\htdocs\bookstore\app\Models\Order.php on line 438
[04-Dec-2025 01:25:36 Asia/Ho_Chi_Minh] PHP Fatal error:  Uncaught PDOException: SQLSTATE[42S22]: Column not found: 1054 Unknown column 'ct.don_hang_id' in 'where clause' in C:\xampp\htdocs\bookstore\app\Models\Order.php:438
Stack trace:
#0 C:\xampp\htdocs\bookstore\app\Models\Order.php(438): PDO->prepare('SELECT ct.*, s....')
#1 C:\xampp\htdocs\bookstore\app\Controllers\AdminController.php(103): App\Models\Order::getOrderById(8)
#2 C:\xampp\htdocs\bookstore\public\index.php(124): App\Controllers\AdminController->orderDetail(8)
#3 {main}
  thrown in C:\xampp\htdocs\bookstore\app\Models\Order.php on line 438
[04-Dec-2025 01:25:36 Asia/Ho_Chi_Minh] PHP Fatal error:  Uncaught PDOException: SQLSTATE[42S22]: Column not found: 1054 Unknown column 'ct.don_hang_id' in 'where clause' in C:\xampp\htdocs\bookstore\app\Models\Order.php:438
Stack trace:
#0 C:\xampp\htdocs\bookstore\app\Models\Order.php(438): PDO->prepare('SELECT ct.*, s....')
#1 C:\xampp\htdocs\bookstore\app\Controllers\AdminController.php(103): App\Models\Order::getOrderById(8)
#2 C:\xampp\htdocs\bookstore\public\index.php(124): App\Controllers\AdminController->orderDetail(8)
#3 {main}
  thrown in C:\xampp\htdocs\bookstore\app\Models\Order.php on line 438
[04-Dec-2025 01:25:49 Asia/Ho_Chi_Minh] PHP Fatal error:  Uncaught PDOException: SQLSTATE[42S22]: Column not found: 1054 Unknown column 'ct.don_hang_id' in 'where clause' in C:\xampp\htdocs\bookstore\app\Models\Order.php:438
Stack trace:
#0 C:\xampp\htdocs\bookstore\app\Models\Order.php(438): PDO->prepare('SELECT ct.*, s....')
#1 C:\xampp\htdocs\bookstore\app\Controllers\AdminController.php(103): App\Models\Order::getOrderById(8)
#2 C:\xampp\htdocs\bookstore\public\index.php(124): App\Controllers\AdminController->orderDetail(8)
#3 {main}
  thrown in C:\xampp\htdocs\bookstore\app\Models\Order.php on line 438
[04-Dec-2025 01:26:25 Asia/Ho_Chi_Minh] AdminController::users() called
[04-Dec-2025 01:26:25 Asia/Ho_Chi_Minh] Session data: Array
(
    [user] => Array
        (
            [id] => 1
            [ma_nguoi_dung] => 1
            [ten_dang_nhap] => admin
            [ho_ten] => Administrator
            [name] => Administrator
            [email] => admin@bookstore.com
            [so_dien_thoai] => 
            [phone] => 
            [dia_chi] => 
            [address] => 
            [vai_tro] => quan_tri_vien
            [ngay_tao] => 2025-11-18 21:30:54
        )

    [user_id] => 1
    [ten_dang_nhap] => admin
    [user_name] => Administrator
    [vai_tro] => quan_tri_vien
    [role] => admin
    [last_activity] => 1764786382
)

[04-Dec-2025 01:26:25 Asia/Ho_Chi_Minh] Admin authentication passed - loading users
[04-Dec-2025 01:26:25 Asia/Ho_Chi_Minh] Users count: 0
[04-Dec-2025 01:26:26 Asia/Ho_Chi_Minh] AdminController::orders() called
[04-Dec-2025 01:26:26 Asia/Ho_Chi_Minh] Session data: Array
(
    [user] => Array
        (
            [id] => 1
            [ma_nguoi_dung] => 1
            [ten_dang_nhap] => admin
            [ho_ten] => Administrator
            [name] => Administrator
            [email] => admin@bookstore.com
            [so_dien_thoai] => 
            [phone] => 
            [dia_chi] => 
            [address] => 
            [vai_tro] => quan_tri_vien
            [ngay_tao] => 2025-11-18 21:30:54
        )

    [user_id] => 1
    [ten_dang_nhap] => admin
    [user_name] => Administrator
    [vai_tro] => quan_tri_vien
    [role] => admin
    [last_activity] => 1764786385
)

[04-Dec-2025 01:26:26 Asia/Ho_Chi_Minh] Admin authentication passed - loading orders
[04-Dec-2025 01:26:26 Asia/Ho_Chi_Minh] Orders count: 6
[04-Dec-2025 01:26:27 Asia/Ho_Chi_Minh] PHP Fatal error:  Uncaught PDOException: SQLSTATE[42S22]: Column not found: 1054 Unknown column 'ct.don_hang_id' in 'where clause' in C:\xampp\htdocs\bookstore\app\Models\Order.php:438
Stack trace:
#0 C:\xampp\htdocs\bookstore\app\Models\Order.php(438): PDO->prepare('SELECT ct.*, s....')
#1 C:\xampp\htdocs\bookstore\app\Controllers\AdminController.php(103): App\Models\Order::getOrderById(8)
#2 C:\xampp\htdocs\bookstore\public\index.php(124): App\Controllers\AdminController->orderDetail(8)
#3 {main}
  thrown in C:\xampp\htdocs\bookstore\app\Models\Order.php on line 438
[04-Dec-2025 01:26:50 Asia/Ho_Chi_Minh] PHP Fatal error:  Uncaught PDOException: SQLSTATE[42S22]: Column not found: 1054 Unknown column 'ct.order_id' in 'where clause' in C:\xampp\htdocs\bookstore\app\Models\Order.php:438
Stack trace:
#0 C:\xampp\htdocs\bookstore\app\Models\Order.php(438): PDO->prepare('SELECT ct.*, s....')
#1 C:\xampp\htdocs\bookstore\app\Controllers\AdminController.php(103): App\Models\Order::getOrderById(8)
#2 C:\xampp\htdocs\bookstore\public\index.php(124): App\Controllers\AdminController->orderDetail(8)
#3 {main}
  thrown in C:\xampp\htdocs\bookstore\app\Models\Order.php on line 438
[04-Dec-2025 01:26:51 Asia/Ho_Chi_Minh] PHP Fatal error:  Uncaught PDOException: SQLSTATE[42S22]: Column not found: 1054 Unknown column 'ct.order_id' in 'where clause' in C:\xampp\htdocs\bookstore\app\Models\Order.php:438
Stack trace:
#0 C:\xampp\htdocs\bookstore\app\Models\Order.php(438): PDO->prepare('SELECT ct.*, s....')
#1 C:\xampp\htdocs\bookstore\app\Controllers\AdminController.php(103): App\Models\Order::getOrderById(8)
#2 C:\xampp\htdocs\bookstore\public\index.php(124): App\Controllers\AdminController->orderDetail(8)
#3 {main}
  thrown in C:\xampp\htdocs\bookstore\app\Models\Order.php on line 438
[04-Dec-2025 01:26:51 Asia/Ho_Chi_Minh] PHP Fatal error:  Uncaught PDOException: SQLSTATE[42S22]: Column not found: 1054 Unknown column 'ct.order_id' in 'where clause' in C:\xampp\htdocs\bookstore\app\Models\Order.php:438
Stack trace:
#0 C:\xampp\htdocs\bookstore\app\Models\Order.php(438): PDO->prepare('SELECT ct.*, s....')
#1 C:\xampp\htdocs\bookstore\app\Controllers\AdminController.php(103): App\Models\Order::getOrderById(8)
#2 C:\xampp\htdocs\bookstore\public\index.php(124): App\Controllers\AdminController->orderDetail(8)
#3 {main}
  thrown in C:\xampp\htdocs\bookstore\app\Models\Order.php on line 438
[04-Dec-2025 01:26:51 Asia/Ho_Chi_Minh] PHP Fatal error:  Uncaught PDOException: SQLSTATE[42S22]: Column not found: 1054 Unknown column 'ct.order_id' in 'where clause' in C:\xampp\htdocs\bookstore\app\Models\Order.php:438
Stack trace:
#0 C:\xampp\htdocs\bookstore\app\Models\Order.php(438): PDO->prepare('SELECT ct.*, s....')
#1 C:\xampp\htdocs\bookstore\app\Controllers\AdminController.php(103): App\Models\Order::getOrderById(8)
#2 C:\xampp\htdocs\bookstore\public\index.php(124): App\Controllers\AdminController->orderDetail(8)
#3 {main}
  thrown in C:\xampp\htdocs\bookstore\app\Models\Order.php on line 438
[04-Dec-2025 01:26:51 Asia/Ho_Chi_Minh] PHP Fatal error:  Uncaught PDOException: SQLSTATE[42S22]: Column not found: 1054 Unknown column 'ct.order_id' in 'where clause' in C:\xampp\htdocs\bookstore\app\Models\Order.php:438
Stack trace:
#0 C:\xampp\htdocs\bookstore\app\Models\Order.php(438): PDO->prepare('SELECT ct.*, s....')
#1 C:\xampp\htdocs\bookstore\app\Controllers\AdminController.php(103): App\Models\Order::getOrderById(8)
#2 C:\xampp\htdocs\bookstore\public\index.php(124): App\Controllers\AdminController->orderDetail(8)
#3 {main}
  thrown in C:\xampp\htdocs\bookstore\app\Models\Order.php on line 438
[04-Dec-2025 01:26:52 Asia/Ho_Chi_Minh] PHP Fatal error:  Uncaught PDOException: SQLSTATE[42S22]: Column not found: 1054 Unknown column 'ct.order_id' in 'where clause' in C:\xampp\htdocs\bookstore\app\Models\Order.php:438
Stack trace:
#0 C:\xampp\htdocs\bookstore\app\Models\Order.php(438): PDO->prepare('SELECT ct.*, s....')
#1 C:\xampp\htdocs\bookstore\app\Controllers\AdminController.php(103): App\Models\Order::getOrderById(8)
#2 C:\xampp\htdocs\bookstore\public\index.php(124): App\Controllers\AdminController->orderDetail(8)
#3 {main}
  thrown in C:\xampp\htdocs\bookstore\app\Models\Order.php on line 438
[04-Dec-2025 01:26:52 Asia/Ho_Chi_Minh] PHP Fatal error:  Uncaught PDOException: SQLSTATE[42S22]: Column not found: 1054 Unknown column 'ct.order_id' in 'where clause' in C:\xampp\htdocs\bookstore\app\Models\Order.php:438
Stack trace:
#0 C:\xampp\htdocs\bookstore\app\Models\Order.php(438): PDO->prepare('SELECT ct.*, s....')
#1 C:\xampp\htdocs\bookstore\app\Controllers\AdminController.php(103): App\Models\Order::getOrderById(8)
#2 C:\xampp\htdocs\bookstore\public\index.php(124): App\Controllers\AdminController->orderDetail(8)
#3 {main}
  thrown in C:\xampp\htdocs\bookstore\app\Models\Order.php on line 438
[04-Dec-2025 01:26:52 Asia/Ho_Chi_Minh] PHP Fatal error:  Uncaught PDOException: SQLSTATE[42S22]: Column not found: 1054 Unknown column 'ct.order_id' in 'where clause' in C:\xampp\htdocs\bookstore\app\Models\Order.php:438
Stack trace:
#0 C:\xampp\htdocs\bookstore\app\Models\Order.php(438): PDO->prepare('SELECT ct.*, s....')
#1 C:\xampp\htdocs\bookstore\app\Controllers\AdminController.php(103): App\Models\Order::getOrderById(8)
#2 C:\xampp\htdocs\bookstore\public\index.php(124): App\Controllers\AdminController->orderDetail(8)
#3 {main}
  thrown in C:\xampp\htdocs\bookstore\app\Models\Order.php on line 438
[04-Dec-2025 01:26:56 Asia/Ho_Chi_Minh] AdminController::orders() called
[04-Dec-2025 01:26:56 Asia/Ho_Chi_Minh] Session data: Array
(
    [user] => Array
        (
            [id] => 1
            [ma_nguoi_dung] => 1
            [ten_dang_nhap] => admin
            [ho_ten] => Administrator
            [name] => Administrator
            [email] => admin@bookstore.com
            [so_dien_thoai] => 
            [phone] => 
            [dia_chi] => 
            [address] => 
            [vai_tro] => quan_tri_vien
            [ngay_tao] => 2025-11-18 21:30:54
        )

    [user_id] => 1
    [ten_dang_nhap] => admin
    [user_name] => Administrator
    [vai_tro] => quan_tri_vien
    [role] => admin
    [last_activity] => 1764786386
)

[04-Dec-2025 01:26:56 Asia/Ho_Chi_Minh] Admin authentication passed - loading orders
[04-Dec-2025 01:26:56 Asia/Ho_Chi_Minh] Orders count: 6
[04-Dec-2025 01:26:59 Asia/Ho_Chi_Minh] AdminController::orders() called
[04-Dec-2025 01:26:59 Asia/Ho_Chi_Minh] Session data: Array
(
    [user] => Array
        (
            [id] => 1
            [ma_nguoi_dung] => 1
            [ten_dang_nhap] => admin
            [ho_ten] => Administrator
            [name] => Administrator
            [email] => admin@bookstore.com
            [so_dien_thoai] => 
            [phone] => 
            [dia_chi] => 
            [address] => 
            [vai_tro] => quan_tri_vien
            [ngay_tao] => 2025-11-18 21:30:54
        )

    [user_id] => 1
    [ten_dang_nhap] => admin
    [user_name] => Administrator
    [vai_tro] => quan_tri_vien
    [role] => admin
    [last_activity] => 1764786416
)

[04-Dec-2025 01:26:59 Asia/Ho_Chi_Minh] Admin authentication passed - loading orders
[04-Dec-2025 01:26:59 Asia/Ho_Chi_Minh] Orders count: 6
[04-Dec-2025 01:27:00 Asia/Ho_Chi_Minh] AdminController::orders() called
[04-Dec-2025 01:27:00 Asia/Ho_Chi_Minh] Session data: Array
(
    [user] => Array
        (
            [id] => 1
            [ma_nguoi_dung] => 1
            [ten_dang_nhap] => admin
            [ho_ten] => Administrator
            [name] => Administrator
            [email] => admin@bookstore.com
            [so_dien_thoai] => 
            [phone] => 
            [dia_chi] => 
            [address] => 
            [vai_tro] => quan_tri_vien
            [ngay_tao] => 2025-11-18 21:30:54
        )

    [user_id] => 1
    [ten_dang_nhap] => admin
    [user_name] => Administrator
    [vai_tro] => quan_tri_vien
    [role] => admin
    [last_activity] => 1764786419
)

[04-Dec-2025 01:27:00 Asia/Ho_Chi_Minh] Admin authentication passed - loading orders
[04-Dec-2025 01:27:00 Asia/Ho_Chi_Minh] Orders count: 6
[04-Dec-2025 01:28:16 Asia/Ho_Chi_Minh] AdminController::orders() called
[04-Dec-2025 01:28:16 Asia/Ho_Chi_Minh] Session data: Array
(
    [user] => Array
        (
            [id] => 1
            [ma_nguoi_dung] => 1
            [ten_dang_nhap] => admin
            [ho_ten] => Administrator
            [name] => Administrator
            [email] => admin@bookstore.com
            [so_dien_thoai] => 
            [phone] => 
            [dia_chi] => 
            [address] => 
            [vai_tro] => quan_tri_vien
            [ngay_tao] => 2025-11-18 21:30:54
        )

    [user_id] => 1
    [ten_dang_nhap] => admin
    [user_name] => Administrator
    [vai_tro] => quan_tri_vien
    [role] => admin
    [last_activity] => 1764786420
)

[04-Dec-2025 01:28:16 Asia/Ho_Chi_Minh] Admin authentication passed - loading orders
[04-Dec-2025 01:28:16 Asia/Ho_Chi_Minh] Orders count: 6
[04-Dec-2025 01:28:21 Asia/Ho_Chi_Minh] AdminController::orders() called
[04-Dec-2025 01:28:21 Asia/Ho_Chi_Minh] Session data: Array
(
    [user] => Array
        (
            [id] => 1
            [ma_nguoi_dung] => 1
            [ten_dang_nhap] => admin
            [ho_ten] => Administrator
            [name] => Administrator
            [email] => admin@bookstore.com
            [so_dien_thoai] => 
            [phone] => 
            [dia_chi] => 
            [address] => 
            [vai_tro] => quan_tri_vien
            [ngay_tao] => 2025-11-18 21:30:54
        )

    [user_id] => 1
    [ten_dang_nhap] => admin
    [user_name] => Administrator
    [vai_tro] => quan_tri_vien
    [role] => admin
    [last_activity] => 1764786496
)

[04-Dec-2025 01:28:21 Asia/Ho_Chi_Minh] Admin authentication passed - loading orders
[04-Dec-2025 01:28:21 Asia/Ho_Chi_Minh] Orders count: 6
[04-Dec-2025 01:28:23 Asia/Ho_Chi_Minh] Error deleting order: SQLSTATE[42S22]: Column not found: 1054 Unknown column 'order_id' in 'where clause'
[04-Dec-2025 01:28:23 Asia/Ho_Chi_Minh] AdminController::orders() called
[04-Dec-2025 01:28:23 Asia/Ho_Chi_Minh] Session data: Array
(
    [user] => Array
        (
            [id] => 1
            [ma_nguoi_dung] => 1
            [ten_dang_nhap] => admin
            [ho_ten] => Administrator
            [name] => Administrator
            [email] => admin@bookstore.com
            [so_dien_thoai] => 
            [phone] => 
            [dia_chi] => 
            [address] => 
            [vai_tro] => quan_tri_vien
            [ngay_tao] => 2025-11-18 21:30:54
        )

    [user_id] => 1
    [ten_dang_nhap] => admin
    [user_name] => Administrator
    [vai_tro] => quan_tri_vien
    [role] => admin
    [last_activity] => 1764786501
    [errors] => Array
        (
            [0] => Không thể xóa đơn hàng
        )

)

[04-Dec-2025 01:28:23 Asia/Ho_Chi_Minh] Admin authentication passed - loading orders
[04-Dec-2025 01:28:23 Asia/Ho_Chi_Minh] Orders count: 6
[04-Dec-2025 01:28:23 Asia/Ho_Chi_Minh] AdminController::orders() called
[04-Dec-2025 01:28:23 Asia/Ho_Chi_Minh] Session data: Array
(
    [user] => Array
        (
            [id] => 1
            [ma_nguoi_dung] => 1
            [ten_dang_nhap] => admin
            [ho_ten] => Administrator
            [name] => Administrator
            [email] => admin@bookstore.com
            [so_dien_thoai] => 
            [phone] => 
            [dia_chi] => 
            [address] => 
            [vai_tro] => quan_tri_vien
            [ngay_tao] => 2025-11-18 21:30:54
        )

    [user_id] => 1
    [ten_dang_nhap] => admin
    [user_name] => Administrator
    [vai_tro] => quan_tri_vien
    [role] => admin
    [last_activity] => 1764786503
    [errors] => Array
        (
            [0] => Không thể xóa đơn hàng
        )

)

[04-Dec-2025 01:28:23 Asia/Ho_Chi_Minh] Admin authentication passed - loading orders
[04-Dec-2025 01:28:23 Asia/Ho_Chi_Minh] Orders count: 6
[04-Dec-2025 01:28:25 Asia/Ho_Chi_Minh] Error deleting order: SQLSTATE[42S22]: Column not found: 1054 Unknown column 'order_id' in 'where clause'
[04-Dec-2025 01:28:25 Asia/Ho_Chi_Minh] AdminController::orders() called
[04-Dec-2025 01:28:25 Asia/Ho_Chi_Minh] Session data: Array
(
    [user] => Array
        (
            [id] => 1
            [ma_nguoi_dung] => 1
            [ten_dang_nhap] => admin
            [ho_ten] => Administrator
            [name] => Administrator
            [email] => admin@bookstore.com
            [so_dien_thoai] => 
            [phone] => 
            [dia_chi] => 
            [address] => 
            [vai_tro] => quan_tri_vien
            [ngay_tao] => 2025-11-18 21:30:54
        )

    [user_id] => 1
    [ten_dang_nhap] => admin
    [user_name] => Administrator
    [vai_tro] => quan_tri_vien
    [role] => admin
    [last_activity] => 1764786503
    [errors] => Array
        (
            [0] => Không thể xóa đơn hàng
        )

)

[04-Dec-2025 01:28:25 Asia/Ho_Chi_Minh] Admin authentication passed - loading orders
[04-Dec-2025 01:28:25 Asia/Ho_Chi_Minh] Orders count: 6
[04-Dec-2025 01:28:25 Asia/Ho_Chi_Minh] AdminController::orders() called
[04-Dec-2025 01:28:25 Asia/Ho_Chi_Minh] Session data: Array
(
    [user] => Array
        (
            [id] => 1
            [ma_nguoi_dung] => 1
            [ten_dang_nhap] => admin
            [ho_ten] => Administrator
            [name] => Administrator
            [email] => admin@bookstore.com
            [so_dien_thoai] => 
            [phone] => 
            [dia_chi] => 
            [address] => 
            [vai_tro] => quan_tri_vien
            [ngay_tao] => 2025-11-18 21:30:54
        )

    [user_id] => 1
    [ten_dang_nhap] => admin
    [user_name] => Administrator
    [vai_tro] => quan_tri_vien
    [role] => admin
    [last_activity] => 1764786505
    [errors] => Array
        (
            [0] => Không thể xóa đơn hàng
        )

)

[04-Dec-2025 01:28:25 Asia/Ho_Chi_Minh] Admin authentication passed - loading orders
[04-Dec-2025 01:28:25 Asia/Ho_Chi_Minh] Orders count: 6
[04-Dec-2025 01:28:35 Asia/Ho_Chi_Minh] AdminController::orders() called
[04-Dec-2025 01:28:35 Asia/Ho_Chi_Minh] Session data: Array
(
    [user] => Array
        (
            [id] => 1
            [ma_nguoi_dung] => 1
            [ten_dang_nhap] => admin
            [ho_ten] => Administrator
            [name] => Administrator
            [email] => admin@bookstore.com
            [so_dien_thoai] => 
            [phone] => 
            [dia_chi] => 
            [address] => 
            [vai_tro] => quan_tri_vien
            [ngay_tao] => 2025-11-18 21:30:54
        )

    [user_id] => 1
    [ten_dang_nhap] => admin
    [user_name] => Administrator
    [vai_tro] => quan_tri_vien
    [role] => admin
    [last_activity] => 1764786505
    [errors] => Array
        (
            [0] => Không thể xóa đơn hàng
        )

)

[04-Dec-2025 01:28:35 Asia/Ho_Chi_Minh] Admin authentication passed - loading orders
[04-Dec-2025 01:28:35 Asia/Ho_Chi_Minh] Orders count: 6
[04-Dec-2025 01:28:38 Asia/Ho_Chi_Minh] AdminController::orders() called
[04-Dec-2025 01:28:38 Asia/Ho_Chi_Minh] Session data: Array
(
    [user] => Array
        (
            [id] => 1
            [ma_nguoi_dung] => 1
            [ten_dang_nhap] => admin
            [ho_ten] => Administrator
            [name] => Administrator
            [email] => admin@bookstore.com
            [so_dien_thoai] => 
            [phone] => 
            [dia_chi] => 
            [address] => 
            [vai_tro] => quan_tri_vien
            [ngay_tao] => 2025-11-18 21:30:54
        )

    [user_id] => 1
    [ten_dang_nhap] => admin
    [user_name] => Administrator
    [vai_tro] => quan_tri_vien
    [role] => admin
    [last_activity] => 1764786515
    [errors] => Array
        (
            [0] => Không thể xóa đơn hàng
        )

)

[04-Dec-2025 01:28:38 Asia/Ho_Chi_Minh] Admin authentication passed - loading orders
[04-Dec-2025 01:28:38 Asia/Ho_Chi_Minh] Orders count: 6
[04-Dec-2025 01:28:41 Asia/Ho_Chi_Minh] PHP Fatal error:  Uncaught PDOException: SQLSTATE[42S22]: Column not found: 1054 Unknown column 'ct.order_id' in 'where clause' in C:\xampp\htdocs\bookstore\app\Models\Order.php:438
Stack trace:
#0 C:\xampp\htdocs\bookstore\app\Models\Order.php(438): PDO->prepare('SELECT ct.*, s....')
#1 C:\xampp\htdocs\bookstore\app\Controllers\AdminController.php(103): App\Models\Order::getOrderById(8)
#2 C:\xampp\htdocs\bookstore\public\index.php(124): App\Controllers\AdminController->orderDetail(8)
#3 {main}
  thrown in C:\xampp\htdocs\bookstore\app\Models\Order.php on line 438
[04-Dec-2025 01:28:48 Asia/Ho_Chi_Minh] AdminController::orders() called
[04-Dec-2025 01:28:48 Asia/Ho_Chi_Minh] Session data: Array
(
    [user] => Array
        (
            [id] => 1
            [ma_nguoi_dung] => 1
            [ten_dang_nhap] => admin
            [ho_ten] => Administrator
            [name] => Administrator
            [email] => admin@bookstore.com
            [so_dien_thoai] => 
            [phone] => 
            [dia_chi] => 
            [address] => 
            [vai_tro] => quan_tri_vien
            [ngay_tao] => 2025-11-18 21:30:54
        )

    [user_id] => 1
    [ten_dang_nhap] => admin
    [user_name] => Administrator
    [vai_tro] => quan_tri_vien
    [role] => admin
    [last_activity] => 1764786518
    [errors] => Array
        (
            [0] => Không thể xóa đơn hàng
        )

)

[04-Dec-2025 01:28:48 Asia/Ho_Chi_Minh] Admin authentication passed - loading orders
[04-Dec-2025 01:28:48 Asia/Ho_Chi_Minh] Orders count: 6
[04-Dec-2025 01:28:49 Asia/Ho_Chi_Minh] AdminController::orders() called
[04-Dec-2025 01:28:49 Asia/Ho_Chi_Minh] Session data: Array
(
    [user] => Array
        (
            [id] => 1
            [ma_nguoi_dung] => 1
            [ten_dang_nhap] => admin
            [ho_ten] => Administrator
            [name] => Administrator
            [email] => admin@bookstore.com
            [so_dien_thoai] => 
            [phone] => 
            [dia_chi] => 
            [address] => 
            [vai_tro] => quan_tri_vien
            [ngay_tao] => 2025-11-18 21:30:54
        )

    [user_id] => 1
    [ten_dang_nhap] => admin
    [user_name] => Administrator
    [vai_tro] => quan_tri_vien
    [role] => admin
    [last_activity] => 1764786528
    [errors] => Array
        (
            [0] => Không thể xóa đơn hàng
        )

)

[04-Dec-2025 01:28:49 Asia/Ho_Chi_Minh] Admin authentication passed - loading orders
[04-Dec-2025 01:28:49 Asia/Ho_Chi_Minh] Orders count: 6
[04-Dec-2025 01:28:49 Asia/Ho_Chi_Minh] AdminController::orders() called
[04-Dec-2025 01:28:49 Asia/Ho_Chi_Minh] Session data: Array
(
    [user] => Array
        (
            [id] => 1
            [ma_nguoi_dung] => 1
            [ten_dang_nhap] => admin
            [ho_ten] => Administrator
            [name] => Administrator
            [email] => admin@bookstore.com
            [so_dien_thoai] => 
            [phone] => 
            [dia_chi] => 
            [address] => 
            [vai_tro] => quan_tri_vien
            [ngay_tao] => 2025-11-18 21:30:54
        )

    [user_id] => 1
    [ten_dang_nhap] => admin
    [user_name] => Administrator
    [vai_tro] => quan_tri_vien
    [role] => admin
    [last_activity] => 1764786529
    [errors] => Array
        (
            [0] => Không thể xóa đơn hàng
        )

)

[04-Dec-2025 01:28:49 Asia/Ho_Chi_Minh] Admin authentication passed - loading orders
[04-Dec-2025 01:28:49 Asia/Ho_Chi_Minh] Orders count: 6
[04-Dec-2025 01:28:49 Asia/Ho_Chi_Minh] AdminController::orders() called
[04-Dec-2025 01:28:49 Asia/Ho_Chi_Minh] Session data: Array
(
    [user] => Array
        (
            [id] => 1
            [ma_nguoi_dung] => 1
            [ten_dang_nhap] => admin
            [ho_ten] => Administrator
            [name] => Administrator
            [email] => admin@bookstore.com
            [so_dien_thoai] => 
            [phone] => 
            [dia_chi] => 
            [address] => 
            [vai_tro] => quan_tri_vien
            [ngay_tao] => 2025-11-18 21:30:54
        )

    [user_id] => 1
    [ten_dang_nhap] => admin
    [user_name] => Administrator
    [vai_tro] => quan_tri_vien
    [role] => admin
    [last_activity] => 1764786529
    [errors] => Array
        (
            [0] => Không thể xóa đơn hàng
        )

)

[04-Dec-2025 01:28:49 Asia/Ho_Chi_Minh] Admin authentication passed - loading orders
[04-Dec-2025 01:28:49 Asia/Ho_Chi_Minh] Orders count: 6
[04-Dec-2025 01:28:49 Asia/Ho_Chi_Minh] AdminController::orders() called
[04-Dec-2025 01:28:49 Asia/Ho_Chi_Minh] Session data: Array
(
    [user] => Array
        (
            [id] => 1
            [ma_nguoi_dung] => 1
            [ten_dang_nhap] => admin
            [ho_ten] => Administrator
            [name] => Administrator
            [email] => admin@bookstore.com
            [so_dien_thoai] => 
            [phone] => 
            [dia_chi] => 
            [address] => 
            [vai_tro] => quan_tri_vien
            [ngay_tao] => 2025-11-18 21:30:54
        )

    [user_id] => 1
    [ten_dang_nhap] => admin
    [user_name] => Administrator
    [vai_tro] => quan_tri_vien
    [role] => admin
    [last_activity] => 1764786529
    [errors] => Array
        (
            [0] => Không thể xóa đơn hàng
        )

)

[04-Dec-2025 01:28:49 Asia/Ho_Chi_Minh] Admin authentication passed - loading orders
[04-Dec-2025 01:28:49 Asia/Ho_Chi_Minh] Orders count: 6
[04-Dec-2025 01:28:49 Asia/Ho_Chi_Minh] AdminController::orders() called
[04-Dec-2025 01:28:49 Asia/Ho_Chi_Minh] Session data: Array
(
    [user] => Array
        (
            [id] => 1
            [ma_nguoi_dung] => 1
            [ten_dang_nhap] => admin
            [ho_ten] => Administrator
            [name] => Administrator
            [email] => admin@bookstore.com
            [so_dien_thoai] => 
            [phone] => 
            [dia_chi] => 
            [address] => 
            [vai_tro] => quan_tri_vien
            [ngay_tao] => 2025-11-18 21:30:54
        )

    [user_id] => 1
    [ten_dang_nhap] => admin
    [user_name] => Administrator
    [vai_tro] => quan_tri_vien
    [role] => admin
    [last_activity] => 1764786529
    [errors] => Array
        (
            [0] => Không thể xóa đơn hàng
        )

)

[04-Dec-2025 01:28:49 Asia/Ho_Chi_Minh] Admin authentication passed - loading orders
[04-Dec-2025 01:28:49 Asia/Ho_Chi_Minh] Orders count: 6
[04-Dec-2025 01:28:50 Asia/Ho_Chi_Minh] AdminController::orders() called
[04-Dec-2025 01:28:50 Asia/Ho_Chi_Minh] Session data: Array
(
    [user] => Array
        (
            [id] => 1
            [ma_nguoi_dung] => 1
            [ten_dang_nhap] => admin
            [ho_ten] => Administrator
            [name] => Administrator
            [email] => admin@bookstore.com
            [so_dien_thoai] => 
            [phone] => 
            [dia_chi] => 
            [address] => 
            [vai_tro] => quan_tri_vien
            [ngay_tao] => 2025-11-18 21:30:54
        )

    [user_id] => 1
    [ten_dang_nhap] => admin
    [user_name] => Administrator
    [vai_tro] => quan_tri_vien
    [role] => admin
    [last_activity] => 1764786529
    [errors] => Array
        (
            [0] => Không thể xóa đơn hàng
        )

)

[04-Dec-2025 01:28:50 Asia/Ho_Chi_Minh] Admin authentication passed - loading orders
[04-Dec-2025 01:28:50 Asia/Ho_Chi_Minh] Orders count: 6
[04-Dec-2025 01:28:50 Asia/Ho_Chi_Minh] AdminController::orders() called
[04-Dec-2025 01:28:50 Asia/Ho_Chi_Minh] Session data: Array
(
    [user] => Array
        (
            [id] => 1
            [ma_nguoi_dung] => 1
            [ten_dang_nhap] => admin
            [ho_ten] => Administrator
            [name] => Administrator
            [email] => admin@bookstore.com
            [so_dien_thoai] => 
            [phone] => 
            [dia_chi] => 
            [address] => 
            [vai_tro] => quan_tri_vien
            [ngay_tao] => 2025-11-18 21:30:54
        )

    [user_id] => 1
    [ten_dang_nhap] => admin
    [user_name] => Administrator
    [vai_tro] => quan_tri_vien
    [role] => admin
    [last_activity] => 1764786530
    [errors] => Array
        (
            [0] => Không thể xóa đơn hàng
        )

)

[04-Dec-2025 01:28:50 Asia/Ho_Chi_Minh] Admin authentication passed - loading orders
[04-Dec-2025 01:28:50 Asia/Ho_Chi_Minh] Orders count: 6
[04-Dec-2025 01:28:50 Asia/Ho_Chi_Minh] AdminController::orders() called
[04-Dec-2025 01:28:50 Asia/Ho_Chi_Minh] Session data: Array
(
    [user] => Array
        (
            [id] => 1
            [ma_nguoi_dung] => 1
            [ten_dang_nhap] => admin
            [ho_ten] => Administrator
            [name] => Administrator
            [email] => admin@bookstore.com
            [so_dien_thoai] => 
            [phone] => 
            [dia_chi] => 
            [address] => 
            [vai_tro] => quan_tri_vien
            [ngay_tao] => 2025-11-18 21:30:54
        )

    [user_id] => 1
    [ten_dang_nhap] => admin
    [user_name] => Administrator
    [vai_tro] => quan_tri_vien
    [role] => admin
    [last_activity] => 1764786530
    [errors] => Array
        (
            [0] => Không thể xóa đơn hàng
        )

)

[04-Dec-2025 01:28:50 Asia/Ho_Chi_Minh] Admin authentication passed - loading orders
[04-Dec-2025 01:28:50 Asia/Ho_Chi_Minh] Orders count: 6
[04-Dec-2025 01:28:50 Asia/Ho_Chi_Minh] AdminController::orders() called
[04-Dec-2025 01:28:50 Asia/Ho_Chi_Minh] Session data: Array
(
    [user] => Array
        (
            [id] => 1
            [ma_nguoi_dung] => 1
            [ten_dang_nhap] => admin
            [ho_ten] => Administrator
            [name] => Administrator
            [email] => admin@bookstore.com
            [so_dien_thoai] => 
            [phone] => 
            [dia_chi] => 
            [address] => 
            [vai_tro] => quan_tri_vien
            [ngay_tao] => 2025-11-18 21:30:54
        )

    [user_id] => 1
    [ten_dang_nhap] => admin
    [user_name] => Administrator
    [vai_tro] => quan_tri_vien
    [role] => admin
    [last_activity] => 1764786530
    [errors] => Array
        (
            [0] => Không thể xóa đơn hàng
        )

)

[04-Dec-2025 01:28:50 Asia/Ho_Chi_Minh] Admin authentication passed - loading orders
[04-Dec-2025 01:28:50 Asia/Ho_Chi_Minh] Orders count: 6
[04-Dec-2025 01:28:50 Asia/Ho_Chi_Minh] AdminController::orders() called
[04-Dec-2025 01:28:50 Asia/Ho_Chi_Minh] Session data: Array
(
    [user] => Array
        (
            [id] => 1
            [ma_nguoi_dung] => 1
            [ten_dang_nhap] => admin
            [ho_ten] => Administrator
            [name] => Administrator
            [email] => admin@bookstore.com
            [so_dien_thoai] => 
            [phone] => 
            [dia_chi] => 
            [address] => 
            [vai_tro] => quan_tri_vien
            [ngay_tao] => 2025-11-18 21:30:54
        )

    [user_id] => 1
    [ten_dang_nhap] => admin
    [user_name] => Administrator
    [vai_tro] => quan_tri_vien
    [role] => admin
    [last_activity] => 1764786530
    [errors] => Array
        (
            [0] => Không thể xóa đơn hàng
        )

)

[04-Dec-2025 01:28:50 Asia/Ho_Chi_Minh] Admin authentication passed - loading orders
[04-Dec-2025 01:28:50 Asia/Ho_Chi_Minh] Orders count: 6
[04-Dec-2025 01:28:51 Asia/Ho_Chi_Minh] AdminController::orders() called
[04-Dec-2025 01:28:51 Asia/Ho_Chi_Minh] Session data: Array
(
    [user] => Array
        (
            [id] => 1
            [ma_nguoi_dung] => 1
            [ten_dang_nhap] => admin
            [ho_ten] => Administrator
            [name] => Administrator
            [email] => admin@bookstore.com
            [so_dien_thoai] => 
            [phone] => 
            [dia_chi] => 
            [address] => 
            [vai_tro] => quan_tri_vien
            [ngay_tao] => 2025-11-18 21:30:54
        )

    [user_id] => 1
    [ten_dang_nhap] => admin
    [user_name] => Administrator
    [vai_tro] => quan_tri_vien
    [role] => admin
    [last_activity] => 1764786530
    [errors] => Array
        (
            [0] => Không thể xóa đơn hàng
        )

)

[04-Dec-2025 01:28:51 Asia/Ho_Chi_Minh] Admin authentication passed - loading orders
[04-Dec-2025 01:28:51 Asia/Ho_Chi_Minh] Orders count: 6
[04-Dec-2025 01:28:51 Asia/Ho_Chi_Minh] AdminController::orders() called
[04-Dec-2025 01:28:51 Asia/Ho_Chi_Minh] Session data: Array
(
    [user] => Array
        (
            [id] => 1
            [ma_nguoi_dung] => 1
            [ten_dang_nhap] => admin
            [ho_ten] => Administrator
            [name] => Administrator
            [email] => admin@bookstore.com
            [so_dien_thoai] => 
            [phone] => 
            [dia_chi] => 
            [address] => 
            [vai_tro] => quan_tri_vien
            [ngay_tao] => 2025-11-18 21:30:54
        )

    [user_id] => 1
    [ten_dang_nhap] => admin
    [user_name] => Administrator
    [vai_tro] => quan_tri_vien
    [role] => admin
    [last_activity] => 1764786531
    [errors] => Array
        (
            [0] => Không thể xóa đơn hàng
        )

)

[04-Dec-2025 01:28:51 Asia/Ho_Chi_Minh] Admin authentication passed - loading orders
[04-Dec-2025 01:28:51 Asia/Ho_Chi_Minh] Orders count: 6
[04-Dec-2025 01:28:51 Asia/Ho_Chi_Minh] AdminController::orders() called
[04-Dec-2025 01:28:51 Asia/Ho_Chi_Minh] Session data: Array
(
    [user] => Array
        (
            [id] => 1
            [ma_nguoi_dung] => 1
            [ten_dang_nhap] => admin
            [ho_ten] => Administrator
            [name] => Administrator
            [email] => admin@bookstore.com
            [so_dien_thoai] => 
            [phone] => 
            [dia_chi] => 
            [address] => 
            [vai_tro] => quan_tri_vien
            [ngay_tao] => 2025-11-18 21:30:54
        )

    [user_id] => 1
    [ten_dang_nhap] => admin
    [user_name] => Administrator
    [vai_tro] => quan_tri_vien
    [role] => admin
    [last_activity] => 1764786531
    [errors] => Array
        (
            [0] => Không thể xóa đơn hàng
        )

)

[04-Dec-2025 01:28:51 Asia/Ho_Chi_Minh] Admin authentication passed - loading orders
[04-Dec-2025 01:28:51 Asia/Ho_Chi_Minh] Orders count: 6
[04-Dec-2025 01:28:51 Asia/Ho_Chi_Minh] AdminController::orders() called
[04-Dec-2025 01:28:51 Asia/Ho_Chi_Minh] Session data: Array
(
    [user] => Array
        (
            [id] => 1
            [ma_nguoi_dung] => 1
            [ten_dang_nhap] => admin
            [ho_ten] => Administrator
            [name] => Administrator
            [email] => admin@bookstore.com
            [so_dien_thoai] => 
            [phone] => 
            [dia_chi] => 
            [address] => 
            [vai_tro] => quan_tri_vien
            [ngay_tao] => 2025-11-18 21:30:54
        )

    [user_id] => 1
    [ten_dang_nhap] => admin
    [user_name] => Administrator
    [vai_tro] => quan_tri_vien
    [role] => admin
    [last_activity] => 1764786531
    [errors] => Array
        (
            [0] => Không thể xóa đơn hàng
        )

)

[04-Dec-2025 01:28:51 Asia/Ho_Chi_Minh] Admin authentication passed - loading orders
[04-Dec-2025 01:28:51 Asia/Ho_Chi_Minh] Orders count: 6
[04-Dec-2025 01:28:51 Asia/Ho_Chi_Minh] AdminController::orders() called
[04-Dec-2025 01:28:51 Asia/Ho_Chi_Minh] Session data: Array
(
    [user] => Array
        (
            [id] => 1
            [ma_nguoi_dung] => 1
            [ten_dang_nhap] => admin
            [ho_ten] => Administrator
            [name] => Administrator
            [email] => admin@bookstore.com
            [so_dien_thoai] => 
            [phone] => 
            [dia_chi] => 
            [address] => 
            [vai_tro] => quan_tri_vien
            [ngay_tao] => 2025-11-18 21:30:54
        )

    [user_id] => 1
    [ten_dang_nhap] => admin
    [user_name] => Administrator
    [vai_tro] => quan_tri_vien
    [role] => admin
    [last_activity] => 1764786531
    [errors] => Array
        (
            [0] => Không thể xóa đơn hàng
        )

)

[04-Dec-2025 01:28:51 Asia/Ho_Chi_Minh] Admin authentication passed - loading orders
[04-Dec-2025 01:28:51 Asia/Ho_Chi_Minh] Orders count: 6
[04-Dec-2025 01:32:17 Asia/Ho_Chi_Minh] AdminController::orders() called
[04-Dec-2025 01:32:17 Asia/Ho_Chi_Minh] Session data: Array
(
    [user] => Array
        (
            [id] => 1
            [ma_nguoi_dung] => 1
            [ten_dang_nhap] => admin
            [ho_ten] => Administrator
            [name] => Administrator
            [email] => admin@bookstore.com
            [so_dien_thoai] => 
            [phone] => 
            [dia_chi] => 
            [address] => 
            [vai_tro] => quan_tri_vien
            [ngay_tao] => 2025-11-18 21:30:54
        )

    [user_id] => 1
    [ten_dang_nhap] => admin
    [user_name] => Administrator
    [vai_tro] => quan_tri_vien
    [role] => admin
    [last_activity] => 1764786531
    [errors] => Array
        (
            [0] => Không thể xóa đơn hàng
        )

)

[04-Dec-2025 01:32:17 Asia/Ho_Chi_Minh] Admin authentication passed - loading orders
[04-Dec-2025 01:32:17 Asia/Ho_Chi_Minh] Orders count: 6
[04-Dec-2025 01:32:28 Asia/Ho_Chi_Minh] AdminController::orders() called
[04-Dec-2025 01:32:28 Asia/Ho_Chi_Minh] Session data: Array
(
    [user] => Array
        (
            [id] => 1
            [ma_nguoi_dung] => 1
            [ten_dang_nhap] => admin
            [ho_ten] => Administrator
            [name] => Administrator
            [email] => admin@bookstore.com
            [so_dien_thoai] => 
            [phone] => 
            [dia_chi] => 
            [address] => 
            [vai_tro] => quan_tri_vien
            [ngay_tao] => 2025-11-18 21:30:54
        )

    [user_id] => 1
    [ten_dang_nhap] => admin
    [user_name] => Administrator
    [vai_tro] => quan_tri_vien
    [role] => admin
    [last_activity] => 1764786740
)

[04-Dec-2025 01:32:28 Asia/Ho_Chi_Minh] Admin authentication passed - loading orders
[04-Dec-2025 01:32:28 Asia/Ho_Chi_Minh] Orders count: 6
[04-Dec-2025 01:32:34 Asia/Ho_Chi_Minh] AdminController::orders() called
[04-Dec-2025 01:32:34 Asia/Ho_Chi_Minh] Session data: Array
(
    [user] => Array
        (
            [id] => 1
            [ma_nguoi_dung] => 1
            [ten_dang_nhap] => admin
            [ho_ten] => Administrator
            [name] => Administrator
            [email] => admin@bookstore.com
            [so_dien_thoai] => 
            [phone] => 
            [dia_chi] => 
            [address] => 
            [vai_tro] => quan_tri_vien
            [ngay_tao] => 2025-11-18 21:30:54
        )

    [user_id] => 1
    [ten_dang_nhap] => admin
    [user_name] => Administrator
    [vai_tro] => quan_tri_vien
    [role] => admin
    [last_activity] => 1764786748
)

[04-Dec-2025 01:32:34 Asia/Ho_Chi_Minh] Admin authentication passed - loading orders
[04-Dec-2025 01:32:34 Asia/Ho_Chi_Minh] Orders count: 6
[04-Dec-2025 01:32:41 Asia/Ho_Chi_Minh] AdminController::orders() called
[04-Dec-2025 01:32:41 Asia/Ho_Chi_Minh] Session data: Array
(
    [user] => Array
        (
            [id] => 1
            [ma_nguoi_dung] => 1
            [ten_dang_nhap] => admin
            [ho_ten] => Administrator
            [name] => Administrator
            [email] => admin@bookstore.com
            [so_dien_thoai] => 
            [phone] => 
            [dia_chi] => 
            [address] => 
            [vai_tro] => quan_tri_vien
            [ngay_tao] => 2025-11-18 21:30:54
        )

    [user_id] => 1
    [ten_dang_nhap] => admin
    [user_name] => Administrator
    [vai_tro] => quan_tri_vien
    [role] => admin
    [last_activity] => 1764786754
)

[04-Dec-2025 01:32:41 Asia/Ho_Chi_Minh] Admin authentication passed - loading orders
[04-Dec-2025 01:32:41 Asia/Ho_Chi_Minh] Orders count: 6
[04-Dec-2025 01:32:57 Asia/Ho_Chi_Minh] AdminController::orders() called
[04-Dec-2025 01:32:57 Asia/Ho_Chi_Minh] Session data: Array
(
    [user] => Array
        (
            [id] => 1
            [ma_nguoi_dung] => 1
            [ten_dang_nhap] => admin
            [ho_ten] => Administrator
            [name] => Administrator
            [email] => admin@bookstore.com
            [so_dien_thoai] => 
            [phone] => 
            [dia_chi] => 
            [address] => 
            [vai_tro] => quan_tri_vien
            [ngay_tao] => 2025-11-18 21:30:54
        )

    [user_id] => 1
    [ten_dang_nhap] => admin
    [user_name] => Administrator
    [vai_tro] => quan_tri_vien
    [role] => admin
    [last_activity] => 1764786761
)

[04-Dec-2025 01:32:57 Asia/Ho_Chi_Minh] Admin authentication passed - loading orders
[04-Dec-2025 01:32:57 Asia/Ho_Chi_Minh] Orders count: 6
[04-Dec-2025 01:36:27 Asia/Ho_Chi_Minh] AdminController::orders() called
[04-Dec-2025 01:36:27 Asia/Ho_Chi_Minh] Session data: Array
(
    [user] => Array
        (
            [id] => 1
            [ma_nguoi_dung] => 1
            [ten_dang_nhap] => admin
            [ho_ten] => Administrator
            [name] => Administrator
            [email] => admin@bookstore.com
            [so_dien_thoai] => 
            [phone] => 
            [dia_chi] => 
            [address] => 
            [vai_tro] => quan_tri_vien
            [ngay_tao] => 2025-11-18 21:30:54
        )

    [user_id] => 1
    [ten_dang_nhap] => admin
    [user_name] => Administrator
    [vai_tro] => quan_tri_vien
    [role] => admin
    [last_activity] => 1764786777
)

[04-Dec-2025 01:36:27 Asia/Ho_Chi_Minh] Admin authentication passed - loading orders
[04-Dec-2025 01:36:27 Asia/Ho_Chi_Minh] Orders count: 6
[04-Dec-2025 01:36:41 Asia/Ho_Chi_Minh] AdminController::orders() called
[04-Dec-2025 01:36:41 Asia/Ho_Chi_Minh] Session data: Array
(
    [user] => Array
        (
            [id] => 1
            [ma_nguoi_dung] => 1
            [ten_dang_nhap] => admin
            [ho_ten] => Administrator
            [name] => Administrator
            [email] => admin@bookstore.com
            [so_dien_thoai] => 
            [phone] => 
            [dia_chi] => 
            [address] => 
            [vai_tro] => quan_tri_vien
            [ngay_tao] => 2025-11-18 21:30:54
        )

    [user_id] => 1
    [ten_dang_nhap] => admin
    [user_name] => Administrator
    [vai_tro] => quan_tri_vien
    [role] => admin
    [last_activity] => 1764786987
)

[04-Dec-2025 01:36:41 Asia/Ho_Chi_Minh] Admin authentication passed - loading orders
[04-Dec-2025 01:36:41 Asia/Ho_Chi_Minh] Orders count: 6
[04-Dec-2025 01:36:44 Asia/Ho_Chi_Minh] AdminController::orders() called
[04-Dec-2025 01:36:44 Asia/Ho_Chi_Minh] Session data: Array
(
    [user] => Array
        (
            [id] => 1
            [ma_nguoi_dung] => 1
            [ten_dang_nhap] => admin
            [ho_ten] => Administrator
            [name] => Administrator
            [email] => admin@bookstore.com
            [so_dien_thoai] => 
            [phone] => 
            [dia_chi] => 
            [address] => 
            [vai_tro] => quan_tri_vien
            [ngay_tao] => 2025-11-18 21:30:54
        )

    [user_id] => 1
    [ten_dang_nhap] => admin
    [user_name] => Administrator
    [vai_tro] => quan_tri_vien
    [role] => admin
    [last_activity] => 1764787001
)

[04-Dec-2025 01:36:44 Asia/Ho_Chi_Minh] Admin authentication passed - loading orders
[04-Dec-2025 01:36:44 Asia/Ho_Chi_Minh] Orders count: 6
[04-Dec-2025 01:36:49 Asia/Ho_Chi_Minh] AdminController::orders() called
[04-Dec-2025 01:36:49 Asia/Ho_Chi_Minh] Session data: Array
(
    [user] => Array
        (
            [id] => 1
            [ma_nguoi_dung] => 1
            [ten_dang_nhap] => admin
            [ho_ten] => Administrator
            [name] => Administrator
            [email] => admin@bookstore.com
            [so_dien_thoai] => 
            [phone] => 
            [dia_chi] => 
            [address] => 
            [vai_tro] => quan_tri_vien
            [ngay_tao] => 2025-11-18 21:30:54
        )

    [user_id] => 1
    [ten_dang_nhap] => admin
    [user_name] => Administrator
    [vai_tro] => quan_tri_vien
    [role] => admin
    [last_activity] => 1764787004
)

[04-Dec-2025 01:36:49 Asia/Ho_Chi_Minh] Admin authentication passed - loading orders
[04-Dec-2025 01:36:49 Asia/Ho_Chi_Minh] Orders count: 6
[04-Dec-2025 01:36:53 Asia/Ho_Chi_Minh] AdminController::orders() called
[04-Dec-2025 01:36:53 Asia/Ho_Chi_Minh] Session data: Array
(
    [user] => Array
        (
            [id] => 1
            [ma_nguoi_dung] => 1
            [ten_dang_nhap] => admin
            [ho_ten] => Administrator
            [name] => Administrator
            [email] => admin@bookstore.com
            [so_dien_thoai] => 
            [phone] => 
            [dia_chi] => 
            [address] => 
            [vai_tro] => quan_tri_vien
            [ngay_tao] => 2025-11-18 21:30:54
        )

    [user_id] => 1
    [ten_dang_nhap] => admin
    [user_name] => Administrator
    [vai_tro] => quan_tri_vien
    [role] => admin
    [last_activity] => 1764787009
)

[04-Dec-2025 01:36:53 Asia/Ho_Chi_Minh] Admin authentication passed - loading orders
[04-Dec-2025 01:36:53 Asia/Ho_Chi_Minh] Orders count: 6
[04-Dec-2025 01:37:00 Asia/Ho_Chi_Minh] AdminController::orders() called
[04-Dec-2025 01:37:00 Asia/Ho_Chi_Minh] Session data: Array
(
    [user] => Array
        (
            [id] => 1
            [ma_nguoi_dung] => 1
            [ten_dang_nhap] => admin
            [ho_ten] => Administrator
            [name] => Administrator
            [email] => admin@bookstore.com
            [so_dien_thoai] => 
            [phone] => 
            [dia_chi] => 
            [address] => 
            [vai_tro] => quan_tri_vien
            [ngay_tao] => 2025-11-18 21:30:54
        )

    [user_id] => 1
    [ten_dang_nhap] => admin
    [user_name] => Administrator
    [vai_tro] => quan_tri_vien
    [role] => admin
    [last_activity] => 1764787013
)

[04-Dec-2025 01:37:00 Asia/Ho_Chi_Minh] Admin authentication passed - loading orders
[04-Dec-2025 01:37:00 Asia/Ho_Chi_Minh] Orders count: 6
[04-Dec-2025 01:37:00 Asia/Ho_Chi_Minh] AdminController::orders() called
[04-Dec-2025 01:37:00 Asia/Ho_Chi_Minh] Session data: Array
(
    [user] => Array
        (
            [id] => 1
            [ma_nguoi_dung] => 1
            [ten_dang_nhap] => admin
            [ho_ten] => Administrator
            [name] => Administrator
            [email] => admin@bookstore.com
            [so_dien_thoai] => 
            [phone] => 
            [dia_chi] => 
            [address] => 
            [vai_tro] => quan_tri_vien
            [ngay_tao] => 2025-11-18 21:30:54
        )

    [user_id] => 1
    [ten_dang_nhap] => admin
    [user_name] => Administrator
    [vai_tro] => quan_tri_vien
    [role] => admin
    [last_activity] => 1764787020
)

[04-Dec-2025 01:37:00 Asia/Ho_Chi_Minh] Admin authentication passed - loading orders
[04-Dec-2025 01:37:00 Asia/Ho_Chi_Minh] Orders count: 6
[04-Dec-2025 01:37:00 Asia/Ho_Chi_Minh] AdminController::orders() called
[04-Dec-2025 01:37:00 Asia/Ho_Chi_Minh] Session data: Array
(
    [user] => Array
        (
            [id] => 1
            [ma_nguoi_dung] => 1
            [ten_dang_nhap] => admin
            [ho_ten] => Administrator
            [name] => Administrator
            [email] => admin@bookstore.com
            [so_dien_thoai] => 
            [phone] => 
            [dia_chi] => 
            [address] => 
            [vai_tro] => quan_tri_vien
            [ngay_tao] => 2025-11-18 21:30:54
        )

    [user_id] => 1
    [ten_dang_nhap] => admin
    [user_name] => Administrator
    [vai_tro] => quan_tri_vien
    [role] => admin
    [last_activity] => 1764787020
)

[04-Dec-2025 01:37:00 Asia/Ho_Chi_Minh] Admin authentication passed - loading orders
[04-Dec-2025 01:37:00 Asia/Ho_Chi_Minh] Orders count: 6
[04-Dec-2025 01:37:00 Asia/Ho_Chi_Minh] AdminController::orders() called
[04-Dec-2025 01:37:00 Asia/Ho_Chi_Minh] Session data: Array
(
    [user] => Array
        (
            [id] => 1
            [ma_nguoi_dung] => 1
            [ten_dang_nhap] => admin
            [ho_ten] => Administrator
            [name] => Administrator
            [email] => admin@bookstore.com
            [so_dien_thoai] => 
            [phone] => 
            [dia_chi] => 
            [address] => 
            [vai_tro] => quan_tri_vien
            [ngay_tao] => 2025-11-18 21:30:54
        )

    [user_id] => 1
    [ten_dang_nhap] => admin
    [user_name] => Administrator
    [vai_tro] => quan_tri_vien
    [role] => admin
    [last_activity] => 1764787020
)

[04-Dec-2025 01:37:00 Asia/Ho_Chi_Minh] Admin authentication passed - loading orders
[04-Dec-2025 01:37:00 Asia/Ho_Chi_Minh] Orders count: 6
[04-Dec-2025 01:37:00 Asia/Ho_Chi_Minh] AdminController::orders() called
[04-Dec-2025 01:37:00 Asia/Ho_Chi_Minh] Session data: Array
(
    [user] => Array
        (
            [id] => 1
            [ma_nguoi_dung] => 1
            [ten_dang_nhap] => admin
            [ho_ten] => Administrator
            [name] => Administrator
            [email] => admin@bookstore.com
            [so_dien_thoai] => 
            [phone] => 
            [dia_chi] => 
            [address] => 
            [vai_tro] => quan_tri_vien
            [ngay_tao] => 2025-11-18 21:30:54
        )

    [user_id] => 1
    [ten_dang_nhap] => admin
    [user_name] => Administrator
    [vai_tro] => quan_tri_vien
    [role] => admin
    [last_activity] => 1764787020
)

[04-Dec-2025 01:37:00 Asia/Ho_Chi_Minh] Admin authentication passed - loading orders
[04-Dec-2025 01:37:01 Asia/Ho_Chi_Minh] Orders count: 6
[04-Dec-2025 01:37:11 Asia/Ho_Chi_Minh] AdminController::orders() called
[04-Dec-2025 01:37:11 Asia/Ho_Chi_Minh] Session data: Array
(
    [user] => Array
        (
            [id] => 1
            [ma_nguoi_dung] => 1
            [ten_dang_nhap] => admin
            [ho_ten] => Administrator
            [name] => Administrator
            [email] => admin@bookstore.com
            [so_dien_thoai] => 
            [phone] => 
            [dia_chi] => 
            [address] => 
            [vai_tro] => quan_tri_vien
            [ngay_tao] => 2025-11-18 21:30:54
        )

    [user_id] => 1
    [ten_dang_nhap] => admin
    [user_name] => Administrator
    [vai_tro] => quan_tri_vien
    [role] => admin
    [last_activity] => 1764787021
)

[04-Dec-2025 01:37:11 Asia/Ho_Chi_Minh] Admin authentication passed - loading orders
[04-Dec-2025 01:37:11 Asia/Ho_Chi_Minh] Orders count: 6
[04-Dec-2025 01:38:11 Asia/Ho_Chi_Minh] AdminController::users() called
[04-Dec-2025 01:38:11 Asia/Ho_Chi_Minh] Session data: Array
(
    [user] => Array
        (
            [id] => 1
            [ma_nguoi_dung] => 1
            [ten_dang_nhap] => admin
            [ho_ten] => Administrator
            [name] => Administrator
            [email] => admin@bookstore.com
            [so_dien_thoai] => 
            [phone] => 
            [dia_chi] => 
            [address] => 
            [vai_tro] => quan_tri_vien
            [ngay_tao] => 2025-11-18 21:30:54
        )

    [user_id] => 1
    [ten_dang_nhap] => admin
    [user_name] => Administrator
    [vai_tro] => quan_tri_vien
    [role] => admin
    [last_activity] => 1764787031
)

[04-Dec-2025 01:38:11 Asia/Ho_Chi_Minh] Admin authentication passed - loading users
[04-Dec-2025 01:38:11 Asia/Ho_Chi_Minh] Users count: 0
[04-Dec-2025 01:38:19 Asia/Ho_Chi_Minh] AdminController::categories() called
[04-Dec-2025 01:38:19 Asia/Ho_Chi_Minh] Session data: Array
(
    [user] => Array
        (
            [id] => 1
            [ma_nguoi_dung] => 1
            [ten_dang_nhap] => admin
            [ho_ten] => Administrator
            [name] => Administrator
            [email] => admin@bookstore.com
            [so_dien_thoai] => 
            [phone] => 
            [dia_chi] => 
            [address] => 
            [vai_tro] => quan_tri_vien
            [ngay_tao] => 2025-11-18 21:30:54
        )

    [user_id] => 1
    [ten_dang_nhap] => admin
    [user_name] => Administrator
    [vai_tro] => quan_tri_vien
    [role] => admin
    [last_activity] => 1764787091
)

[04-Dec-2025 01:38:19 Asia/Ho_Chi_Minh] Admin authentication passed - loading categories
[04-Dec-2025 01:38:20 Asia/Ho_Chi_Minh] Categories count: 11
[04-Dec-2025 01:38:22 Asia/Ho_Chi_Minh] AdminController::users() called
[04-Dec-2025 01:38:22 Asia/Ho_Chi_Minh] Session data: Array
(
    [user] => Array
        (
            [id] => 1
            [ma_nguoi_dung] => 1
            [ten_dang_nhap] => admin
            [ho_ten] => Administrator
            [name] => Administrator
            [email] => admin@bookstore.com
            [so_dien_thoai] => 
            [phone] => 
            [dia_chi] => 
            [address] => 
            [vai_tro] => quan_tri_vien
            [ngay_tao] => 2025-11-18 21:30:54
        )

    [user_id] => 1
    [ten_dang_nhap] => admin
    [user_name] => Administrator
    [vai_tro] => quan_tri_vien
    [role] => admin
    [last_activity] => 1764787100
)

[04-Dec-2025 01:38:22 Asia/Ho_Chi_Minh] Admin authentication passed - loading users
[04-Dec-2025 01:38:22 Asia/Ho_Chi_Minh] Users count: 0
[04-Dec-2025 01:38:24 Asia/Ho_Chi_Minh] AdminController::orders() called
[04-Dec-2025 01:38:24 Asia/Ho_Chi_Minh] Session data: Array
(
    [user] => Array
        (
            [id] => 1
            [ma_nguoi_dung] => 1
            [ten_dang_nhap] => admin
            [ho_ten] => Administrator
            [name] => Administrator
            [email] => admin@bookstore.com
            [so_dien_thoai] => 
            [phone] => 
            [dia_chi] => 
            [address] => 
            [vai_tro] => quan_tri_vien
            [ngay_tao] => 2025-11-18 21:30:54
        )

    [user_id] => 1
    [ten_dang_nhap] => admin
    [user_name] => Administrator
    [vai_tro] => quan_tri_vien
    [role] => admin
    [last_activity] => 1764787102
)

[04-Dec-2025 01:38:24 Asia/Ho_Chi_Minh] Admin authentication passed - loading orders
[04-Dec-2025 01:38:24 Asia/Ho_Chi_Minh] Orders count: 6
[04-Dec-2025 01:39:37 Asia/Ho_Chi_Minh] AdminController::orders() called
[04-Dec-2025 01:39:37 Asia/Ho_Chi_Minh] Session data: Array
(
    [user] => Array
        (
            [id] => 1
            [ma_nguoi_dung] => 1
            [ten_dang_nhap] => admin
            [ho_ten] => Administrator
            [name] => Administrator
            [email] => admin@bookstore.com
            [so_dien_thoai] => 
            [phone] => 
            [dia_chi] => 
            [address] => 
            [vai_tro] => quan_tri_vien
            [ngay_tao] => 2025-11-18 21:30:54
        )

    [user_id] => 1
    [ten_dang_nhap] => admin
    [user_name] => Administrator
    [vai_tro] => quan_tri_vien
    [role] => admin
    [last_activity] => 1764787104
)

[04-Dec-2025 01:39:37 Asia/Ho_Chi_Minh] Admin authentication passed - loading orders
[04-Dec-2025 01:39:37 Asia/Ho_Chi_Minh] Orders count: 6
[04-Dec-2025 01:39:39 Asia/Ho_Chi_Minh] AdminController::orders() called
[04-Dec-2025 01:39:39 Asia/Ho_Chi_Minh] Session data: Array
(
    [user] => Array
        (
            [id] => 1
            [ma_nguoi_dung] => 1
            [ten_dang_nhap] => admin
            [ho_ten] => Administrator
            [name] => Administrator
            [email] => admin@bookstore.com
            [so_dien_thoai] => 
            [phone] => 
            [dia_chi] => 
            [address] => 
            [vai_tro] => quan_tri_vien
            [ngay_tao] => 2025-11-18 21:30:54
        )

    [user_id] => 1
    [ten_dang_nhap] => admin
    [user_name] => Administrator
    [vai_tro] => quan_tri_vien
    [role] => admin
    [last_activity] => 1764787177
)

[04-Dec-2025 01:39:39 Asia/Ho_Chi_Minh] Admin authentication passed - loading orders
[04-Dec-2025 01:39:39 Asia/Ho_Chi_Minh] Orders count: 6
[04-Dec-2025 01:39:39 Asia/Ho_Chi_Minh] AdminController::orders() called
[04-Dec-2025 01:39:39 Asia/Ho_Chi_Minh] Session data: Array
(
    [user] => Array
        (
            [id] => 1
            [ma_nguoi_dung] => 1
            [ten_dang_nhap] => admin
            [ho_ten] => Administrator
            [name] => Administrator
            [email] => admin@bookstore.com
            [so_dien_thoai] => 
            [phone] => 
            [dia_chi] => 
            [address] => 
            [vai_tro] => quan_tri_vien
            [ngay_tao] => 2025-11-18 21:30:54
        )

    [user_id] => 1
    [ten_dang_nhap] => admin
    [user_name] => Administrator
    [vai_tro] => quan_tri_vien
    [role] => admin
    [last_activity] => 1764787179
)

[04-Dec-2025 01:39:39 Asia/Ho_Chi_Minh] Admin authentication passed - loading orders
[04-Dec-2025 01:39:39 Asia/Ho_Chi_Minh] Orders count: 6
[04-Dec-2025 01:39:39 Asia/Ho_Chi_Minh] AdminController::orders() called
[04-Dec-2025 01:39:39 Asia/Ho_Chi_Minh] Session data: Array
(
    [user] => Array
        (
            [id] => 1
            [ma_nguoi_dung] => 1
            [ten_dang_nhap] => admin
            [ho_ten] => Administrator
            [name] => Administrator
            [email] => admin@bookstore.com
            [so_dien_thoai] => 
            [phone] => 
            [dia_chi] => 
            [address] => 
            [vai_tro] => quan_tri_vien
            [ngay_tao] => 2025-11-18 21:30:54
        )

    [user_id] => 1
    [ten_dang_nhap] => admin
    [user_name] => Administrator
    [vai_tro] => quan_tri_vien
    [role] => admin
    [last_activity] => 1764787179
)

[04-Dec-2025 01:39:39 Asia/Ho_Chi_Minh] Admin authentication passed - loading orders
[04-Dec-2025 01:39:39 Asia/Ho_Chi_Minh] Orders count: 6
[04-Dec-2025 01:39:39 Asia/Ho_Chi_Minh] AdminController::orders() called
[04-Dec-2025 01:39:39 Asia/Ho_Chi_Minh] Session data: Array
(
    [user] => Array
        (
            [id] => 1
            [ma_nguoi_dung] => 1
            [ten_dang_nhap] => admin
            [ho_ten] => Administrator
            [name] => Administrator
            [email] => admin@bookstore.com
            [so_dien_thoai] => 
            [phone] => 
            [dia_chi] => 
            [address] => 
            [vai_tro] => quan_tri_vien
            [ngay_tao] => 2025-11-18 21:30:54
        )

    [user_id] => 1
    [ten_dang_nhap] => admin
    [user_name] => Administrator
    [vai_tro] => quan_tri_vien
    [role] => admin
    [last_activity] => 1764787179
)

[04-Dec-2025 01:39:39 Asia/Ho_Chi_Minh] Admin authentication passed - loading orders
[04-Dec-2025 01:39:39 Asia/Ho_Chi_Minh] Orders count: 6
[04-Dec-2025 01:39:45 Asia/Ho_Chi_Minh] AdminController::orders() called
[04-Dec-2025 01:39:45 Asia/Ho_Chi_Minh] Session data: Array
(
    [user] => Array
        (
            [id] => 1
            [ma_nguoi_dung] => 1
            [ten_dang_nhap] => admin
            [ho_ten] => Administrator
            [name] => Administrator
            [email] => admin@bookstore.com
            [so_dien_thoai] => 
            [phone] => 
            [dia_chi] => 
            [address] => 
            [vai_tro] => quan_tri_vien
            [ngay_tao] => 2025-11-18 21:30:54
        )

    [user_id] => 1
    [ten_dang_nhap] => admin
    [user_name] => Administrator
    [vai_tro] => quan_tri_vien
    [role] => admin
    [last_activity] => 1764787179
)

[04-Dec-2025 01:39:45 Asia/Ho_Chi_Minh] Admin authentication passed - loading orders
[04-Dec-2025 01:39:45 Asia/Ho_Chi_Minh] Orders count: 6
[04-Dec-2025 01:39:49 Asia/Ho_Chi_Minh] AdminController::users() called
[04-Dec-2025 01:39:49 Asia/Ho_Chi_Minh] Session data: Array
(
    [user] => Array
        (
            [id] => 1
            [ma_nguoi_dung] => 1
            [ten_dang_nhap] => admin
            [ho_ten] => Administrator
            [name] => Administrator
            [email] => admin@bookstore.com
            [so_dien_thoai] => 
            [phone] => 
            [dia_chi] => 
            [address] => 
            [vai_tro] => quan_tri_vien
            [ngay_tao] => 2025-11-18 21:30:54
        )

    [user_id] => 1
    [ten_dang_nhap] => admin
    [user_name] => Administrator
    [vai_tro] => quan_tri_vien
    [role] => admin
    [last_activity] => 1764787185
)

[04-Dec-2025 01:39:49 Asia/Ho_Chi_Minh] Admin authentication passed - loading users
[04-Dec-2025 01:39:49 Asia/Ho_Chi_Minh] Users count: 0
[04-Dec-2025 01:46:17 Asia/Ho_Chi_Minh] PHP Parse error:  syntax error, unexpected token "public", expecting end of file in C:\xampp\htdocs\bookstore\app\Controllers\AdminController.php on line 1134
[04-Dec-2025 01:58:00 Asia/Ho_Chi_Minh] PHP Fatal error:  Cannot redeclare App\Models\Voucher::getAll() in C:\xampp\htdocs\bookstore\app\Models\Voucher.php on line 178
[04-Dec-2025 01:58:01 Asia/Ho_Chi_Minh] PHP Fatal error:  Cannot redeclare App\Models\Voucher::getAll() in C:\xampp\htdocs\bookstore\app\Models\Voucher.php on line 178
[04-Dec-2025 01:59:27 Asia/Ho_Chi_Minh] AdminController::categories() called
[04-Dec-2025 01:59:27 Asia/Ho_Chi_Minh] Session data: Array
(
    [user] => Array
        (
            [id] => 1
            [ma_nguoi_dung] => 1
            [ten_dang_nhap] => admin
            [ho_ten] => Administrator
            [name] => Administrator
            [email] => admin@bookstore.com
            [so_dien_thoai] => 
            [phone] => 
            [dia_chi] => 
            [address] => 
            [vai_tro] => quan_tri_vien
            [ngay_tao] => 2025-11-18 21:30:54
        )

    [user_id] => 1
    [ten_dang_nhap] => admin
    [user_name] => Administrator
    [vai_tro] => quan_tri_vien
    [role] => admin
    [last_activity] => 1764788360
)

[04-Dec-2025 01:59:27 Asia/Ho_Chi_Minh] Admin authentication passed - loading categories
[04-Dec-2025 01:59:27 Asia/Ho_Chi_Minh] PHP Fatal error:  Uncaught Error: Class "App\Controllers\PDO" not found in C:\xampp\htdocs\bookstore\app\Controllers\AdminController.php:517
Stack trace:
#0 C:\xampp\htdocs\bookstore\public\index.php(184): App\Controllers\AdminController->categories()
#1 {main}
  thrown in C:\xampp\htdocs\bookstore\app\Controllers\AdminController.php on line 517
[04-Dec-2025 01:59:50 Asia/Ho_Chi_Minh] AdminController::categories() called
[04-Dec-2025 01:59:50 Asia/Ho_Chi_Minh] Session data: Array
(
    [user] => Array
        (
            [id] => 1
            [ma_nguoi_dung] => 1
            [ten_dang_nhap] => admin
            [ho_ten] => Administrator
            [name] => Administrator
            [email] => admin@bookstore.com
            [so_dien_thoai] => 
            [phone] => 
            [dia_chi] => 
            [address] => 
            [vai_tro] => quan_tri_vien
            [ngay_tao] => 2025-11-18 21:30:54
        )

    [user_id] => 1
    [ten_dang_nhap] => admin
    [user_name] => Administrator
    [vai_tro] => quan_tri_vien
    [role] => admin
    [last_activity] => 1764788360
)

[04-Dec-2025 01:59:50 Asia/Ho_Chi_Minh] Admin authentication passed - loading categories
[04-Dec-2025 01:59:50 Asia/Ho_Chi_Minh] Categories count: 11
[04-Dec-2025 02:02:21 Asia/Ho_Chi_Minh] PHP Fatal error:  Uncaught PDOException: SQLSTATE[42S22]: Column not found: 1054 Unknown column 'danh_muc_id' in 'where clause' in C:\xampp\htdocs\bookstore\app\Models\Category.php:88
Stack trace:
#0 C:\xampp\htdocs\bookstore\app\Models\Category.php(88): PDO->prepare('SELECT COUNT(*)...')
#1 C:\xampp\htdocs\bookstore\resources\views\admin\categories_list.php(43): App\Models\Category::getBookCount(5)
#2 C:\xampp\htdocs\bookstore\app\Helpers\View.php(25): include('C:\\xampp\\htdocs...')
#3 C:\xampp\htdocs\bookstore\app\Controllers\AdminController.php(478): App\Helpers\View::render('admin/categorie...', Array)
#4 C:\xampp\htdocs\bookstore\public\index.php(184): App\Controllers\AdminController->categories()
#5 {main}
  thrown in C:\xampp\htdocs\bookstore\app\Models\Category.php on line 88
[04-Dec-2025 02:05:48 Asia/Ho_Chi_Minh] Edit Category - ID: 12, Name: Thiếu nhi
[04-Dec-2025 02:05:48 Asia/Ho_Chi_Minh] Edit Category - Errors: Array
(
)

[04-Dec-2025 02:05:48 Asia/Ho_Chi_Minh] Edit Category - Success: 
[04-Dec-2025 02:05:52 Asia/Ho_Chi_Minh] Update Category - Starting with ID: 12
[04-Dec-2025 02:05:52 Asia/Ho_Chi_Minh] Update Category - POST data: Array
(
    [id] => 12
    [ten_danh_muc] => Thiếu nữ
)

[04-Dec-2025 02:05:52 Asia/Ho_Chi_Minh] Update Category - Data: Array
(
    [ten_danh_muc] => Thiếu nữ
)

[04-Dec-2025 02:05:52 Asia/Ho_Chi_Minh] Update Category - Validation errors: Array
(
)

[04-Dec-2025 02:05:52 Asia/Ho_Chi_Minh] Update Category - Success redirecting to categories
